"","Kingdom","Phylum","Class","Order","Family","Genus","Species"
"k__Bacteria|p__Actinomycetota|c__Actinomycetes|o__Propionibacteriales|f__Nocardioidaceae|g__Nocardioides|s__Nocardioides_sp_URHA0020","k__Bacteria","p__Actinomycetota","c__Actinomycetes","o__Propionibacteriales","f__Nocardioidaceae","g__Nocardioides","s__Nocardioides_sp_URHA0020"
"k__Bacteria|p__Actinomycetota|c__Actinomycetes|o__Micromonosporales|f__Micromonosporaceae|g__Paractinoplanes|s__Paractinoplanes_toevensis","k__Bacteria","p__Actinomycetota","c__Actinomycetes","o__Micromonosporales","f__Micromonosporaceae","g__Paractinoplanes","s__Paractinoplanes_toevensis"
"k__Bacteria|p__Pseudomonadota|c__Alphaproteobacteria|o__Hyphomicrobiales|f__Hyphomicrobiales_unclassified|g__Hyphomicrobiales_unclassified|s__Hyphomicrobiales_bacterium","k__Bacteria","p__Pseudomonadota","c__Alphaproteobacteria","o__Hyphomicrobiales","f__","g__","s__Hyphomicrobiales_bacterium"
"k__Bacteria|p__Pseudomonadota|c__Alphaproteobacteria|o__Hyphomicrobiales|f__Methylopilaceae|g__Hansschlegelia|s__Hansschlegelia_quercus","k__Bacteria","p__Pseudomonadota","c__Alphaproteobacteria","o__Hyphomicrobiales","f__Methylopilaceae","g__Hansschlegelia","s__Hansschlegelia_quercus"
"k__Bacteria|p__Pseudomonadota|c__Alphaproteobacteria|o__Hyphomicrobiales|f__Nitrobacteraceae|g__Bradyrhizobium|s__Bradyrhizobium_sp_134","k__Bacteria","p__Pseudomonadota","c__Alphaproteobacteria","o__Hyphomicrobiales","f__Nitrobacteraceae","g__Bradyrhizobium","s__Bradyrhizobium_sp_134"
"k__Bacteria|p__Actinomycetota|c__Actinomycetes|o__Micrococcales|f__Microbacteriaceae|g__Curtobacterium|s__Curtobacterium_salicis","k__Bacteria","p__Actinomycetota","c__Actinomycetes","o__Micrococcales","f__Microbacteriaceae","g__Curtobacterium","s__Curtobacterium_salicis"
"k__Bacteria|p__Pseudomonadota|c__Alphaproteobacteria|o__Caulobacterales|f__Caulobacteraceae|g__Brevundimonas|s__Brevundimonas_goettingensis","k__Bacteria","p__Pseudomonadota","c__Alphaproteobacteria","o__Caulobacterales","f__Caulobacteraceae","g__Brevundimonas","s__Brevundimonas_goettingensis"
"k__Bacteria|p__Pseudomonadota|c__Betaproteobacteria|o__Burkholderiales|f__Oxalobacteraceae|g__Massilia|s__Massilia_sp_Bi118","k__Bacteria","p__Pseudomonadota","c__Betaproteobacteria","o__Burkholderiales","f__Oxalobacteraceae","g__Massilia","s__Massilia_sp_Bi118"
"k__Bacteria|p__Pseudomonadota|c__Betaproteobacteria|o__Burkholderiales|f__Comamonadaceae|g__Variovorax|s__Variovorax_SGB99275","k__Bacteria","p__Pseudomonadota","c__Betaproteobacteria","o__Burkholderiales","f__Comamonadaceae","g__Variovorax","s__Variovorax_SGB99275"
"k__Bacteria|p__Pseudomonadota|c__Alphaproteobacteria|o__Hyphomicrobiales|f__Methylobacteriaceae|g__Methylobacterium|s__Methylobacterium_sp_77","k__Bacteria","p__Pseudomonadota","c__Alphaproteobacteria","o__Hyphomicrobiales","f__Methylobacteriaceae","g__Methylobacterium","s__Methylobacterium_sp_77"
"k__Bacteria|p__Bacteroidota|c__Cytophagia|o__Cytophagales|f__Cytophagaceae|g__Spirosoma|s__Spirosoma_endophyticum","k__Bacteria","p__Bacteroidota","c__Cytophagia","o__Cytophagales","f__Cytophagaceae","g__Spirosoma","s__Spirosoma_endophyticum"
"k__Bacteria|p__Pseudomonadota|c__Alphaproteobacteria|o__Hyphomicrobiales|f__Nitrobacteraceae|g__Tardiphaga|s__Tardiphaga_robiniae","k__Bacteria","p__Pseudomonadota","c__Alphaproteobacteria","o__Hyphomicrobiales","f__Nitrobacteraceae","g__Tardiphaga","s__Tardiphaga_robiniae"
"k__Bacteria|p__Pseudomonadota|c__Gammaproteobacteria|o__Pseudomonadales|f__Pseudomonadaceae|g__Pseudomonas|s__Pseudomonas_sp_JUb42","k__Bacteria","p__Pseudomonadota","c__Gammaproteobacteria","o__Pseudomonadales","f__Pseudomonadaceae","g__Pseudomonas","s__Pseudomonas_sp_JUb42"
"k__Bacteria|p__Actinomycetota|c__Actinomycetes|o__Kineosporiales|f__Kineosporiaceae|g__Kineococcus|s__Kineococcus_rubinsiae","k__Bacteria","p__Actinomycetota","c__Actinomycetes","o__Kineosporiales","f__Kineosporiaceae","g__Kineococcus","s__Kineococcus_rubinsiae"
"k__Bacteria|p__Pseudomonadota|c__Alphaproteobacteria|o__Rhodospirillales|f__Rhodospirillales_unclassified|g__Rhodospirillales_unclassified|s__Rhodospirillales_bacterium_TMPK1","k__Bacteria","p__Pseudomonadota","c__Alphaproteobacteria","o__Rhodospirillales","f__","g__","s__Rhodospirillales_bacterium_TMPK1"
"k__Bacteria|p__Pseudomonadota|c__Alphaproteobacteria|o__Hyphomicrobiales|f__Methylobacteriaceae|g__Methylobacterium|s__Methylobacterium_sp_PvR107","k__Bacteria","p__Pseudomonadota","c__Alphaproteobacteria","o__Hyphomicrobiales","f__Methylobacteriaceae","g__Methylobacterium","s__Methylobacterium_sp_PvR107"
"k__Bacteria|p__Pseudomonadota|c__Alphaproteobacteria|o__Hyphomicrobiales|f__Methylobacteriaceae|g__Methylobacterium|s__Methylobacterium_cerastii","k__Bacteria","p__Pseudomonadota","c__Alphaproteobacteria","o__Hyphomicrobiales","f__Methylobacteriaceae","g__Methylobacterium","s__Methylobacterium_cerastii"
"k__Bacteria|p__Pseudomonadota|c__Betaproteobacteria|o__Burkholderiales|f__Oxalobacteraceae|g__Herbaspirillum|s__Herbaspirillum_sp_SJZ107","k__Bacteria","p__Pseudomonadota","c__Betaproteobacteria","o__Burkholderiales","f__Oxalobacteraceae","g__Herbaspirillum","s__Herbaspirillum_sp_SJZ107"
"k__Bacteria|p__Planctomycetota|c__Planctomycetia|o__Isosphaerales|f__Isosphaeraceae|g__GGB69028|s__GGB69028_SGB93070","k__Bacteria","p__Planctomycetota","c__Planctomycetia","o__Isosphaerales","f__Isosphaeraceae","g__GGB69028","s__GGB69028_SGB93070"
"k__Bacteria|p__Bacteroidota|c__Cytophagia|o__Cytophagales|f__Cytophagaceae|g__Spirosoma|s__Spirosoma_radiotolerans","k__Bacteria","p__Bacteroidota","c__Cytophagia","o__Cytophagales","f__Cytophagaceae","g__Spirosoma","s__Spirosoma_radiotolerans"
"k__Bacteria|p__Pseudomonadota|c__Alphaproteobacteria|o__Acetobacterales|f__Roseomonadaceae|g__Dankookia|s__Dankookia_rubra","k__Bacteria","p__Pseudomonadota","c__Alphaproteobacteria","o__Acetobacterales","f__Roseomonadaceae","g__Dankookia","s__Dankookia_rubra"
"k__Bacteria|p__Bacteria_unclassified|c__Bacteria_unclassified|o__Bacteria_unclassified|f__Bacteria_unclassified|g__Bacteria_unclassified|s__bacterium","k__Bacteria","p__","c__","o__","f__","g__","s__bacterium"
"k__Bacteria|p__Actinomycetota|c__Actinomycetes|o__Geodermatophilales|f__Geodermatophilaceae|g__Geodermatophilaceae_unclassified|s__Geodermatophilaceae_bacterium_URHA0031","k__Bacteria","p__Actinomycetota","c__Actinomycetes","o__Geodermatophilales","f__Geodermatophilaceae","g__","s__Geodermatophilaceae_bacterium_URHA0031"
"k__Bacteria|p__Myxococcota|c__Myxococcota_unclassified|o__Polyangiales|f__Polyangiaceae|g__GGB78370|s__GGB78370_SGB107507","k__Bacteria","p__Myxococcota","c__","o__Polyangiales","f__Polyangiaceae","g__GGB78370","s__GGB78370_SGB107507"
"k__Bacteria|p__Pseudomonadota|c__Alphaproteobacteria|o__Hyphomicrobiales|f__Methylobacteriaceae|g__Methylobacterium|s__Methylobacterium_tardum","k__Bacteria","p__Pseudomonadota","c__Alphaproteobacteria","o__Hyphomicrobiales","f__Methylobacteriaceae","g__Methylobacterium","s__Methylobacterium_tardum"
"k__Bacteria|p__Actinomycetota|c__Actinomycetes|o__Mycobacteriales|f__Mycobacteriaceae|g__Mycolicibacterium|s__Mycolicibacterium_komossense","k__Bacteria","p__Actinomycetota","c__Actinomycetes","o__Mycobacteriales","f__Mycobacteriaceae","g__Mycolicibacterium","s__Mycolicibacterium_komossense"
"k__Bacteria|p__Pseudomonadota|c__Betaproteobacteria|o__Burkholderiales|f__Sphaerotilaceae|g__Scleromatobacter|s__Scleromatobacter_SGB108191","k__Bacteria","p__Pseudomonadota","c__Betaproteobacteria","o__Burkholderiales","f__Sphaerotilaceae","g__Scleromatobacter","s__Scleromatobacter_SGB108191"
"k__Bacteria|p__Pseudomonadota|c__Alphaproteobacteria|o__Sphingomonadales|f__Sphingomonadaceae|g__Sphingomonas|s__Sphingomonas_sp_QA11","k__Bacteria","p__Pseudomonadota","c__Alphaproteobacteria","o__Sphingomonadales","f__Sphingomonadaceae","g__Sphingomonas","s__Sphingomonas_sp_QA11"
"k__Bacteria|p__Actinomycetota|c__Actinomycetes|o__Micrococcales|f__Microbacteriaceae|g__GGB93855|s__GGB93855_SGB129683","k__Bacteria","p__Actinomycetota","c__Actinomycetes","o__Micrococcales","f__Microbacteriaceae","g__GGB93855","s__GGB93855_SGB129683"
"k__Bacteria|p__Pseudomonadota|c__Alphaproteobacteria|o__Acetobacterales|f__Acetobacteraceae|g__Paeniroseomonas|s__Paeniroseomonas_aquatica","k__Bacteria","p__Pseudomonadota","c__Alphaproteobacteria","o__Acetobacterales","f__Acetobacteraceae","g__Paeniroseomonas","s__Paeniroseomonas_aquatica"
"k__Bacteria|p__Pseudomonadota|c__Alphaproteobacteria|o__Hyphomicrobiales|f__Methylobacteriaceae|g__Methylobacterium|s__Methylobacterium_SGB107921","k__Bacteria","p__Pseudomonadota","c__Alphaproteobacteria","o__Hyphomicrobiales","f__Methylobacteriaceae","g__Methylobacterium","s__Methylobacterium_SGB107921"
"k__Bacteria|p__Bacteroidota|c__Flavobacteriia|o__Flavobacteriales|f__Crocinitomicaceae|g__GGB57654|s__GGB57654_SGB79253","k__Bacteria","p__Bacteroidota","c__Flavobacteriia","o__Flavobacteriales","f__Crocinitomicaceae","g__GGB57654","s__GGB57654_SGB79253"
"k__Bacteria|p__Pseudomonadota|c__Alphaproteobacteria|o__Hyphomicrobiales|f__Rhizobiaceae|g__Agrobacterium|s__Agrobacterium_rosae","k__Bacteria","p__Pseudomonadota","c__Alphaproteobacteria","o__Hyphomicrobiales","f__Rhizobiaceae","g__Agrobacterium","s__Agrobacterium_rosae"
"k__Bacteria|p__Pseudomonadota|c__Alphaproteobacteria|o__Hyphomicrobiales|f__Methylobacteriaceae|g__Methylobacterium|s__Methylobacterium_sp_Leaf86","k__Bacteria","p__Pseudomonadota","c__Alphaproteobacteria","o__Hyphomicrobiales","f__Methylobacteriaceae","g__Methylobacterium","s__Methylobacterium_sp_Leaf86"
"k__Bacteria|p__Pseudomonadota|c__Alphaproteobacteria|o__Hyphomicrobiales|f__Methylobacteriaceae|g__Methylobacterium|s__Methylobacterium_longum","k__Bacteria","p__Pseudomonadota","c__Alphaproteobacteria","o__Hyphomicrobiales","f__Methylobacteriaceae","g__Methylobacterium","s__Methylobacterium_longum"
"k__Bacteria|p__Pseudomonadota|c__Alphaproteobacteria|o__Hyphomicrobiales|f__Methylobacteriaceae|g__Methylobacterium|s__Methylobacterium_sp_WL2","k__Bacteria","p__Pseudomonadota","c__Alphaproteobacteria","o__Hyphomicrobiales","f__Methylobacteriaceae","g__Methylobacterium","s__Methylobacterium_sp_WL2"
"k__Bacteria|p__Actinomycetota|c__Actinomycetes|o__Pseudonocardiales|f__Pseudonocardiaceae|g__Pseudonocardia|s__Pseudonocardia_charpentierae","k__Bacteria","p__Actinomycetota","c__Actinomycetes","o__Pseudonocardiales","f__Pseudonocardiaceae","g__Pseudonocardia","s__Pseudonocardia_charpentierae"
"k__Bacteria|p__Pseudomonadota|c__Alphaproteobacteria|o__Hyphomicrobiales|f__Methylobacteriaceae|g__Methylobacterium|s__Methylobacterium_sp_Leaf104","k__Bacteria","p__Pseudomonadota","c__Alphaproteobacteria","o__Hyphomicrobiales","f__Methylobacteriaceae","g__Methylobacterium","s__Methylobacterium_sp_Leaf104"
"k__Bacteria|p__Pseudomonadota|c__Alphaproteobacteria|o__Hyphomicrobiales|f__Rhizobiaceae|g__Agrobacterium|s__Agrobacterium_tumefaciens","k__Bacteria","p__Pseudomonadota","c__Alphaproteobacteria","o__Hyphomicrobiales","f__Rhizobiaceae","g__Agrobacterium","s__Agrobacterium_tumefaciens"
"k__Bacteria|p__Pseudomonadota|c__Gammaproteobacteria|o__Pseudomonadales|f__Pseudomonadaceae|g__Pseudomonas|s__Pseudomonas_californiensis","k__Bacteria","p__Pseudomonadota","c__Gammaproteobacteria","o__Pseudomonadales","f__Pseudomonadaceae","g__Pseudomonas","s__Pseudomonas_californiensis"
"k__Bacteria|p__Bacteroidota|c__Sphingobacteriia|o__Sphingobacteriales|f__Sphingobacteriaceae|g__Mucilaginibacter|s__Mucilaginibacter_corticis","k__Bacteria","p__Bacteroidota","c__Sphingobacteriia","o__Sphingobacteriales","f__Sphingobacteriaceae","g__Mucilaginibacter","s__Mucilaginibacter_corticis"
"k__Bacteria|p__Pseudomonadota|c__Alphaproteobacteria|o__Hyphomicrobiales|f__Methylobacteriaceae|g__Methylobacterium|s__Methylobacterium_sp_Leaf100","k__Bacteria","p__Pseudomonadota","c__Alphaproteobacteria","o__Hyphomicrobiales","f__Methylobacteriaceae","g__Methylobacterium","s__Methylobacterium_sp_Leaf100"
"k__Bacteria|p__Pseudomonadota|c__Betaproteobacteria|o__Burkholderiales|f__Oxalobacteraceae|g__Massilia|s__Massilia_luteola","k__Bacteria","p__Pseudomonadota","c__Betaproteobacteria","o__Burkholderiales","f__Oxalobacteraceae","g__Massilia","s__Massilia_luteola"
"k__Bacteria|p__Actinomycetota|c__CFGB5329|o__OFGB5329|f__FGB5329|g__GGB93945|s__GGB93945_SGB129816","k__Bacteria","p__Actinomycetota","c__CFGB5329","o__OFGB5329","f__FGB5329","g__GGB93945","s__GGB93945_SGB129816"
"k__Bacteria|p__Pseudomonadota|c__Alphaproteobacteria|o__Hyphomicrobiales|f__Methylobacteriaceae|g__Methylobacterium|s__Methylobacterium_sp_Leaf125","k__Bacteria","p__Pseudomonadota","c__Alphaproteobacteria","o__Hyphomicrobiales","f__Methylobacteriaceae","g__Methylobacterium","s__Methylobacterium_sp_Leaf125"
"k__Bacteria|p__Pseudomonadota|c__Alphaproteobacteria|o__Hyphomicrobiales|f__Methylobacteriaceae|g__Methylobacterium|s__Methylobacterium_sp_37f","k__Bacteria","p__Pseudomonadota","c__Alphaproteobacteria","o__Hyphomicrobiales","f__Methylobacteriaceae","g__Methylobacterium","s__Methylobacterium_sp_37f"
"k__Bacteria|p__Actinomycetota|c__Thermoleophilia|o__Solirubrobacterales|f__Conexibacteraceae|g__Conexibacter|s__Conexibacter_woesei","k__Bacteria","p__Actinomycetota","c__Thermoleophilia","o__Solirubrobacterales","f__Conexibacteraceae","g__Conexibacter","s__Conexibacter_woesei"
"k__Bacteria|p__Actinomycetota|c__Actinomycetes|o__Geodermatophilales|f__Geodermatophilaceae|g__Modestobacter|s__Modestobacter_italicus","k__Bacteria","p__Actinomycetota","c__Actinomycetes","o__Geodermatophilales","f__Geodermatophilaceae","g__Modestobacter","s__Modestobacter_italicus"
"k__Bacteria|p__Pseudomonadota|c__Alphaproteobacteria|o__Acetobacterales|f__Roseomonadaceae|g__Belnapia|s__Belnapia_mucosa","k__Bacteria","p__Pseudomonadota","c__Alphaproteobacteria","o__Acetobacterales","f__Roseomonadaceae","g__Belnapia","s__Belnapia_mucosa"
"k__Bacteria|p__Actinomycetota|c__Actinomycetes|o__Kineosporiales|f__Kineosporiaceae|g__Kineococcus|s__Kineococcus_radiotolerans","k__Bacteria","p__Actinomycetota","c__Actinomycetes","o__Kineosporiales","f__Kineosporiaceae","g__Kineococcus","s__Kineococcus_radiotolerans"
"k__Bacteria|p__Pseudomonadota|c__Alphaproteobacteria|o__Hyphomicrobiales|f__Nitrobacteraceae|g__Bradyrhizobium|s__Bradyrhizobium_sp_132","k__Bacteria","p__Pseudomonadota","c__Alphaproteobacteria","o__Hyphomicrobiales","f__Nitrobacteraceae","g__Bradyrhizobium","s__Bradyrhizobium_sp_132"
"k__Bacteria|p__Pseudomonadota|c__Alphaproteobacteria|o__Rhodospirillales|f__Rhodospirillales_unclassified|g__Rhodospirillales_unclassified|s__Rhodospirillales_bacterium","k__Bacteria","p__Pseudomonadota","c__Alphaproteobacteria","o__Rhodospirillales","f__","g__","s__Rhodospirillales_bacterium"
"k__Bacteria|p__Actinomycetota|c__Actinomycetes|o__Kitasatosporales|f__Streptomycetaceae|g__GGB10267|s__GGB10267_SGB16515","k__Bacteria","p__Actinomycetota","c__Actinomycetes","o__Kitasatosporales","f__Streptomycetaceae","g__GGB10267","s__GGB10267_SGB16515"
"k__Bacteria|p__Pseudomonadota|c__Alphaproteobacteria|o__Sphingomonadales|f__Sphingomonadaceae|g__Sphingomonas|s__Sphingomonas_crusticola","k__Bacteria","p__Pseudomonadota","c__Alphaproteobacteria","o__Sphingomonadales","f__Sphingomonadaceae","g__Sphingomonas","s__Sphingomonas_crusticola"
"k__Bacteria|p__Thermomicrobiota|c__CFGB10236|o__OFGB10236|f__FGB10236|g__GGB68992|s__GGB68992_SGB93025","k__Bacteria","p__Thermomicrobiota","c__CFGB10236","o__OFGB10236","f__FGB10236","g__GGB68992","s__GGB68992_SGB93025"
"k__Bacteria|p__Pseudomonadota|c__Alphaproteobacteria|o__Caulobacterales|f__Caulobacteraceae|g__Asticcacaulis|s__Asticcacaulis_benevestitus","k__Bacteria","p__Pseudomonadota","c__Alphaproteobacteria","o__Caulobacterales","f__Caulobacteraceae","g__Asticcacaulis","s__Asticcacaulis_benevestitus"
"k__Bacteria|p__Pseudomonadota|c__Alphaproteobacteria|o__Hyphomicrobiales|f__Roseiarcaceae|g__Roseiarcaceae_unclassified|s__Roseiarcaceae_bacterium_H3SJ34_1","k__Bacteria","p__Pseudomonadota","c__Alphaproteobacteria","o__Hyphomicrobiales","f__Roseiarcaceae","g__","s__Roseiarcaceae_bacterium_H3SJ34_1"
"k__Bacteria|p__Pseudomonadota|c__Alphaproteobacteria|o__Hyphomicrobiales|f__Aurantimonadaceae|g__Aureimonas|s__Aureimonas_sp_Leaf427","k__Bacteria","p__Pseudomonadota","c__Alphaproteobacteria","o__Hyphomicrobiales","f__Aurantimonadaceae","g__Aureimonas","s__Aureimonas_sp_Leaf427"
"k__Bacteria|p__Pseudomonadota|c__Gammaproteobacteria|o__Pseudomonadales|f__Pseudomonadaceae|g__Pseudomonas|s__Pseudomonas_japonica","k__Bacteria","p__Pseudomonadota","c__Gammaproteobacteria","o__Pseudomonadales","f__Pseudomonadaceae","g__Pseudomonas","s__Pseudomonas_japonica"
"k__Bacteria|p__Pseudomonadota|c__Betaproteobacteria|o__Burkholderiales|f__Oxalobacteraceae|g__Pseudoduganella|s__Pseudoduganella_dura","k__Bacteria","p__Pseudomonadota","c__Betaproteobacteria","o__Burkholderiales","f__Oxalobacteraceae","g__Pseudoduganella","s__Pseudoduganella_dura"
"k__Bacteria|p__Pseudomonadota|c__Gammaproteobacteria|o__Pseudomonadales|f__Pseudomonadaceae|g__Pseudomonas|s__Pseudomonas_viridiflava","k__Bacteria","p__Pseudomonadota","c__Gammaproteobacteria","o__Pseudomonadales","f__Pseudomonadaceae","g__Pseudomonas","s__Pseudomonas_viridiflava"
"k__Bacteria|p__Pseudomonadota|c__Betaproteobacteria|o__Burkholderiales|f__Burkholderiales_unclassified|g__Aquabacterium|s__Aquabacterium_sp_J223","k__Bacteria","p__Pseudomonadota","c__Betaproteobacteria","o__Burkholderiales","f__","g__Aquabacterium","s__Aquabacterium_sp_J223"
"k__Bacteria|p__Pseudomonadota|c__Alphaproteobacteria|o__Hyphomicrobiales|f__Rhizobiaceae|g__Rhizobium|s__Rhizobium_skierniewicense","k__Bacteria","p__Pseudomonadota","c__Alphaproteobacteria","o__Hyphomicrobiales","f__Rhizobiaceae","g__Rhizobium","s__Rhizobium_skierniewicense"
"k__Bacteria|p__Pseudomonadota|c__Betaproteobacteria|o__Burkholderiales|f__Comamonadaceae|g__Variovorax|s__Variovorax_sp_OK202","k__Bacteria","p__Pseudomonadota","c__Betaproteobacteria","o__Burkholderiales","f__Comamonadaceae","g__Variovorax","s__Variovorax_sp_OK202"
"k__Bacteria|p__Pseudomonadota|c__Alphaproteobacteria|o__Hyphomicrobiales|f__Methylobacteriaceae|g__Methylobacterium|s__Methylobacterium_soli","k__Bacteria","p__Pseudomonadota","c__Alphaproteobacteria","o__Hyphomicrobiales","f__Methylobacteriaceae","g__Methylobacterium","s__Methylobacterium_soli"
"k__Bacteria|p__Pseudomonadota|c__Gammaproteobacteria|o__Pseudomonadales|f__Pseudomonadaceae|g__Pseudomonas|s__Pseudomonas_sp_Bc_h","k__Bacteria","p__Pseudomonadota","c__Gammaproteobacteria","o__Pseudomonadales","f__Pseudomonadaceae","g__Pseudomonas","s__Pseudomonas_sp_Bc_h"
"k__Bacteria|p__Pseudomonadota|c__Alphaproteobacteria|o__Sphingomonadales|f__Sphingomonadaceae|g__Sphingomonas|s__Sphingomonas_aliaeris","k__Bacteria","p__Pseudomonadota","c__Alphaproteobacteria","o__Sphingomonadales","f__Sphingomonadaceae","g__Sphingomonas","s__Sphingomonas_aliaeris"
"k__Bacteria|p__Pseudomonadota|c__Alphaproteobacteria|o__Sphingomonadales|f__Sphingomonadaceae|g__Sphingomonas|s__Sphingomonas_sp_GC_Shp_1","k__Bacteria","p__Pseudomonadota","c__Alphaproteobacteria","o__Sphingomonadales","f__Sphingomonadaceae","g__Sphingomonas","s__Sphingomonas_sp_GC_Shp_1"
"k__Bacteria|p__Actinomycetota|c__Thermoleophilia|o__Solirubrobacterales|f__Baekduiaceae|g__Baekduia|s__Baekduia_SGB73660","k__Bacteria","p__Actinomycetota","c__Thermoleophilia","o__Solirubrobacterales","f__Baekduiaceae","g__Baekduia","s__Baekduia_SGB73660"
"k__Bacteria|p__Actinomycetota|c__Actinomycetes|o__Micrococcales|f__Microbacteriaceae|g__Frondihabitans|s__Frondihabitans_sp_PhB188","k__Bacteria","p__Actinomycetota","c__Actinomycetes","o__Micrococcales","f__Microbacteriaceae","g__Frondihabitans","s__Frondihabitans_sp_PhB188"
"k__Bacteria|p__Actinomycetota|c__Actinomycetes|o__Micrococcales|f__Cellulomonadaceae|g__Cellulomonas|s__Cellulomonas_sp_PhB150","k__Bacteria","p__Actinomycetota","c__Actinomycetes","o__Micrococcales","f__Cellulomonadaceae","g__Cellulomonas","s__Cellulomonas_sp_PhB150"
"k__Bacteria|p__Actinomycetota|c__Actinomycetes|o__Propionibacteriales|f__Nocardioidaceae|g__Marmoricola|s__Marmoricola_sp_URHB0036","k__Bacteria","p__Actinomycetota","c__Actinomycetes","o__Propionibacteriales","f__Nocardioidaceae","g__Marmoricola","s__Marmoricola_sp_URHB0036"
"k__Bacteria|p__Cyanobacteriota|c__Cyanophyceae|o__Nostocales|f__Symphyonemataceae|g__Mastigocladopsis|s__Mastigocladopsis_SGB123020","k__Bacteria","p__Cyanobacteriota","c__Cyanophyceae","o__Nostocales","f__Symphyonemataceae","g__Mastigocladopsis","s__Mastigocladopsis_SGB123020"
"k__Bacteria|p__Bacteroidota|c__Sphingobacteriia|o__Sphingobacteriales|f__Sphingobacteriaceae|g__Mucilaginibacter|s__Mucilaginibacter_aquaedulcis","k__Bacteria","p__Bacteroidota","c__Sphingobacteriia","o__Sphingobacteriales","f__Sphingobacteriaceae","g__Mucilaginibacter","s__Mucilaginibacter_aquaedulcis"
"k__Bacteria|p__Actinomycetota|c__Actinomycetes|o__Propionibacteriales|f__Nocardioidaceae|g__Nocardioides|s__Nocardioides_sp_Root1257","k__Bacteria","p__Actinomycetota","c__Actinomycetes","o__Propionibacteriales","f__Nocardioidaceae","g__Nocardioides","s__Nocardioides_sp_Root1257"
"k__Bacteria|p__Pseudomonadota|c__Alphaproteobacteria|o__Hyphomicrobiales|f__Rhizobiaceae|g__Rhizobium|s__Rhizobium_sp_18055","k__Bacteria","p__Pseudomonadota","c__Alphaproteobacteria","o__Hyphomicrobiales","f__Rhizobiaceae","g__Rhizobium","s__Rhizobium_sp_18055"
"k__Bacteria|p__Pseudomonadota|c__Gammaproteobacteria|o__Pseudomonadales|f__Pseudomonadaceae|g__Pseudomonas|s__Pseudomonas_lutea","k__Bacteria","p__Pseudomonadota","c__Gammaproteobacteria","o__Pseudomonadales","f__Pseudomonadaceae","g__Pseudomonas","s__Pseudomonas_lutea"
"k__Bacteria|p__Pseudomonadota|c__Alphaproteobacteria|o__Acetobacterales|f__Acidocellaceae|g__Acidisoma|s__Acidisoma_sp_L85","k__Bacteria","p__Pseudomonadota","c__Alphaproteobacteria","o__Acetobacterales","f__Acidocellaceae","g__Acidisoma","s__Acidisoma_sp_L85"
"k__Bacteria|p__Pseudomonadota|c__Betaproteobacteria|o__Burkholderiales|f__Burkholderiaceae|g__Caballeronia|s__Caballeronia_humi","k__Bacteria","p__Pseudomonadota","c__Betaproteobacteria","o__Burkholderiales","f__Burkholderiaceae","g__Caballeronia","s__Caballeronia_humi"
"k__Bacteria|p__Actinomycetota|c__Actinomycetes|o__Geodermatophilales|f__Geodermatophilaceae|g__Petropleomorpha|s__Petropleomorpha_daqingensis","k__Bacteria","p__Actinomycetota","c__Actinomycetes","o__Geodermatophilales","f__Geodermatophilaceae","g__Petropleomorpha","s__Petropleomorpha_daqingensis"
"k__Bacteria|p__Pseudomonadota|c__Betaproteobacteria|o__Burkholderiales|f__Burkholderiaceae|g__Caballeronia|s__Caballeronia_terrestris","k__Bacteria","p__Pseudomonadota","c__Betaproteobacteria","o__Burkholderiales","f__Burkholderiaceae","g__Caballeronia","s__Caballeronia_terrestris"
"k__Bacteria|p__Actinomycetota|c__Actinomycetes|o__Micrococcales|f__Microbacteriaceae|g__Leifsonia|s__Leifsonia_poae","k__Bacteria","p__Actinomycetota","c__Actinomycetes","o__Micrococcales","f__Microbacteriaceae","g__Leifsonia","s__Leifsonia_poae"
"k__Bacteria|p__Actinomycetota|c__Actinomycetes|o__Propionibacteriales|f__Propionibacteriaceae|g__GGB71872|s__GGB71872_SGB98877","k__Bacteria","p__Actinomycetota","c__Actinomycetes","o__Propionibacteriales","f__Propionibacteriaceae","g__GGB71872","s__GGB71872_SGB98877"
"k__Bacteria|p__Actinomycetota|c__Acidimicrobiia|o__Acidimicrobiales|f__Iamiaceae|g__Aquihabitans|s__Aquihabitans_sp_G128","k__Bacteria","p__Actinomycetota","c__Acidimicrobiia","o__Acidimicrobiales","f__Iamiaceae","g__Aquihabitans","s__Aquihabitans_sp_G128"
"k__Bacteria|p__Actinomycetota|c__Actinomycetes|o__Propionibacteriales|f__Propionibacteriaceae|g__Microlunatus|s__Microlunatus_antarcticus","k__Bacteria","p__Actinomycetota","c__Actinomycetes","o__Propionibacteriales","f__Propionibacteriaceae","g__Microlunatus","s__Microlunatus_antarcticus"
"k__Bacteria|p__Actinomycetota|c__Actinomycetes|o__Micromonosporales|f__Micromonosporaceae|g__Actinoplanes|s__Actinoplanes_liguriensis","k__Bacteria","p__Actinomycetota","c__Actinomycetes","o__Micromonosporales","f__Micromonosporaceae","g__Actinoplanes","s__Actinoplanes_liguriensis"
"k__Bacteria|p__Bacteroidota|c__Sphingobacteriia|o__Sphingobacteriales|f__Sphingobacteriaceae|g__Pedobacter|s__Pedobacter_sp_Leaf194","k__Bacteria","p__Bacteroidota","c__Sphingobacteriia","o__Sphingobacteriales","f__Sphingobacteriaceae","g__Pedobacter","s__Pedobacter_sp_Leaf194"
"k__Bacteria|p__Bacteroidota|c__Cytophagia|o__Cytophagales|f__Cytophagaceae|g__Spirosoma|s__Spirosoma_pollinicola","k__Bacteria","p__Bacteroidota","c__Cytophagia","o__Cytophagales","f__Cytophagaceae","g__Spirosoma","s__Spirosoma_pollinicola"
"k__Bacteria|p__Actinomycetota|c__Actinomycetes|o__Micrococcales|f__Microbacteriaceae|g__Naasia|s__Naasia_lichenicola","k__Bacteria","p__Actinomycetota","c__Actinomycetes","o__Micrococcales","f__Microbacteriaceae","g__Naasia","s__Naasia_lichenicola"
"k__Bacteria|p__Bacteroidota|c__Chitinophagia|o__Chitinophagales|f__Chitinophagaceae|g__Taibaiella|s__Taibaiella_lutea","k__Bacteria","p__Bacteroidota","c__Chitinophagia","o__Chitinophagales","f__Chitinophagaceae","g__Taibaiella","s__Taibaiella_lutea"
"k__Bacteria|p__Actinomycetota|c__Actinomycetes|o__Micrococcales|f__Micrococcaceae|g__Arthrobacter|s__Arthrobacter_agilis","k__Bacteria","p__Actinomycetota","c__Actinomycetes","o__Micrococcales","f__Micrococcaceae","g__Arthrobacter","s__Arthrobacter_agilis"
"k__Bacteria|p__Myxococcota|c__Myxococcota_unclassified|o__Nannocystales|f__Nannocystaceae|g__GGB78376|s__GGB78376_SGB107493","k__Bacteria","p__Myxococcota","c__","o__Nannocystales","f__Nannocystaceae","g__GGB78376","s__GGB78376_SGB107493"
"k__Bacteria|p__Actinomycetota|c__Actinomycetes|o__Micrococcales|f__Micrococcaceae|g__Arthrobacter|s__Arthrobacter_burdickii","k__Bacteria","p__Actinomycetota","c__Actinomycetes","o__Micrococcales","f__Micrococcaceae","g__Arthrobacter","s__Arthrobacter_burdickii"
"k__Bacteria|p__Actinomycetota|c__Actinomycetes|o__Micrococcales|f__Micrococcaceae|g__Arthrobacter|s__Arthrobacter_sp_B3I9","k__Bacteria","p__Actinomycetota","c__Actinomycetes","o__Micrococcales","f__Micrococcaceae","g__Arthrobacter","s__Arthrobacter_sp_B3I9"
"k__Bacteria|p__Actinomycetota|c__Actinomycetes|o__Kitasatosporales|f__Streptomycetaceae|g__GGB94053|s__GGB94053_SGB130511","k__Bacteria","p__Actinomycetota","c__Actinomycetes","o__Kitasatosporales","f__Streptomycetaceae","g__GGB94053","s__GGB94053_SGB130511"
"k__Bacteria|p__Actinomycetota|c__Actinomycetes|o__Micrococcales|f__Micrococcaceae|g__Arthrobacter|s__Arthrobacter_bussei","k__Bacteria","p__Actinomycetota","c__Actinomycetes","o__Micrococcales","f__Micrococcaceae","g__Arthrobacter","s__Arthrobacter_bussei"
"k__Bacteria|p__Actinomycetota|c__Actinomycetes|o__Micrococcales|f__Microbacteriaceae|g__Rathayibacter|s__Rathayibacter_caricis","k__Bacteria","p__Actinomycetota","c__Actinomycetes","o__Micrococcales","f__Microbacteriaceae","g__Rathayibacter","s__Rathayibacter_caricis"
"k__Bacteria|p__Pseudomonadota|c__Alphaproteobacteria|o__Hyphomicrobiales|f__Aurantimonadaceae|g__Aureimonas|s__Aureimonas_sp_Leaf454","k__Bacteria","p__Pseudomonadota","c__Alphaproteobacteria","o__Hyphomicrobiales","f__Aurantimonadaceae","g__Aureimonas","s__Aureimonas_sp_Leaf454"
"k__Bacteria|p__Bacteroidota|c__Flavobacteriia|o__Flavobacteriales|f__Flavobacteriaceae|g__Flavobacterium|s__Flavobacterium_zepuense","k__Bacteria","p__Bacteroidota","c__Flavobacteriia","o__Flavobacteriales","f__Flavobacteriaceae","g__Flavobacterium","s__Flavobacterium_zepuense"
"k__Bacteria|p__Actinomycetota|c__Actinomycetes|o__Mycobacteriales|f__Nocardiaceae|g__Rhodococcus|s__Rhodococcus_sp_Leaf247","k__Bacteria","p__Actinomycetota","c__Actinomycetes","o__Mycobacteriales","f__Nocardiaceae","g__Rhodococcus","s__Rhodococcus_sp_Leaf247"
"k__Bacteria|p__Pseudomonadota|c__Alphaproteobacteria|o__Rhodospirillales|f__Azospirillaceae|g__Skermanella|s__Skermanella_aerolata","k__Bacteria","p__Pseudomonadota","c__Alphaproteobacteria","o__Rhodospirillales","f__Azospirillaceae","g__Skermanella","s__Skermanella_aerolata"
"k__Bacteria|p__Gemmatimonadota|c__Longimicrobiia|o__Longimicrobiales|f__Longimicrobiaceae|g__Longimicrobium|s__Longimicrobium_terrae","k__Bacteria","p__Gemmatimonadota","c__Longimicrobiia","o__Longimicrobiales","f__Longimicrobiaceae","g__Longimicrobium","s__Longimicrobium_terrae"
"k__Bacteria|p__Actinomycetota|c__Actinomycetes|o__Mycobacteriales|f__Nocardiaceae|g__Williamsia|s__Williamsia_maris","k__Bacteria","p__Actinomycetota","c__Actinomycetes","o__Mycobacteriales","f__Nocardiaceae","g__Williamsia","s__Williamsia_maris"
"k__Bacteria|p__Actinomycetota|c__Actinomycetes|o__Geodermatophilales|f__Geodermatophilaceae|g__Klenkia|s__Klenkia_terrae","k__Bacteria","p__Actinomycetota","c__Actinomycetes","o__Geodermatophilales","f__Geodermatophilaceae","g__Klenkia","s__Klenkia_terrae"
"k__Bacteria|p__Pseudomonadota|c__Betaproteobacteria|o__Burkholderiales|f__Comamonadaceae|g__Acidovorax|s__Acidovorax_sp_Root217","k__Bacteria","p__Pseudomonadota","c__Betaproteobacteria","o__Burkholderiales","f__Comamonadaceae","g__Acidovorax","s__Acidovorax_sp_Root217"
"k__Bacteria|p__Pseudomonadota|c__Alphaproteobacteria|o__Hyphomicrobiales|f__Rhizobiaceae|g__Neorhizobium|s__Neorhizobium_xiangyangii","k__Bacteria","p__Pseudomonadota","c__Alphaproteobacteria","o__Hyphomicrobiales","f__Rhizobiaceae","g__Neorhizobium","s__Neorhizobium_xiangyangii"
"k__Bacteria|p__Pseudomonadota|c__Alphaproteobacteria|o__Hyphomicrobiales|f__Rhizobiaceae|g__Pararhizobium|s__Pararhizobium_qamdonense","k__Bacteria","p__Pseudomonadota","c__Alphaproteobacteria","o__Hyphomicrobiales","f__Rhizobiaceae","g__Pararhizobium","s__Pararhizobium_qamdonense"
"k__Bacteria|p__Pseudomonadota|c__Gammaproteobacteria|o__Pseudomonadales|f__Pseudomonadaceae|g__Pseudomonas|s__Pseudomonas_edaphica","k__Bacteria","p__Pseudomonadota","c__Gammaproteobacteria","o__Pseudomonadales","f__Pseudomonadaceae","g__Pseudomonas","s__Pseudomonas_edaphica"
"k__Bacteria|p__Actinomycetota|c__Actinomycetes|o__Micromonosporales|f__Micromonosporaceae|g__Actinoplanes|s__Actinoplanes_awajinensis","k__Bacteria","p__Actinomycetota","c__Actinomycetes","o__Micromonosporales","f__Micromonosporaceae","g__Actinoplanes","s__Actinoplanes_awajinensis"
"k__Bacteria|p__Pseudomonadota|c__Alphaproteobacteria|o__Sphingomonadales|f__Sphingomonadaceae|g__Sphingomonas|s__Sphingomonas_ursincola","k__Bacteria","p__Pseudomonadota","c__Alphaproteobacteria","o__Sphingomonadales","f__Sphingomonadaceae","g__Sphingomonas","s__Sphingomonas_ursincola"
"k__Bacteria|p__Bacteroidota|c__Cytophagia|o__Cytophagales|f__Hymenobacteraceae|g__Hymenobacter|s__Hymenobacter_negativus","k__Bacteria","p__Bacteroidota","c__Cytophagia","o__Cytophagales","f__Hymenobacteraceae","g__Hymenobacter","s__Hymenobacter_negativus"
"k__Bacteria|p__Actinomycetota|c__Actinomycetes|o__Micrococcales|f__Microbacteriaceae|g__GGB15691|s__GGB15691_SGB175212","k__Bacteria","p__Actinomycetota","c__Actinomycetes","o__Micrococcales","f__Microbacteriaceae","g__GGB15691","s__GGB15691_SGB175212"
"k__Bacteria|p__Pseudomonadota|c__Gammaproteobacteria|o__Enterobacterales|f__Yersiniaceae|g__Rahnella|s__Rahnella_victoriana","k__Bacteria","p__Pseudomonadota","c__Gammaproteobacteria","o__Enterobacterales","f__Yersiniaceae","g__Rahnella","s__Rahnella_victoriana"
"k__Bacteria|p__Pseudomonadota|c__Alphaproteobacteria|o__Acetobacterales|f__Roseomonadaceae|g__Roseococcus|s__Roseococcus_sp_SYP_B2431","k__Bacteria","p__Pseudomonadota","c__Alphaproteobacteria","o__Acetobacterales","f__Roseomonadaceae","g__Roseococcus","s__Roseococcus_sp_SYP_B2431"
"k__Bacteria|p__Bacteroidota|c__Flavobacteriia|o__Flavobacteriales|f__Flavobacteriaceae|g__Flavobacterium|s__Flavobacterium_psychroterrae","k__Bacteria","p__Bacteroidota","c__Flavobacteriia","o__Flavobacteriales","f__Flavobacteriaceae","g__Flavobacterium","s__Flavobacterium_psychroterrae"
"k__Bacteria|p__Bacteroidota|c__Sphingobacteriia|o__Sphingobacteriales|f__Sphingobacteriaceae|g__Mucilaginibacter|s__Mucilaginibacter_psychrotolerans","k__Bacteria","p__Bacteroidota","c__Sphingobacteriia","o__Sphingobacteriales","f__Sphingobacteriaceae","g__Mucilaginibacter","s__Mucilaginibacter_psychrotolerans"
"k__Bacteria|p__Bacteroidota|c__Sphingobacteriia|o__Sphingobacteriales|f__Sphingobacteriaceae|g__Pedobacter|s__Pedobacter_rhodius","k__Bacteria","p__Bacteroidota","c__Sphingobacteriia","o__Sphingobacteriales","f__Sphingobacteriaceae","g__Pedobacter","s__Pedobacter_rhodius"
"k__Bacteria|p__Bacteroidota|c__Sphingobacteriia|o__Sphingobacteriales|f__Sphingobacteriaceae|g__Mucilaginibacter|s__Mucilaginibacter_phenanthrenivorans","k__Bacteria","p__Bacteroidota","c__Sphingobacteriia","o__Sphingobacteriales","f__Sphingobacteriaceae","g__Mucilaginibacter","s__Mucilaginibacter_phenanthrenivorans"
"k__Bacteria|p__Bacteroidota|c__Flavobacteriia|o__Flavobacteriales|f__Flavobacteriaceae|g__Flavobacterium|s__Flavobacterium_rivuli","k__Bacteria","p__Bacteroidota","c__Flavobacteriia","o__Flavobacteriales","f__Flavobacteriaceae","g__Flavobacterium","s__Flavobacterium_rivuli"
"k__Bacteria|p__Pseudomonadota|c__CFGB40736|o__OFGB40736|f__FGB40736|g__GGB96080|s__GGB96080_SGB200439","k__Bacteria","p__Pseudomonadota","c__CFGB40736","o__OFGB40736","f__FGB40736","g__GGB96080","s__GGB96080_SGB200439"
"k__Bacteria|p__Bacteroidota|c__Flavobacteriia|o__Flavobacteriales|f__Flavobacteriaceae|g__Flavobacterium|s__Flavobacterium_sp_270","k__Bacteria","p__Bacteroidota","c__Flavobacteriia","o__Flavobacteriales","f__Flavobacteriaceae","g__Flavobacterium","s__Flavobacterium_sp_270"
"k__Bacteria|p__Pseudomonadota|c__Alphaproteobacteria|o__Micropepsales|f__Micropepsaceae|g__GGB65925|s__GGB65925_SGB132546","k__Bacteria","p__Pseudomonadota","c__Alphaproteobacteria","o__Micropepsales","f__Micropepsaceae","g__GGB65925","s__GGB65925_SGB132546"
"k__Bacteria|p__Actinomycetota|c__Actinomycetes|o__Micrococcales|f__Micrococcaceae|g__Pseudarthrobacter|s__Pseudarthrobacter_sulfonivorans","k__Bacteria","p__Actinomycetota","c__Actinomycetes","o__Micrococcales","f__Micrococcaceae","g__Pseudarthrobacter","s__Pseudarthrobacter_sulfonivorans"
"k__Bacteria|p__Planctomycetota|c__Planctomycetia|o__Gemmatales|f__Gemmataceae|g__Gemmata|s__Gemmata_palustris","k__Bacteria","p__Planctomycetota","c__Planctomycetia","o__Gemmatales","f__Gemmataceae","g__Gemmata","s__Gemmata_palustris"
"k__Bacteria|p__Pseudomonadota|c__Betaproteobacteria|o__Burkholderiales|f__Burkholderiales_unclassified|g__Aquabacterium|s__Aquabacterium_sp_CECT_9606","k__Bacteria","p__Pseudomonadota","c__Betaproteobacteria","o__Burkholderiales","f__","g__Aquabacterium","s__Aquabacterium_sp_CECT_9606"
"k__Bacteria|p__Pseudomonadota|c__Alphaproteobacteria|o__Hyphomicrobiales|f__Phyllobacteriaceae|g__Mesorhizobium|s__Mesorhizobium_sp_L103C105A0","k__Bacteria","p__Pseudomonadota","c__Alphaproteobacteria","o__Hyphomicrobiales","f__Phyllobacteriaceae","g__Mesorhizobium","s__Mesorhizobium_sp_L103C105A0"
"k__Bacteria|p__Pseudomonadota|c__Alphaproteobacteria|o__Hyphomicrobiales|f__Nitrobacteraceae|g__Bradyrhizobium|s__Bradyrhizobium_canariense","k__Bacteria","p__Pseudomonadota","c__Alphaproteobacteria","o__Hyphomicrobiales","f__Nitrobacteraceae","g__Bradyrhizobium","s__Bradyrhizobium_canariense"
"k__Bacteria|p__Pseudomonadota|c__Alphaproteobacteria|o__Sphingomonadales|f__Sphingomonadaceae|g__Sphingomonas|s__Sphingomonas_sp_URHD0057","k__Bacteria","p__Pseudomonadota","c__Alphaproteobacteria","o__Sphingomonadales","f__Sphingomonadaceae","g__Sphingomonas","s__Sphingomonas_sp_URHD0057"
"k__Bacteria|p__Pseudomonadota|c__Betaproteobacteria|o__Burkholderiales|f__Comamonadaceae|g__Variovorax|s__Variovorax_sp_CY25R_8","k__Bacteria","p__Pseudomonadota","c__Betaproteobacteria","o__Burkholderiales","f__Comamonadaceae","g__Variovorax","s__Variovorax_sp_CY25R_8"
"k__Bacteria|p__Actinomycetota|c__Actinomycetes|o__Micrococcales|f__Micrococcaceae|g__Pseudarthrobacter|s__Pseudarthrobacter_albicanus","k__Bacteria","p__Actinomycetota","c__Actinomycetes","o__Micrococcales","f__Micrococcaceae","g__Pseudarthrobacter","s__Pseudarthrobacter_albicanus"
"k__Bacteria|p__Bacteroidota|c__Sphingobacteriia|o__Sphingobacteriales|f__Sphingobacteriaceae|g__Pedobacter|s__Pedobacter_aquatilis","k__Bacteria","p__Bacteroidota","c__Sphingobacteriia","o__Sphingobacteriales","f__Sphingobacteriaceae","g__Pedobacter","s__Pedobacter_aquatilis"
"k__Bacteria|p__Pseudomonadota|c__Alphaproteobacteria|o__Sphingomonadales|f__Sphingomonadaceae|g__Novosphingobium|s__Novosphingobium_sp_G106","k__Bacteria","p__Pseudomonadota","c__Alphaproteobacteria","o__Sphingomonadales","f__Sphingomonadaceae","g__Novosphingobium","s__Novosphingobium_sp_G106"
"k__Bacteria|p__Planctomycetota|c__CFGB80449|o__OFGB80449|f__FGB80449|g__GGB89401|s__GGB89401_SGB185784","k__Bacteria","p__Planctomycetota","c__CFGB80449","o__OFGB80449","f__FGB80449","g__GGB89401","s__GGB89401_SGB185784"
"k__Bacteria|p__Pseudomonadota|c__Alphaproteobacteria|o__Hyphomicrobiales|f__Nitrobacteraceae|g__GGB92602|s__GGB92602_SGB133322","k__Bacteria","p__Pseudomonadota","c__Alphaproteobacteria","o__Hyphomicrobiales","f__Nitrobacteraceae","g__GGB92602","s__GGB92602_SGB133322"
"k__Bacteria|p__Pseudomonadota|c__Betaproteobacteria|o__Burkholderiales|f__Burkholderiaceae|g__Caballeronia|s__Caballeronia_grimmiae","k__Bacteria","p__Pseudomonadota","c__Betaproteobacteria","o__Burkholderiales","f__Burkholderiaceae","g__Caballeronia","s__Caballeronia_grimmiae"
"k__Bacteria|p__Pseudomonadota|c__Betaproteobacteria|o__Burkholderiales|f__Oxalobacteraceae|g__Massilia|s__Massilia_sp_CF038","k__Bacteria","p__Pseudomonadota","c__Betaproteobacteria","o__Burkholderiales","f__Oxalobacteraceae","g__Massilia","s__Massilia_sp_CF038"
"k__Bacteria|p__Actinomycetota|c__Actinomycetes|o__Micrococcales|f__Micrococcaceae|g__Arthrobacter|s__Arthrobacter_sp_ov118","k__Bacteria","p__Actinomycetota","c__Actinomycetes","o__Micrococcales","f__Micrococcaceae","g__Arthrobacter","s__Arthrobacter_sp_ov118"
"k__Bacteria|p__Actinomycetota|c__Actinomycetes|o__Propionibacteriales|f__Nocardioidaceae|g__Nocardioides|s__Nocardioides_panacis","k__Bacteria","p__Actinomycetota","c__Actinomycetes","o__Propionibacteriales","f__Nocardioidaceae","g__Nocardioides","s__Nocardioides_panacis"
"k__Bacteria|p__Pseudomonadota|c__Betaproteobacteria|o__Burkholderiales|f__Oxalobacteraceae|g__Herbaspirillum|s__Herbaspirillum_sp_3R11","k__Bacteria","p__Pseudomonadota","c__Betaproteobacteria","o__Burkholderiales","f__Oxalobacteraceae","g__Herbaspirillum","s__Herbaspirillum_sp_3R11"
"k__Bacteria|p__Pseudomonadota|c__Betaproteobacteria|o__Burkholderiales|f__Comamonadaceae|g__GGB65405|s__GGB65405_SGB134585","k__Bacteria","p__Pseudomonadota","c__Betaproteobacteria","o__Burkholderiales","f__Comamonadaceae","g__GGB65405","s__GGB65405_SGB134585"
"k__Bacteria|p__Pseudomonadota|c__Betaproteobacteria|o__Burkholderiales|f__Sphaerotilaceae|g__Piscinibacter|s__Piscinibacter_gummiphilus","k__Bacteria","p__Pseudomonadota","c__Betaproteobacteria","o__Burkholderiales","f__Sphaerotilaceae","g__Piscinibacter","s__Piscinibacter_gummiphilus"
"k__Bacteria|p__Pseudomonadota|c__Betaproteobacteria|o__Burkholderiales|f__Burkholderiaceae|g__Caballeronia|s__Caballeronia_sp_dw_276","k__Bacteria","p__Pseudomonadota","c__Betaproteobacteria","o__Burkholderiales","f__Burkholderiaceae","g__Caballeronia","s__Caballeronia_sp_dw_276"
"k__Bacteria|p__Cyanobacteriota|c__Cyanophyceae|o__Oscillatoriales|f__Microcoleaceae|g__Tychonema|s__Tychonema_SGB91063","k__Bacteria","p__Cyanobacteriota","c__Cyanophyceae","o__Oscillatoriales","f__Microcoleaceae","g__Tychonema","s__Tychonema_SGB91063"
"k__Bacteria|p__Actinomycetota|c__Actinomycetes|o__Micrococcales|f__Microbacteriaceae|g__Leifsonia|s__Leifsonia_sp_Root60","k__Bacteria","p__Actinomycetota","c__Actinomycetes","o__Micrococcales","f__Microbacteriaceae","g__Leifsonia","s__Leifsonia_sp_Root60"
"k__Bacteria|p__Pseudomonadota|c__Alphaproteobacteria|o__Hyphomicrobiales|f__Rhizobiaceae|g__Rhizobium|s__Rhizobium_sp_Leaf371","k__Bacteria","p__Pseudomonadota","c__Alphaproteobacteria","o__Hyphomicrobiales","f__Rhizobiaceae","g__Rhizobium","s__Rhizobium_sp_Leaf371"
"k__Bacteria|p__Pseudomonadota|c__Gammaproteobacteria|o__Lysobacterales|f__Lysobacteraceae|g__Xanthomonas|s__Xanthomonas_campestris","k__Bacteria","p__Pseudomonadota","c__Gammaproteobacteria","o__Lysobacterales","f__Lysobacteraceae","g__Xanthomonas","s__Xanthomonas_campestris"
"k__Bacteria|p__Actinomycetota|c__Actinomycetes|o__Micromonosporales|f__Micromonosporaceae|g__Dactylosporangium|s__Dactylosporangium_matsuzakiense","k__Bacteria","p__Actinomycetota","c__Actinomycetes","o__Micromonosporales","f__Micromonosporaceae","g__Dactylosporangium","s__Dactylosporangium_matsuzakiense"
"k__Bacteria|p__Pseudomonadota|c__Alphaproteobacteria|o__Acetobacterales|f__Roseomonadaceae|g__Roseomonas|s__Roseomonas_nepalensis","k__Bacteria","p__Pseudomonadota","c__Alphaproteobacteria","o__Acetobacterales","f__Roseomonadaceae","g__Roseomonas","s__Roseomonas_nepalensis"
"k__Bacteria|p__Planctomycetota|c__Planctomycetia|o__Gemmatales|f__Gemmataceae|g__Urbifossiella|s__Urbifossiella_limnaea","k__Bacteria","p__Planctomycetota","c__Planctomycetia","o__Gemmatales","f__Gemmataceae","g__Urbifossiella","s__Urbifossiella_limnaea"
"k__Bacteria|p__Actinomycetota|c__Actinomycetes|o__Geodermatophilales|f__Geodermatophilaceae|g__Blastococcus|s__Blastococcus_sp_URHD0036","k__Bacteria","p__Actinomycetota","c__Actinomycetes","o__Geodermatophilales","f__Geodermatophilaceae","g__Blastococcus","s__Blastococcus_sp_URHD0036"
"k__Bacteria|p__Myxococcota|c__Myxococcota_unclassified|o__Polyangiales|f__Polyangiaceae|g__GGB64065|s__GGB64065_SGB107500","k__Bacteria","p__Myxococcota","c__","o__Polyangiales","f__Polyangiaceae","g__GGB64065","s__GGB64065_SGB107500"
"k__Bacteria|p__Bacteroidota|c__CFGB36419|o__OFGB36419|f__FGB36419|g__GGB97084|s__GGB97084_SGB136552","k__Bacteria","p__Bacteroidota","c__CFGB36419","o__OFGB36419","f__FGB36419","g__GGB97084","s__GGB97084_SGB136552"
"k__Bacteria|p__Planctomycetota|c__Planctomycetia|o__Planctomycetales|f__Planctomycetaceae|g__GGB90804|s__GGB90804_SGB127561","k__Bacteria","p__Planctomycetota","c__Planctomycetia","o__Planctomycetales","f__Planctomycetaceae","g__GGB90804","s__GGB90804_SGB127561"
"k__Bacteria|p__Pseudomonadota|c__Alphaproteobacteria|o__Micropepsales|f__Micropepsaceae|g__GGB65925|s__GGB65925_SGB89293","k__Bacteria","p__Pseudomonadota","c__Alphaproteobacteria","o__Micropepsales","f__Micropepsaceae","g__GGB65925","s__GGB65925_SGB89293"
"k__Bacteria|p__Planctomycetota|c__CFGB75085|o__OFGB75085|f__FGB75085|g__GGB95956|s__GGB95956_SGB131649","k__Bacteria","p__Planctomycetota","c__CFGB75085","o__OFGB75085","f__FGB75085","g__GGB95956","s__GGB95956_SGB131649"
"k__Bacteria|p__Actinomycetota|c__Actinomycetes|o__Mycobacteriales|f__Mycobacteriaceae|g__Mycolicibacterium|s__Mycolicibacterium_sp_P1_18","k__Bacteria","p__Actinomycetota","c__Actinomycetes","o__Mycobacteriales","f__Mycobacteriaceae","g__Mycolicibacterium","s__Mycolicibacterium_sp_P1_18"
"k__Bacteria|p__Pseudomonadota|c__Gammaproteobacteria|o__Pseudomonadales|f__Pseudomonadaceae|g__Pseudomonas|s__Pseudomonas_fluorescens","k__Bacteria","p__Pseudomonadota","c__Gammaproteobacteria","o__Pseudomonadales","f__Pseudomonadaceae","g__Pseudomonas","s__Pseudomonas_fluorescens"
"k__Bacteria|p__Actinomycetota|c__Thermoleophilia|o__Solirubrobacterales|f__Solirubrobacteraceae|g__Solirubrobacter|s__Solirubrobacter_soli","k__Bacteria","p__Actinomycetota","c__Thermoleophilia","o__Solirubrobacterales","f__Solirubrobacteraceae","g__Solirubrobacter","s__Solirubrobacter_soli"
"k__Bacteria|p__Pseudomonadota|c__Alphaproteobacteria|o__Hyphomicrobiales|f__Rhizobiaceae|g__Rhizobium|s__Rhizobium_sp_TH2","k__Bacteria","p__Pseudomonadota","c__Alphaproteobacteria","o__Hyphomicrobiales","f__Rhizobiaceae","g__Rhizobium","s__Rhizobium_sp_TH2"
"k__Bacteria|p__Pseudomonadota|c__Alphaproteobacteria|o__Hyphomicrobiales|f__Nitrobacteraceae|g__GGB48246|s__GGB48246_SGB66255","k__Bacteria","p__Pseudomonadota","c__Alphaproteobacteria","o__Hyphomicrobiales","f__Nitrobacteraceae","g__GGB48246","s__GGB48246_SGB66255"
"k__Bacteria|p__Pseudomonadota|c__Betaproteobacteria|o__Burkholderiales|f__Oxalobacteraceae|g__Duganella|s__Duganella_zoogloeoides","k__Bacteria","p__Pseudomonadota","c__Betaproteobacteria","o__Burkholderiales","f__Oxalobacteraceae","g__Duganella","s__Duganella_zoogloeoides"
"k__Bacteria|p__Pseudomonadota|c__Alphaproteobacteria|o__Hyphomicrobiales|f__Rhizobiaceae|g__Rhizobium|s__Rhizobium_leguminosarum","k__Bacteria","p__Pseudomonadota","c__Alphaproteobacteria","o__Hyphomicrobiales","f__Rhizobiaceae","g__Rhizobium","s__Rhizobium_leguminosarum"
"k__Bacteria|p__Pseudomonadota|c__Alphaproteobacteria|o__Hyphomicrobiales|f__Rhizobiaceae|g__Agrobacterium|s__Agrobacterium_bohemicum","k__Bacteria","p__Pseudomonadota","c__Alphaproteobacteria","o__Hyphomicrobiales","f__Rhizobiaceae","g__Agrobacterium","s__Agrobacterium_bohemicum"
"k__Bacteria|p__Pseudomonadota|c__Gammaproteobacteria|o__Lysobacterales|f__Lysobacteraceae|g__Stenotrophomonas|s__Stenotrophomonas_rhizophila","k__Bacteria","p__Pseudomonadota","c__Gammaproteobacteria","o__Lysobacterales","f__Lysobacteraceae","g__Stenotrophomonas","s__Stenotrophomonas_rhizophila"
"k__Bacteria|p__Pseudomonadota|c__Gammaproteobacteria|o__Pseudomonadales|f__Pseudomonadaceae|g__Pseudomonas|s__Pseudomonas_zanjanensis","k__Bacteria","p__Pseudomonadota","c__Gammaproteobacteria","o__Pseudomonadales","f__Pseudomonadaceae","g__Pseudomonas","s__Pseudomonas_zanjanensis"
"k__Bacteria|p__Pseudomonadota|c__Alphaproteobacteria|o__Hyphomicrobiales|f__Nitrobacteraceae|g__GGB92461|s__GGB92461_SGB133177","k__Bacteria","p__Pseudomonadota","c__Alphaproteobacteria","o__Hyphomicrobiales","f__Nitrobacteraceae","g__GGB92461","s__GGB92461_SGB133177"
"k__Bacteria|p__Pseudomonadota|c__Alphaproteobacteria|o__Hyphomicrobiales|f__Rhizobiaceae|g__GGB92378|s__GGB92378_SGB132961","k__Bacteria","p__Pseudomonadota","c__Alphaproteobacteria","o__Hyphomicrobiales","f__Rhizobiaceae","g__GGB92378","s__GGB92378_SGB132961"
"k__Bacteria|p__Pseudomonadota|c__Alphaproteobacteria|o__Hyphomicrobiales|f__Nitrobacteraceae|g__Rhodopseudomonas|s__Rhodopseudomonas_SGB99551","k__Bacteria","p__Pseudomonadota","c__Alphaproteobacteria","o__Hyphomicrobiales","f__Nitrobacteraceae","g__Rhodopseudomonas","s__Rhodopseudomonas_SGB99551"
"k__Bacteria|p__Bacteroidota|c__Flavobacteriia|o__Flavobacteriales|f__Flavobacteriaceae|g__Flavobacterium|s__Flavobacterium_sp_MMLR14_040","k__Bacteria","p__Bacteroidota","c__Flavobacteriia","o__Flavobacteriales","f__Flavobacteriaceae","g__Flavobacterium","s__Flavobacterium_sp_MMLR14_040"
"k__Bacteria|p__Actinomycetota|c__Actinomycetes|o__Micrococcales|f__Cellulomonadaceae|g__Cellulomonas|s__Cellulomonas_cellasea","k__Bacteria","p__Actinomycetota","c__Actinomycetes","o__Micrococcales","f__Cellulomonadaceae","g__Cellulomonas","s__Cellulomonas_cellasea"
"k__Bacteria|p__Pseudomonadota|c__Gammaproteobacteria|o__Pseudomonadales|f__Pseudomonadaceae|g__Pseudomonas|s__Pseudomonas_sp_GV071","k__Bacteria","p__Pseudomonadota","c__Gammaproteobacteria","o__Pseudomonadales","f__Pseudomonadaceae","g__Pseudomonas","s__Pseudomonas_sp_GV071"
"k__Bacteria|p__Actinomycetota|c__Actinomycetes|o__Mycobacteriales|f__Mycobacteriaceae|g__Mycolicibacterium|s__Mycolicibacterium_sediminis","k__Bacteria","p__Actinomycetota","c__Actinomycetes","o__Mycobacteriales","f__Mycobacteriaceae","g__Mycolicibacterium","s__Mycolicibacterium_sediminis"
"k__Bacteria|p__Actinomycetota|c__Actinomycetes|o__Propionibacteriales|f__Propionibacteriaceae|g__Microlunatus|s__Microlunatus_capsulatus","k__Bacteria","p__Actinomycetota","c__Actinomycetes","o__Propionibacteriales","f__Propionibacteriaceae","g__Microlunatus","s__Microlunatus_capsulatus"
"k__Bacteria|p__Pseudomonadota|c__Alphaproteobacteria|o__Sphingomonadales|f__Erythrobacteraceae|g__Altererythrobacter|s__Altererythrobacter_sp_TH136","k__Bacteria","p__Pseudomonadota","c__Alphaproteobacteria","o__Sphingomonadales","f__Erythrobacteraceae","g__Altererythrobacter","s__Altererythrobacter_sp_TH136"
"k__Bacteria|p__Actinomycetota|c__Actinomycetes|o__Micrococcales|f__Microbacteriaceae|g__Microbacterium|s__Microbacterium_lemovicicum","k__Bacteria","p__Actinomycetota","c__Actinomycetes","o__Micrococcales","f__Microbacteriaceae","g__Microbacterium","s__Microbacterium_lemovicicum"
"k__Bacteria|p__Pseudomonadota|c__Gammaproteobacteria|o__Nevskiales|f__Nevskiaceae|g__Panacagrimonas|s__Panacagrimonas_perspica","k__Bacteria","p__Pseudomonadota","c__Gammaproteobacteria","o__Nevskiales","f__Nevskiaceae","g__Panacagrimonas","s__Panacagrimonas_perspica"
"k__Bacteria|p__Actinomycetota|c__Actinomycetes|o__Micrococcales|f__Micrococcaceae|g__Kocuria|s__Kocuria_rosea","k__Bacteria","p__Actinomycetota","c__Actinomycetes","o__Micrococcales","f__Micrococcaceae","g__Kocuria","s__Kocuria_rosea"
"k__Bacteria|p__Planctomycetota|c__Planctomycetia|o__Gemmatales|f__Gemmataceae|g__Limnoglobus|s__Limnoglobus_roseus","k__Bacteria","p__Planctomycetota","c__Planctomycetia","o__Gemmatales","f__Gemmataceae","g__Limnoglobus","s__Limnoglobus_roseus"
"k__Bacteria|p__Actinomycetota|c__Actinomycetes|o__Propionibacteriales|f__Nocardioidaceae|g__Nocardioides|s__Nocardioides_glacieisoli","k__Bacteria","p__Actinomycetota","c__Actinomycetes","o__Propionibacteriales","f__Nocardioidaceae","g__Nocardioides","s__Nocardioides_glacieisoli"
"k__Bacteria|p__Pseudomonadota|c__Betaproteobacteria|o__Burkholderiales|f__Comamonadaceae|g__Variovorax|s__Variovorax_sp_J2L1_63","k__Bacteria","p__Pseudomonadota","c__Betaproteobacteria","o__Burkholderiales","f__Comamonadaceae","g__Variovorax","s__Variovorax_sp_J2L1_63"
"k__Bacteria|p__Actinomycetota|c__Actinomycetes|o__Pseudonocardiales|f__Pseudonocardiaceae|g__Actinomycetospora|s__Actinomycetospora_callitridis","k__Bacteria","p__Actinomycetota","c__Actinomycetes","o__Pseudonocardiales","f__Pseudonocardiaceae","g__Actinomycetospora","s__Actinomycetospora_callitridis"
"k__Bacteria|p__Pseudomonadota|c__Betaproteobacteria|o__Burkholderiales|f__Comamonadaceae|g__Pseudorhodoferax|s__Pseudorhodoferax_soli","k__Bacteria","p__Pseudomonadota","c__Betaproteobacteria","o__Burkholderiales","f__Comamonadaceae","g__Pseudorhodoferax","s__Pseudorhodoferax_soli"
"k__Bacteria|p__Actinomycetota|c__Actinomycetes|o__Propionibacteriales|f__Nocardioidaceae|g__Nocardioides|s__Nocardioides_cavernae","k__Bacteria","p__Actinomycetota","c__Actinomycetes","o__Propionibacteriales","f__Nocardioidaceae","g__Nocardioides","s__Nocardioides_cavernae"
"k__Bacteria|p__Actinomycetota|c__Actinomycetes|o__Micrococcales|f__Micrococcaceae|g__Pseudarthrobacter|s__Pseudarthrobacter_equi","k__Bacteria","p__Actinomycetota","c__Actinomycetes","o__Micrococcales","f__Micrococcaceae","g__Pseudarthrobacter","s__Pseudarthrobacter_equi"
"k__Bacteria|p__Pseudomonadota|c__Betaproteobacteria|o__Burkholderiales|f__Burkholderiales_unclassified|g__Rhizobacter|s__Rhizobacter_sp_Root404","k__Bacteria","p__Pseudomonadota","c__Betaproteobacteria","o__Burkholderiales","f__","g__Rhizobacter","s__Rhizobacter_sp_Root404"
"k__Bacteria|p__Actinomycetota|c__Actinomycetes|o__Micrococcales|f__Microbacteriaceae|g__Herbiconiux|s__Herbiconiux_flava","k__Bacteria","p__Actinomycetota","c__Actinomycetes","o__Micrococcales","f__Microbacteriaceae","g__Herbiconiux","s__Herbiconiux_flava"
"k__Bacteria|p__Actinomycetota|c__CFGB10042|o__OFGB10042|f__FGB10042|g__GGB93786|s__GGB93786_SGB129542","k__Bacteria","p__Actinomycetota","c__CFGB10042","o__OFGB10042","f__FGB10042","g__GGB93786","s__GGB93786_SGB129542"
"k__Bacteria|p__Actinomycetota|c__Actinomycetes|o__Kineosporiales|f__Kineosporiaceae|g__Kineosporia|s__Kineosporia_rhamnosa","k__Bacteria","p__Actinomycetota","c__Actinomycetes","o__Kineosporiales","f__Kineosporiaceae","g__Kineosporia","s__Kineosporia_rhamnosa"
"k__Bacteria|p__Bacteroidota|c__Cytophagia|o__Cytophagales|f__Cytophagaceae|g__Spirosoma|s__Spirosoma_endbachense","k__Bacteria","p__Bacteroidota","c__Cytophagia","o__Cytophagales","f__Cytophagaceae","g__Spirosoma","s__Spirosoma_endbachense"
"k__Bacteria|p__Actinomycetota|c__Actinomycetes|o__Micromonosporales|f__Micromonosporaceae|g__Actinoplanes|s__Actinoplanes_friuliensis","k__Bacteria","p__Actinomycetota","c__Actinomycetes","o__Micromonosporales","f__Micromonosporaceae","g__Actinoplanes","s__Actinoplanes_friuliensis"
"k__Bacteria|p__Actinomycetota|c__Actinomycetes|o__Micrococcales|f__Micrococcaceae|g__Kocuria|s__Kocuria_dechangensis","k__Bacteria","p__Actinomycetota","c__Actinomycetes","o__Micrococcales","f__Micrococcaceae","g__Kocuria","s__Kocuria_dechangensis"
"k__Bacteria|p__Bacteroidota|c__Sphingobacteriia|o__Sphingobacteriales|f__Sphingobacteriaceae|g__Pedobacter|s__Pedobacter_sp_BAL39","k__Bacteria","p__Bacteroidota","c__Sphingobacteriia","o__Sphingobacteriales","f__Sphingobacteriaceae","g__Pedobacter","s__Pedobacter_sp_BAL39"
"k__Bacteria|p__Actinomycetota|c__Actinomycetes|o__Micromonosporales|f__Micromonosporaceae|g__Actinoplanes|s__Actinoplanes_auranticolor","k__Bacteria","p__Actinomycetota","c__Actinomycetes","o__Micromonosporales","f__Micromonosporaceae","g__Actinoplanes","s__Actinoplanes_auranticolor"
"k__Bacteria|p__Actinomycetota|c__Actinomycetes|o__Micromonosporales|f__Micromonosporaceae|g__Winogradskya|s__Winogradskya_consettensis","k__Bacteria","p__Actinomycetota","c__Actinomycetes","o__Micromonosporales","f__Micromonosporaceae","g__Winogradskya","s__Winogradskya_consettensis"
"k__Bacteria|p__Actinomycetota|c__Actinomycetes|o__Propionibacteriales|f__Nocardioidaceae|g__Nocardioides|s__Nocardioides_sp_Root122","k__Bacteria","p__Actinomycetota","c__Actinomycetes","o__Propionibacteriales","f__Nocardioidaceae","g__Nocardioides","s__Nocardioides_sp_Root122"
"k__Bacteria|p__Pseudomonadota|c__Alphaproteobacteria|o__Caulobacterales|f__Caulobacteraceae|g__Asticcacaulis|s__Asticcacaulis_solisilvae","k__Bacteria","p__Pseudomonadota","c__Alphaproteobacteria","o__Caulobacterales","f__Caulobacteraceae","g__Asticcacaulis","s__Asticcacaulis_solisilvae"
"k__Bacteria|p__Pseudomonadota|c__Alphaproteobacteria|o__Sphingomonadales|f__Sphingomonadaceae|g__Sphingomonas|s__Sphingomonas_kaistensis","k__Bacteria","p__Pseudomonadota","c__Alphaproteobacteria","o__Sphingomonadales","f__Sphingomonadaceae","g__Sphingomonas","s__Sphingomonas_kaistensis"
"k__Bacteria|p__Actinomycetota|c__Actinomycetes|o__Kitasatosporales|f__Streptomycetaceae|g__GGB94250|s__GGB94250_SGB130237","k__Bacteria","p__Actinomycetota","c__Actinomycetes","o__Kitasatosporales","f__Streptomycetaceae","g__GGB94250","s__GGB94250_SGB130237"
"k__Bacteria|p__Pseudomonadota|c__Gammaproteobacteria|o__Pseudomonadales|f__Pseudomonadaceae|g__Pseudomonas|s__Pseudomonas_poae","k__Bacteria","p__Pseudomonadota","c__Gammaproteobacteria","o__Pseudomonadales","f__Pseudomonadaceae","g__Pseudomonas","s__Pseudomonas_poae"
"k__Bacteria|p__Actinomycetota|c__Actinomycetes|o__Micromonosporales|f__Micromonosporaceae|g__Actinoplanes|s__Actinoplanes_sp_NBRC_103695","k__Bacteria","p__Actinomycetota","c__Actinomycetes","o__Micromonosporales","f__Micromonosporaceae","g__Actinoplanes","s__Actinoplanes_sp_NBRC_103695"
"k__Bacteria|p__Verrucomicrobiota|c__Opitutia|o__Opitutales|f__Opitutaceae|g__Nibricoccus|s__Nibricoccus_aquaticus","k__Bacteria","p__Verrucomicrobiota","c__Opitutia","o__Opitutales","f__Opitutaceae","g__Nibricoccus","s__Nibricoccus_aquaticus"
"k__Bacteria|p__Bacteroidota|c__Sphingobacteriia|o__Sphingobacteriales|f__Sphingobacteriaceae|g__Mucilaginibacter|s__Mucilaginibacter_pankratovii","k__Bacteria","p__Bacteroidota","c__Sphingobacteriia","o__Sphingobacteriales","f__Sphingobacteriaceae","g__Mucilaginibacter","s__Mucilaginibacter_pankratovii"
"k__Bacteria|p__Pseudomonadota|c__Alphaproteobacteria|o__Hyphomicrobiales|f__Rhizobiaceae|g__GGB7529|s__GGB7529_SGB10978","k__Bacteria","p__Pseudomonadota","c__Alphaproteobacteria","o__Hyphomicrobiales","f__Rhizobiaceae","g__GGB7529","s__GGB7529_SGB10978"
"k__Bacteria|p__Bacteroidota|c__Cytophagia|o__Cytophagales|f__Spirosomataceae|g__Dyadobacter|s__Dyadobacter_psychrophilus","k__Bacteria","p__Bacteroidota","c__Cytophagia","o__Cytophagales","f__Spirosomataceae","g__Dyadobacter","s__Dyadobacter_psychrophilus"
"k__Bacteria|p__Pseudomonadota|c__Betaproteobacteria|o__Burkholderiales|f__Comamonadaceae|g__Polaromonas|s__Polaromonas_sp_YR568","k__Bacteria","p__Pseudomonadota","c__Betaproteobacteria","o__Burkholderiales","f__Comamonadaceae","g__Polaromonas","s__Polaromonas_sp_YR568"
"k__Bacteria|p__Actinomycetota|c__Actinomycetes|o__Micrococcales|f__Cellulomonadaceae|g__Cellulomonas|s__Cellulomonas_sp_Root485","k__Bacteria","p__Actinomycetota","c__Actinomycetes","o__Micrococcales","f__Cellulomonadaceae","g__Cellulomonas","s__Cellulomonas_sp_Root485"
"k__Bacteria|p__Myxococcota|c__Myxococcia|o__Myxococcales|f__Myxococcaceae|g__GGB44951|s__GGB44951_SGB173772","k__Bacteria","p__Myxococcota","c__Myxococcia","o__Myxococcales","f__Myxococcaceae","g__GGB44951","s__GGB44951_SGB173772"
"k__Bacteria|p__Actinomycetota|c__Actinomycetes|o__Kitasatosporales|f__Streptomycetaceae|g__GGB94170|s__GGB94170_SGB130167","k__Bacteria","p__Actinomycetota","c__Actinomycetes","o__Kitasatosporales","f__Streptomycetaceae","g__GGB94170","s__GGB94170_SGB130167"
"k__Bacteria|p__Bacteroidota|c__Sphingobacteriia|o__Sphingobacteriales|f__Sphingobacteriaceae|g__Pedobacter|s__Pedobacter_sp_Leaf216","k__Bacteria","p__Bacteroidota","c__Sphingobacteriia","o__Sphingobacteriales","f__Sphingobacteriaceae","g__Pedobacter","s__Pedobacter_sp_Leaf216"
"k__Bacteria|p__Cyanobacteriota|c__Cyanophyceae|o__Nostocales|f__Nostocaceae|g__Nostoc|s__Nostoc_edaphicum","k__Bacteria","p__Cyanobacteriota","c__Cyanophyceae","o__Nostocales","f__Nostocaceae","g__Nostoc","s__Nostoc_edaphicum"
"k__Bacteria|p__Pseudomonadota|c__Betaproteobacteria|o__Burkholderiales|f__Burkholderiaceae|g__Caballeronia|s__Caballeronia_sordidicola","k__Bacteria","p__Pseudomonadota","c__Betaproteobacteria","o__Burkholderiales","f__Burkholderiaceae","g__Caballeronia","s__Caballeronia_sordidicola"
"k__Bacteria|p__Actinomycetota|c__Actinomycetes|o__Geodermatophilales|f__Geodermatophilaceae|g__Geodermatophilus|s__Geodermatophilus_SGB130173","k__Bacteria","p__Actinomycetota","c__Actinomycetes","o__Geodermatophilales","f__Geodermatophilaceae","g__Geodermatophilus","s__Geodermatophilus_SGB130173"
"k__Bacteria|p__Actinomycetota|c__Actinomycetes|o__Micromonosporales|f__Micromonosporaceae|g__Actinoplanes|s__Actinoplanes_sp_L3_i22","k__Bacteria","p__Actinomycetota","c__Actinomycetes","o__Micromonosporales","f__Micromonosporaceae","g__Actinoplanes","s__Actinoplanes_sp_L3_i22"
"k__Bacteria|p__Pseudomonadota|c__Alphaproteobacteria|o__Hyphomicrobiales|f__Lichenihabitantaceae|g__Lichenibacterium|s__Lichenibacterium_ramalinae","k__Bacteria","p__Pseudomonadota","c__Alphaproteobacteria","o__Hyphomicrobiales","f__Lichenihabitantaceae","g__Lichenibacterium","s__Lichenibacterium_ramalinae"
"k__Bacteria|p__Pseudomonadota|c__Alphaproteobacteria|o__Hyphomicrobiales|f__Methylobacteriaceae|g__Methylobacterium|s__Methylobacterium_flocculans","k__Bacteria","p__Pseudomonadota","c__Alphaproteobacteria","o__Hyphomicrobiales","f__Methylobacteriaceae","g__Methylobacterium","s__Methylobacterium_flocculans"
"k__Bacteria|p__Bacteroidota|c__Sphingobacteriia|o__Sphingobacteriales|f__Sphingobacteriaceae|g__Pedobacter|s__Pedobacter_sp_MC2016_15","k__Bacteria","p__Bacteroidota","c__Sphingobacteriia","o__Sphingobacteriales","f__Sphingobacteriaceae","g__Pedobacter","s__Pedobacter_sp_MC2016_15"
"k__Bacteria|p__Bacteroidota|c__Cytophagia|o__Cytophagales|f__Hymenobacteraceae|g__Adhaeribacter|s__Adhaeribacter_arboris","k__Bacteria","p__Bacteroidota","c__Cytophagia","o__Cytophagales","f__Hymenobacteraceae","g__Adhaeribacter","s__Adhaeribacter_arboris"
"k__Bacteria|p__Pseudomonadota|c__Betaproteobacteria|o__Burkholderiales|f__Oxalobacteraceae|g__Noviherbaspirillum|s__Noviherbaspirillum_suwonense","k__Bacteria","p__Pseudomonadota","c__Betaproteobacteria","o__Burkholderiales","f__Oxalobacteraceae","g__Noviherbaspirillum","s__Noviherbaspirillum_suwonense"
"k__Bacteria|p__Bacteroidota|c__Sphingobacteriia|o__Sphingobacteriales|f__Sphingobacteriaceae|g__Mucilaginibacter|s__Mucilaginibacter_phyllosphaerae","k__Bacteria","p__Bacteroidota","c__Sphingobacteriia","o__Sphingobacteriales","f__Sphingobacteriaceae","g__Mucilaginibacter","s__Mucilaginibacter_phyllosphaerae"
"k__Bacteria|p__Actinomycetota|c__Actinomycetes|o__Propionibacteriales|f__Kribbellaceae|g__Kribbella|s__Kribbella_antibiotica","k__Bacteria","p__Actinomycetota","c__Actinomycetes","o__Propionibacteriales","f__Kribbellaceae","g__Kribbella","s__Kribbella_antibiotica"
"k__Bacteria|p__Actinomycetota|c__Actinomycetes|o__Micrococcales|f__Microbacteriaceae|g__Curtobacterium|s__Curtobacterium_flaccumfaciens","k__Bacteria","p__Actinomycetota","c__Actinomycetes","o__Micrococcales","f__Microbacteriaceae","g__Curtobacterium","s__Curtobacterium_flaccumfaciens"
"k__Bacteria|p__Actinomycetota|c__CFGB52786|o__OFGB52786|f__FGB52786|g__GGB64512|s__GGB64512_SGB129846","k__Bacteria","p__Actinomycetota","c__CFGB52786","o__OFGB52786","f__FGB52786","g__GGB64512","s__GGB64512_SGB129846"
"k__Bacteria|p__Pseudomonadota|c__Gammaproteobacteria|o__Pseudomonadales|f__Pseudomonadaceae|g__Pseudomonas|s__Pseudomonas_rustica","k__Bacteria","p__Pseudomonadota","c__Gammaproteobacteria","o__Pseudomonadales","f__Pseudomonadaceae","g__Pseudomonas","s__Pseudomonas_rustica"
"k__Bacteria|p__Pseudomonadota|c__Gammaproteobacteria|o__Enterobacterales|f__Erwiniaceae|g__Erwinia|s__Erwinia_billingiae","k__Bacteria","p__Pseudomonadota","c__Gammaproteobacteria","o__Enterobacterales","f__Erwiniaceae","g__Erwinia","s__Erwinia_billingiae"
"k__Bacteria|p__Pseudomonadota|c__Betaproteobacteria|o__Burkholderiales|f__Oxalobacteraceae|g__Oxalobacteraceae_unclassified|s__Oxalobacteraceae_bacterium_OTU3CINTB1","k__Bacteria","p__Pseudomonadota","c__Betaproteobacteria","o__Burkholderiales","f__Oxalobacteraceae","g__","s__Oxalobacteraceae_bacterium_OTU3CINTB1"
"k__Bacteria|p__Pseudomonadota|c__Betaproteobacteria|o__Burkholderiales|f__Oxalobacteraceae|g__Duganella|s__Duganella_sp_CF517","k__Bacteria","p__Pseudomonadota","c__Betaproteobacteria","o__Burkholderiales","f__Oxalobacteraceae","g__Duganella","s__Duganella_sp_CF517"
"k__Bacteria|p__Actinomycetota|c__Actinomycetes|o__Micrococcales|f__Intrasporangiaceae|g__Intrasporangiaceae_unclassified|s__Intrasporangiaceae_bacterium_URHB0013","k__Bacteria","p__Actinomycetota","c__Actinomycetes","o__Micrococcales","f__Intrasporangiaceae","g__","s__Intrasporangiaceae_bacterium_URHB0013"
"k__Bacteria|p__Pseudomonadota|c__Betaproteobacteria|o__Burkholderiales|f__Comamonadaceae|g__Variovorax|s__Variovorax_sp_J22G73","k__Bacteria","p__Pseudomonadota","c__Betaproteobacteria","o__Burkholderiales","f__Comamonadaceae","g__Variovorax","s__Variovorax_sp_J22G73"
"k__Bacteria|p__Pseudomonadota|c__Alphaproteobacteria|o__Sphingomonadales|f__Sphingomonadaceae|g__Sphingomonas|s__Sphingomonas_sp_Leaf339","k__Bacteria","p__Pseudomonadota","c__Alphaproteobacteria","o__Sphingomonadales","f__Sphingomonadaceae","g__Sphingomonas","s__Sphingomonas_sp_Leaf339"
"k__Bacteria|p__Pseudomonadota|c__Alphaproteobacteria|o__Hyphomicrobiales|f__Nitrobacteraceae|g__Bradyrhizobium|s__Bradyrhizobium_roseum","k__Bacteria","p__Pseudomonadota","c__Alphaproteobacteria","o__Hyphomicrobiales","f__Nitrobacteraceae","g__Bradyrhizobium","s__Bradyrhizobium_roseum"
"k__Bacteria|p__Bacteroidota|c__Sphingobacteriia|o__Sphingobacteriales|f__Sphingobacteriaceae|g__Mucilaginibacter|s__Mucilaginibacter_flavus","k__Bacteria","p__Bacteroidota","c__Sphingobacteriia","o__Sphingobacteriales","f__Sphingobacteriaceae","g__Mucilaginibacter","s__Mucilaginibacter_flavus"
"k__Bacteria|p__Pseudomonadota|c__Betaproteobacteria|o__Betaproteobacteria_unclassified|f__Betaproteobacteria_unclassified|g__GGB65532|s__GGB65532_SGB88661","k__Bacteria","p__Pseudomonadota","c__Betaproteobacteria","o__","f__","g__GGB65532","s__GGB65532_SGB88661"
"k__Bacteria|p__Actinomycetota|c__Thermoleophilia|o__Gaiellales|f__Gaiellaceae|g__GGB94463|s__GGB94463_SGB128712","k__Bacteria","p__Actinomycetota","c__Thermoleophilia","o__Gaiellales","f__Gaiellaceae","g__GGB94463","s__GGB94463_SGB128712"
"k__Bacteria|p__Actinomycetota|c__Actinomycetes|o__Geodermatophilales|f__Geodermatophilaceae|g__Geodermatophilaceae_unclassified|s__Geodermatophilaceae_bacterium_URHB0062","k__Bacteria","p__Actinomycetota","c__Actinomycetes","o__Geodermatophilales","f__Geodermatophilaceae","g__","s__Geodermatophilaceae_bacterium_URHB0062"
"k__Bacteria|p__Acidobacteriota|c__Terriglobia|o__Terriglobales|f__Acidobacteriaceae|g__Granulicella|s__Granulicella_pectinivorans","k__Bacteria","p__Acidobacteriota","c__Terriglobia","o__Terriglobales","f__Acidobacteriaceae","g__Granulicella","s__Granulicella_pectinivorans"
"k__Bacteria|p__Actinomycetota|c__Actinomycetes|o__Nakamurellales|f__Nakamurellaceae|g__Nakamurella|s__Nakamurella_deserti","k__Bacteria","p__Actinomycetota","c__Actinomycetes","o__Nakamurellales","f__Nakamurellaceae","g__Nakamurella","s__Nakamurella_deserti"
"k__Bacteria|p__Bacteroidota|c__Sphingobacteriia|o__Sphingobacteriales|f__Sphingobacteriaceae|g__Mucilaginibacter|s__Mucilaginibacter_sp_FT3_2","k__Bacteria","p__Bacteroidota","c__Sphingobacteriia","o__Sphingobacteriales","f__Sphingobacteriaceae","g__Mucilaginibacter","s__Mucilaginibacter_sp_FT3_2"
"k__Bacteria|p__Pseudomonadota|c__Betaproteobacteria|o__Burkholderiales|f__Oxalobacteraceae|g__Noviherbaspirillum|s__Noviherbaspirillum_sp_Root189","k__Bacteria","p__Pseudomonadota","c__Betaproteobacteria","o__Burkholderiales","f__Oxalobacteraceae","g__Noviherbaspirillum","s__Noviherbaspirillum_sp_Root189"
"k__Bacteria|p__Pseudomonadota|c__Betaproteobacteria|o__Burkholderiales|f__Comamonadaceae|g__Rhodoferax|s__Rhodoferax_koreense","k__Bacteria","p__Pseudomonadota","c__Betaproteobacteria","o__Burkholderiales","f__Comamonadaceae","g__Rhodoferax","s__Rhodoferax_koreense"
"k__Bacteria|p__Actinomycetota|c__Actinomycetes|o__Micromonosporales|f__Micromonosporaceae|g__Paractinoplanes|s__Paractinoplanes_tereljensis","k__Bacteria","p__Actinomycetota","c__Actinomycetes","o__Micromonosporales","f__Micromonosporaceae","g__Paractinoplanes","s__Paractinoplanes_tereljensis"
"k__Bacteria|p__Pseudomonadota|c__Alphaproteobacteria|o__Hyphomicrobiales|f__Lichenihabitantaceae|g__Lichenifustis|s__Lichenifustis_flavocetrariae","k__Bacteria","p__Pseudomonadota","c__Alphaproteobacteria","o__Hyphomicrobiales","f__Lichenihabitantaceae","g__Lichenifustis","s__Lichenifustis_flavocetrariae"
"k__Bacteria|p__Cyanobacteriota|c__Cyanophyceae|o__Nostocales|f__Nostocaceae|g__GGB122166|s__GGB122166_SGB149940","k__Bacteria","p__Cyanobacteriota","c__Cyanophyceae","o__Nostocales","f__Nostocaceae","g__GGB122166","s__GGB122166_SGB149940"
"k__Bacteria|p__Actinomycetota|c__Thermoleophilia|o__Gaiellales|f__Gaiellaceae|g__GGB40045|s__GGB40045_SGB55834","k__Bacteria","p__Actinomycetota","c__Thermoleophilia","o__Gaiellales","f__Gaiellaceae","g__GGB40045","s__GGB40045_SGB55834"
"k__Bacteria|p__Pseudomonadota|c__Betaproteobacteria|o__Burkholderiales|f__Burkholderiaceae|g__Caballeronia|s__Caballeronia_telluris","k__Bacteria","p__Pseudomonadota","c__Betaproteobacteria","o__Burkholderiales","f__Burkholderiaceae","g__Caballeronia","s__Caballeronia_telluris"
"k__Bacteria|p__Pseudomonadota|c__Alphaproteobacteria|o__Hyphomicrobiales|f__Methylobacteriaceae|g__Methylobacterium|s__Methylobacterium_sp_E_016","k__Bacteria","p__Pseudomonadota","c__Alphaproteobacteria","o__Hyphomicrobiales","f__Methylobacteriaceae","g__Methylobacterium","s__Methylobacterium_sp_E_016"
"k__Bacteria|p__Pseudomonadota|c__Gammaproteobacteria|o__Gammaproteobacteria_unclassified|f__Gammaproteobacteria_unclassified|g__Gammaproteobacteria_unclassified|s__Gammaproteobacteria_bacterium","k__Bacteria","p__Pseudomonadota","c__Gammaproteobacteria","o__","f__","g__","s__Gammaproteobacteria_bacterium"
"k__Bacteria|p__Pseudomonadota|c__Alphaproteobacteria|o__Sphingomonadales|f__Sphingomonadaceae|g__Sphingomonas|s__Sphingomonas_sp_Leaf357","k__Bacteria","p__Pseudomonadota","c__Alphaproteobacteria","o__Sphingomonadales","f__Sphingomonadaceae","g__Sphingomonas","s__Sphingomonas_sp_Leaf357"
"k__Bacteria|p__Pseudomonadota|c__Alphaproteobacteria|o__Hyphomicrobiales|f__Hyphomicrobiaceae|g__Rhodoplanes|s__Rhodoplanes_sp_Z2_YC6860","k__Bacteria","p__Pseudomonadota","c__Alphaproteobacteria","o__Hyphomicrobiales","f__Hyphomicrobiaceae","g__Rhodoplanes","s__Rhodoplanes_sp_Z2_YC6860"
"k__Bacteria|p__Cyanobacteriota|c__Cyanophyceae|o__Nostocales|f__Nostocaceae|g__Nostoc|s__Nostoc_sp_UHCC_0926","k__Bacteria","p__Cyanobacteriota","c__Cyanophyceae","o__Nostocales","f__Nostocaceae","g__Nostoc","s__Nostoc_sp_UHCC_0926"
"k__Bacteria|p__Pseudomonadota|c__Alphaproteobacteria|o__Caulobacterales|f__Caulobacteraceae|g__GGB40134|s__GGB40134_SGB185210","k__Bacteria","p__Pseudomonadota","c__Alphaproteobacteria","o__Caulobacterales","f__Caulobacteraceae","g__GGB40134","s__GGB40134_SGB185210"
"k__Bacteria|p__Actinomycetota|c__Actinomycetes|o__Mycobacteriales|f__Nocardiaceae|g__Rhodococcus|s__Rhodococcus_qingshengii","k__Bacteria","p__Actinomycetota","c__Actinomycetes","o__Mycobacteriales","f__Nocardiaceae","g__Rhodococcus","s__Rhodococcus_qingshengii"
"k__Bacteria|p__Actinomycetota|c__Thermoleophilia|o__Gaiellales|f__Gaiellaceae|g__GGB94662|s__GGB94662_SGB128694","k__Bacteria","p__Actinomycetota","c__Thermoleophilia","o__Gaiellales","f__Gaiellaceae","g__GGB94662","s__GGB94662_SGB128694"
"k__Bacteria|p__Acidobacteriota|c__Terriglobia|o__Terriglobales|f__Acidobacteriaceae|g__Granulicella|s__Granulicella_sibirica","k__Bacteria","p__Acidobacteriota","c__Terriglobia","o__Terriglobales","f__Acidobacteriaceae","g__Granulicella","s__Granulicella_sibirica"
"k__Bacteria|p__Actinomycetota|c__Actinomycetes|o__Acidothermales|f__Acidothermaceae|g__Acidothermaceae_unclassified|s__Acidothermaceae_bacterium_B102","k__Bacteria","p__Actinomycetota","c__Actinomycetes","o__Acidothermales","f__Acidothermaceae","g__","s__Acidothermaceae_bacterium_B102"
"k__Bacteria|p__Myxococcota|c__Myxococcota_unclassified|o__Polyangiales|f__Polyangiaceae|g__GGB78371|s__GGB78371_SGB107506","k__Bacteria","p__Myxococcota","c__","o__Polyangiales","f__Polyangiaceae","g__GGB78371","s__GGB78371_SGB107506"
"k__Bacteria|p__Pseudomonadota|c__Alphaproteobacteria|o__Hyphomicrobiales|f__Rhizobiaceae|g__Agrobacterium|s__Agrobacterium_pusense","k__Bacteria","p__Pseudomonadota","c__Alphaproteobacteria","o__Hyphomicrobiales","f__Rhizobiaceae","g__Agrobacterium","s__Agrobacterium_pusense"
"k__Bacteria|p__Pseudomonadota|c__Gammaproteobacteria|o__Pseudomonadales|f__Pseudomonadaceae|g__Ectopseudomonas|s__Ectopseudomonas_chengduensis","k__Bacteria","p__Pseudomonadota","c__Gammaproteobacteria","o__Pseudomonadales","f__Pseudomonadaceae","g__Ectopseudomonas","s__Ectopseudomonas_chengduensis"
"k__Bacteria|p__Pseudomonadota|c__Alphaproteobacteria|o__Sphingomonadales|f__Sphingomonadaceae|g__Sphingomonas|s__Sphingomonas_sp_BAUL_RG_20F_R05_02","k__Bacteria","p__Pseudomonadota","c__Alphaproteobacteria","o__Sphingomonadales","f__Sphingomonadaceae","g__Sphingomonas","s__Sphingomonas_sp_BAUL_RG_20F_R05_02"
"k__Bacteria|p__Pseudomonadota|c__Alphaproteobacteria|o__Caulobacterales|f__Caulobacteraceae|g__Brevundimonas|s__Brevundimonas_alba","k__Bacteria","p__Pseudomonadota","c__Alphaproteobacteria","o__Caulobacterales","f__Caulobacteraceae","g__Brevundimonas","s__Brevundimonas_alba"
"k__Bacteria|p__Bacteroidota|c__Sphingobacteriia|o__Sphingobacteriales|f__Sphingobacteriaceae|g__Pedobacter|s__Pedobacter_psychrodurus","k__Bacteria","p__Bacteroidota","c__Sphingobacteriia","o__Sphingobacteriales","f__Sphingobacteriaceae","g__Pedobacter","s__Pedobacter_psychrodurus"
"k__Bacteria|p__Pseudomonadota|c__Betaproteobacteria|o__Burkholderiales|f__Comamonadaceae|g__Variovorax|s__Variovorax_boronicumulans","k__Bacteria","p__Pseudomonadota","c__Betaproteobacteria","o__Burkholderiales","f__Comamonadaceae","g__Variovorax","s__Variovorax_boronicumulans"
"k__Bacteria|p__Bacteroidota|c__Cytophagia|o__Cytophagales|f__Spirosomataceae|g__Larkinella|s__Larkinella_knui","k__Bacteria","p__Bacteroidota","c__Cytophagia","o__Cytophagales","f__Spirosomataceae","g__Larkinella","s__Larkinella_knui"
"k__Bacteria|p__Pseudomonadota|c__Alphaproteobacteria|o__Hyphomicrobiales|f__Rhizobiaceae|g__Rhizobium|s__Rhizobium_sp_NFR03","k__Bacteria","p__Pseudomonadota","c__Alphaproteobacteria","o__Hyphomicrobiales","f__Rhizobiaceae","g__Rhizobium","s__Rhizobium_sp_NFR03"
"k__Bacteria|p__Actinomycetota|c__Actinomycetes|o__Kitasatosporales|f__Streptomycetaceae|g__GGB94190|s__GGB94190_SGB130225","k__Bacteria","p__Actinomycetota","c__Actinomycetes","o__Kitasatosporales","f__Streptomycetaceae","g__GGB94190","s__GGB94190_SGB130225"
"k__Bacteria|p__Pseudomonadota|c__Alphaproteobacteria|o__Hyphomicrobiales|f__Nitrobacteraceae|g__Tardiphaga|s__Tardiphaga_sp_709","k__Bacteria","p__Pseudomonadota","c__Alphaproteobacteria","o__Hyphomicrobiales","f__Nitrobacteraceae","g__Tardiphaga","s__Tardiphaga_sp_709"
"k__Bacteria|p__Actinomycetota|c__Actinomycetes|o__Mycobacteriales|f__Mycobacteriaceae|g__Mycobacterium|s__Mycobacterium_sp_URHB0044","k__Bacteria","p__Actinomycetota","c__Actinomycetes","o__Mycobacteriales","f__Mycobacteriaceae","g__Mycobacterium","s__Mycobacterium_sp_URHB0044"
"k__Bacteria|p__Myxococcota|c__Myxococcia|o__Myxococcales|f__Archangiaceae|g__Hyalangium|s__Hyalangium_minutum","k__Bacteria","p__Myxococcota","c__Myxococcia","o__Myxococcales","f__Archangiaceae","g__Hyalangium","s__Hyalangium_minutum"
"k__Bacteria|p__Actinomycetota|c__Thermoleophilia|o__Solirubrobacterales|f__Conexibacteraceae|g__GGB35955|s__GGB35955_SGB129103","k__Bacteria","p__Actinomycetota","c__Thermoleophilia","o__Solirubrobacterales","f__Conexibacteraceae","g__GGB35955","s__GGB35955_SGB129103"
"k__Bacteria|p__Pseudomonadota|c__Alphaproteobacteria|o__Sphingomonadales|f__Sphingomonadaceae|g__Sphingomonas|s__Sphingomonas_sp_7_4_4","k__Bacteria","p__Pseudomonadota","c__Alphaproteobacteria","o__Sphingomonadales","f__Sphingomonadaceae","g__Sphingomonas","s__Sphingomonas_sp_7_4_4"
"k__Bacteria|p__Bacteroidota|c__Sphingobacteriia|o__Sphingobacteriales|f__Sphingobacteriaceae|g__Pedobacter|s__Pedobacter_westerhofensis","k__Bacteria","p__Bacteroidota","c__Sphingobacteriia","o__Sphingobacteriales","f__Sphingobacteriaceae","g__Pedobacter","s__Pedobacter_westerhofensis"
"k__Bacteria|p__Pseudomonadota|c__Alphaproteobacteria|o__Hyphomicrobiales|f__Phyllobacteriaceae|g__Mesorhizobium|s__Mesorhizobium_australicum","k__Bacteria","p__Pseudomonadota","c__Alphaproteobacteria","o__Hyphomicrobiales","f__Phyllobacteriaceae","g__Mesorhizobium","s__Mesorhizobium_australicum"
"k__Bacteria|p__Bacteroidota|c__Sphingobacteriia|o__Sphingobacteriales|f__Sphingobacteriaceae|g__Pedobacter|s__Pedobacter_roseus","k__Bacteria","p__Bacteroidota","c__Sphingobacteriia","o__Sphingobacteriales","f__Sphingobacteriaceae","g__Pedobacter","s__Pedobacter_roseus"
"k__Bacteria|p__Actinomycetota|c__Actinomycetes|o__Kitasatosporales|f__Streptomycetaceae|g__Streptomyces|s__Streptomyces_beijiangensis","k__Bacteria","p__Actinomycetota","c__Actinomycetes","o__Kitasatosporales","f__Streptomycetaceae","g__Streptomyces","s__Streptomyces_beijiangensis"
"k__Bacteria|p__Actinomycetota|c__Actinomycetes|o__Mycobacteriales|f__Nocardiaceae|g__Rhodococcus|s__Rhodococcus_antarcticus","k__Bacteria","p__Actinomycetota","c__Actinomycetes","o__Mycobacteriales","f__Nocardiaceae","g__Rhodococcus","s__Rhodococcus_antarcticus"
"k__Bacteria|p__Pseudomonadota|c__Gammaproteobacteria|o__Pseudomonadales|f__Pseudomonadaceae|g__Pseudomonas|s__Pseudomonas_granadensis","k__Bacteria","p__Pseudomonadota","c__Gammaproteobacteria","o__Pseudomonadales","f__Pseudomonadaceae","g__Pseudomonas","s__Pseudomonas_granadensis"
"k__Bacteria|p__Actinomycetota|c__Actinomycetes|o__Micrococcales|f__Microbacteriaceae|g__Frigoribacterium|s__Frigoribacterium_endophyticum","k__Bacteria","p__Actinomycetota","c__Actinomycetes","o__Micrococcales","f__Microbacteriaceae","g__Frigoribacterium","s__Frigoribacterium_endophyticum"
"k__Bacteria|p__Actinomycetota|c__Actinomycetes|o__Kitasatosporales|f__Streptomycetaceae|g__Streptomyces|s__Streptomyces_canus","k__Bacteria","p__Actinomycetota","c__Actinomycetes","o__Kitasatosporales","f__Streptomycetaceae","g__Streptomyces","s__Streptomyces_canus"
"k__Bacteria|p__Bacteroidota|c__Flavobacteriia|o__Flavobacteriales|f__Weeksellaceae|g__Chryseobacterium|s__Chryseobacterium_ginsenosidimutans","k__Bacteria","p__Bacteroidota","c__Flavobacteriia","o__Flavobacteriales","f__Weeksellaceae","g__Chryseobacterium","s__Chryseobacterium_ginsenosidimutans"
"k__Bacteria|p__Pseudomonadota|c__Gammaproteobacteria|o__Lysobacterales|f__Rhodanobacteraceae|g__Luteibacter|s__Luteibacter_rhizovicinus","k__Bacteria","p__Pseudomonadota","c__Gammaproteobacteria","o__Lysobacterales","f__Rhodanobacteraceae","g__Luteibacter","s__Luteibacter_rhizovicinus"
"k__Bacteria|p__Actinomycetota|c__Actinomycetes|o__Micrococcales|f__Microbacteriaceae|g__Agreia|s__Agreia_sp_Leaf244","k__Bacteria","p__Actinomycetota","c__Actinomycetes","o__Micrococcales","f__Microbacteriaceae","g__Agreia","s__Agreia_sp_Leaf244"
"k__Bacteria|p__Actinomycetota|c__Actinomycetes|o__Micrococcales|f__Microbacteriaceae|g__Rathayibacter|s__Rathayibacter_festucae","k__Bacteria","p__Actinomycetota","c__Actinomycetes","o__Micrococcales","f__Microbacteriaceae","g__Rathayibacter","s__Rathayibacter_festucae"
"k__Bacteria|p__Cyanobacteriota|c__Cyanophyceae|o__Nostocales|f__Nostocaceae|g__Cylindrospermum|s__Cylindrospermum_sp_NIES_4074","k__Bacteria","p__Cyanobacteriota","c__Cyanophyceae","o__Nostocales","f__Nostocaceae","g__Cylindrospermum","s__Cylindrospermum_sp_NIES_4074"
"k__Bacteria|p__Pseudomonadota|c__Gammaproteobacteria|o__Lysobacterales|f__Rhodanobacteraceae|g__Luteibacter|s__Luteibacter_sp_9135","k__Bacteria","p__Pseudomonadota","c__Gammaproteobacteria","o__Lysobacterales","f__Rhodanobacteraceae","g__Luteibacter","s__Luteibacter_sp_9135"
"k__Bacteria|p__Pseudomonadota|c__Betaproteobacteria|o__Burkholderiales|f__Oxalobacteraceae|g__Oxalobacteraceae_unclassified|s__Oxalobacteraceae_bacterium_OTU3CAMAD1","k__Bacteria","p__Pseudomonadota","c__Betaproteobacteria","o__Burkholderiales","f__Oxalobacteraceae","g__","s__Oxalobacteraceae_bacterium_OTU3CAMAD1"
"k__Bacteria|p__Actinomycetota|c__Actinomycetes|o__Micrococcales|f__Microbacteriaceae|g__Frigoribacterium|s__Frigoribacterium_sp_Leaf172","k__Bacteria","p__Actinomycetota","c__Actinomycetes","o__Micrococcales","f__Microbacteriaceae","g__Frigoribacterium","s__Frigoribacterium_sp_Leaf172"
"k__Bacteria|p__Actinomycetota|c__Thermoleophilia|o__Solirubrobacterales|f__Baekduiaceae|g__Baekduia|s__Baekduia_alba","k__Bacteria","p__Actinomycetota","c__Thermoleophilia","o__Solirubrobacterales","f__Baekduiaceae","g__Baekduia","s__Baekduia_alba"
"k__Bacteria|p__Actinomycetota|c__Thermoleophilia|o__Solirubrobacterales|f__Conexibacteraceae|g__GGB94909|s__GGB94909_SGB175045","k__Bacteria","p__Actinomycetota","c__Thermoleophilia","o__Solirubrobacterales","f__Conexibacteraceae","g__GGB94909","s__GGB94909_SGB175045"
"k__Bacteria|p__Actinomycetota|c__Actinomycetes|o__Micrococcales|f__Microbacteriaceae|g__Frigoribacterium|s__Frigoribacterium_sp_CFBP_13729","k__Bacteria","p__Actinomycetota","c__Actinomycetes","o__Micrococcales","f__Microbacteriaceae","g__Frigoribacterium","s__Frigoribacterium_sp_CFBP_13729"
"k__Bacteria|p__Pseudomonadota|c__Alphaproteobacteria|o__Hyphomicrobiales|f__Devosiaceae|g__Devosia|s__Devosia_neptuniae","k__Bacteria","p__Pseudomonadota","c__Alphaproteobacteria","o__Hyphomicrobiales","f__Devosiaceae","g__Devosia","s__Devosia_neptuniae"
"k__Bacteria|p__Actinomycetota|c__Actinomycetes|o__Micrococcales|f__Microbacteriaceae|g__Rathayibacter|s__Rathayibacter_sp_VKM_Ac_2856","k__Bacteria","p__Actinomycetota","c__Actinomycetes","o__Micrococcales","f__Microbacteriaceae","g__Rathayibacter","s__Rathayibacter_sp_VKM_Ac_2856"
"k__Bacteria|p__Actinomycetota|c__Actinomycetes|o__Micrococcales|f__Microbacteriaceae|g__Microbacterium|s__Microbacterium_sp_1_5R","k__Bacteria","p__Actinomycetota","c__Actinomycetes","o__Micrococcales","f__Microbacteriaceae","g__Microbacterium","s__Microbacterium_sp_1_5R"
"k__Bacteria|p__Actinomycetota|c__Actinomycetes|o__Micromonosporales|f__Micromonosporaceae|g__Winogradskya|s__Winogradskya_humida","k__Bacteria","p__Actinomycetota","c__Actinomycetes","o__Micromonosporales","f__Micromonosporaceae","g__Winogradskya","s__Winogradskya_humida"
"k__Bacteria|p__Pseudomonadota|c__Gammaproteobacteria|o__Pseudomonadales|f__Pseudomonadaceae|g__Pseudomonas|s__Pseudomonas_caspiana","k__Bacteria","p__Pseudomonadota","c__Gammaproteobacteria","o__Pseudomonadales","f__Pseudomonadaceae","g__Pseudomonas","s__Pseudomonas_caspiana"
"k__Bacteria|p__Actinomycetota|c__Actinomycetes|o__Micrococcales|f__Microbacteriaceae|g__Microbacterium|s__Microbacterium_sp_WCS2018Hpa_23","k__Bacteria","p__Actinomycetota","c__Actinomycetes","o__Micrococcales","f__Microbacteriaceae","g__Microbacterium","s__Microbacterium_sp_WCS2018Hpa_23"
"k__Bacteria|p__Pseudomonadota|c__Alphaproteobacteria|o__Sphingomonadales|f__Sphingomonadaceae|g__Novosphingobium|s__Novosphingobium_sp_P6W","k__Bacteria","p__Pseudomonadota","c__Alphaproteobacteria","o__Sphingomonadales","f__Sphingomonadaceae","g__Novosphingobium","s__Novosphingobium_sp_P6W"
"k__Bacteria|p__Pseudomonadota|c__Betaproteobacteria|o__Burkholderiales|f__Comamonadaceae|g__Variovorax|s__Variovorax_sp_IB41","k__Bacteria","p__Pseudomonadota","c__Betaproteobacteria","o__Burkholderiales","f__Comamonadaceae","g__Variovorax","s__Variovorax_sp_IB41"
"k__Bacteria|p__Actinomycetota|c__Actinomycetes|o__Micrococcales|f__Microbacteriaceae|g__Microbacterium|s__Microbacterium_phyllosphaerae","k__Bacteria","p__Actinomycetota","c__Actinomycetes","o__Micrococcales","f__Microbacteriaceae","g__Microbacterium","s__Microbacterium_phyllosphaerae"
"k__Bacteria|p__Bacteroidota|c__Flavobacteriia|o__Flavobacteriales|f__Flavobacteriaceae|g__Flavobacterium|s__Flavobacterium_sp_LC2016_12","k__Bacteria","p__Bacteroidota","c__Flavobacteriia","o__Flavobacteriales","f__Flavobacteriaceae","g__Flavobacterium","s__Flavobacterium_sp_LC2016_12"
"k__Bacteria|p__Actinomycetota|c__Actinomycetes|o__Mycobacteriales|f__Nocardiaceae|g__Nocardia|s__Nocardia_salmonicida","k__Bacteria","p__Actinomycetota","c__Actinomycetes","o__Mycobacteriales","f__Nocardiaceae","g__Nocardia","s__Nocardia_salmonicida"
"k__Bacteria|p__Bacteroidota|c__Chitinophagia|o__Chitinophagales|f__Chitinophagaceae|g__GGB56636|s__GGB56636_SGB78053","k__Bacteria","p__Bacteroidota","c__Chitinophagia","o__Chitinophagales","f__Chitinophagaceae","g__GGB56636","s__GGB56636_SGB78053"
"k__Bacteria|p__Actinomycetota|c__Actinomycetes|o__Micrococcales|f__Microbacteriaceae|g__Microbacterium|s__Microbacterium_sp_ISL_103","k__Bacteria","p__Actinomycetota","c__Actinomycetes","o__Micrococcales","f__Microbacteriaceae","g__Microbacterium","s__Microbacterium_sp_ISL_103"
"k__Bacteria|p__Pseudomonadota|c__Alphaproteobacteria|o__Sphingomonadales|f__Sphingomonadaceae|g__Novosphingobium|s__Novosphingobium_sp_AP12","k__Bacteria","p__Pseudomonadota","c__Alphaproteobacteria","o__Sphingomonadales","f__Sphingomonadaceae","g__Novosphingobium","s__Novosphingobium_sp_AP12"
"k__Bacteria|p__Actinomycetota|c__Actinomycetes|o__Geodermatophilales|f__Geodermatophilaceae|g__Geodermatophilaceae_unclassified|s__Geodermatophilaceae_bacterium_NBWT11","k__Bacteria","p__Actinomycetota","c__Actinomycetes","o__Geodermatophilales","f__Geodermatophilaceae","g__","s__Geodermatophilaceae_bacterium_NBWT11"
"k__Bacteria|p__Actinomycetota|c__Actinomycetes|o__Micrococcales|f__Microbacteriaceae|g__Frigoribacterium|s__Frigoribacterium_sp_CFBP_8751","k__Bacteria","p__Actinomycetota","c__Actinomycetes","o__Micrococcales","f__Microbacteriaceae","g__Frigoribacterium","s__Frigoribacterium_sp_CFBP_8751"
"k__Bacteria|p__Pseudomonadota|c__Gammaproteobacteria|o__Pseudomonadales|f__Pseudomonadaceae|g__Pseudomonas|s__Pseudomonas_turukhanskensis","k__Bacteria","p__Pseudomonadota","c__Gammaproteobacteria","o__Pseudomonadales","f__Pseudomonadaceae","g__Pseudomonas","s__Pseudomonas_turukhanskensis"
"k__Bacteria|p__Actinomycetota|c__Actinomycetes|o__Propionibacteriales|f__Nocardioidaceae|g__Nocardioides|s__Nocardioides_sp_Root190","k__Bacteria","p__Actinomycetota","c__Actinomycetes","o__Propionibacteriales","f__Nocardioidaceae","g__Nocardioides","s__Nocardioides_sp_Root190"
"k__Bacteria|p__Pseudomonadota|c__Betaproteobacteria|o__Burkholderiales|f__Comamonadaceae|g__Variovorax|s__Variovorax_paradoxus","k__Bacteria","p__Pseudomonadota","c__Betaproteobacteria","o__Burkholderiales","f__Comamonadaceae","g__Variovorax","s__Variovorax_paradoxus"
"k__Bacteria|p__Actinomycetota|c__Actinomycetes|o__Micromonosporales|f__Micromonosporaceae|g__Actinoplanes|s__Actinoplanes_lutulentus","k__Bacteria","p__Actinomycetota","c__Actinomycetes","o__Micromonosporales","f__Micromonosporaceae","g__Actinoplanes","s__Actinoplanes_lutulentus"
"k__Bacteria|p__Bacteroidota|c__Sphingobacteriia|o__Sphingobacteriales|f__Sphingobacteriaceae|g__Pedobacter|s__Pedobacter_paludis","k__Bacteria","p__Bacteroidota","c__Sphingobacteriia","o__Sphingobacteriales","f__Sphingobacteriaceae","g__Pedobacter","s__Pedobacter_paludis"
"k__Bacteria|p__Actinomycetota|c__Actinomycetes|o__Micrococcales|f__Cellulomonadaceae|g__Cellulomonas|s__Cellulomonas_xylanilytica","k__Bacteria","p__Actinomycetota","c__Actinomycetes","o__Micrococcales","f__Cellulomonadaceae","g__Cellulomonas","s__Cellulomonas_xylanilytica"
"k__Bacteria|p__Bacteroidota|c__Sphingobacteriia|o__Sphingobacteriales|f__Sphingobacteriaceae|g__Pedobacter|s__Pedobacter_sp_CFBP9032","k__Bacteria","p__Bacteroidota","c__Sphingobacteriia","o__Sphingobacteriales","f__Sphingobacteriaceae","g__Pedobacter","s__Pedobacter_sp_CFBP9032"
"k__Bacteria|p__Pseudomonadota|c__Betaproteobacteria|o__Burkholderiales|f__Comamonadaceae|g__Paracidovorax|s__Paracidovorax_valerianellae","k__Bacteria","p__Pseudomonadota","c__Betaproteobacteria","o__Burkholderiales","f__Comamonadaceae","g__Paracidovorax","s__Paracidovorax_valerianellae"
"k__Bacteria|p__Actinomycetota|c__CFGB52786|o__OFGB52786|f__FGB52786|g__GGB64512|s__GGB64512_SGB87015","k__Bacteria","p__Actinomycetota","c__CFGB52786","o__OFGB52786","f__FGB52786","g__GGB64512","s__GGB64512_SGB87015"
"k__Bacteria|p__Actinomycetota|c__Actinomycetes|o__Micromonosporales|f__Micromonosporaceae|g__Pilimelia|s__Pilimelia_terevasa","k__Bacteria","p__Actinomycetota","c__Actinomycetes","o__Micromonosporales","f__Micromonosporaceae","g__Pilimelia","s__Pilimelia_terevasa"
"k__Bacteria|p__Actinomycetota|c__Rubrobacteria|o__Rubrobacterales|f__Rubrobacteraceae|g__GGB90717|s__GGB90717_SGB127357","k__Bacteria","p__Actinomycetota","c__Rubrobacteria","o__Rubrobacterales","f__Rubrobacteraceae","g__GGB90717","s__GGB90717_SGB127357"
"k__Bacteria|p__Actinomycetota|c__Rubrobacteria|o__Rubrobacterales|f__Rubrobacteraceae|g__GGB90707|s__GGB90707_SGB172208","k__Bacteria","p__Actinomycetota","c__Rubrobacteria","o__Rubrobacterales","f__Rubrobacteraceae","g__GGB90707","s__GGB90707_SGB172208"
"k__Bacteria|p__Actinomycetota|c__Actinomycetes|o__Micrococcales|f__Cellulomonadaceae|g__Cellulomonas|s__Cellulomonas_sp_NS3","k__Bacteria","p__Actinomycetota","c__Actinomycetes","o__Micrococcales","f__Cellulomonadaceae","g__Cellulomonas","s__Cellulomonas_sp_NS3"
"k__Bacteria|p__Actinomycetota|c__Thermoleophilia|o__Solirubrobacterales|f__Conexibacteraceae|g__GGB64304|s__GGB64304_SGB86758","k__Bacteria","p__Actinomycetota","c__Thermoleophilia","o__Solirubrobacterales","f__Conexibacteraceae","g__GGB64304","s__GGB64304_SGB86758"
"k__Bacteria|p__Pseudomonadota|c__Alphaproteobacteria|o__Micropepsales|f__Micropepsaceae|g__GGB35557|s__GGB35557_SGB184840","k__Bacteria","p__Pseudomonadota","c__Alphaproteobacteria","o__Micropepsales","f__Micropepsaceae","g__GGB35557","s__GGB35557_SGB184840"
"k__Bacteria|p__Pseudomonadota|c__Betaproteobacteria|o__Nitrosomonadales|f__Methylophilaceae|g__Methylophilus|s__Methylophilus_sp_Leaf408","k__Bacteria","p__Pseudomonadota","c__Betaproteobacteria","o__Nitrosomonadales","f__Methylophilaceae","g__Methylophilus","s__Methylophilus_sp_Leaf408"
"k__Bacteria|p__Bacteroidota|c__Cytophagia|o__Cytophagales|f__Spirosomataceae|g__Dyadobacter|s__Dyadobacter_psychrotolerans","k__Bacteria","p__Bacteroidota","c__Cytophagia","o__Cytophagales","f__Spirosomataceae","g__Dyadobacter","s__Dyadobacter_psychrotolerans"
"k__Bacteria|p__Pseudomonadota|c__Betaproteobacteria|o__Burkholderiales|f__Comamonadaceae|g__Variovorax|s__Variovorax_sp_PBL_H6","k__Bacteria","p__Pseudomonadota","c__Betaproteobacteria","o__Burkholderiales","f__Comamonadaceae","g__Variovorax","s__Variovorax_sp_PBL_H6"
"k__Archaea|p__Nitrososphaerota|c__Nitrososphaeria|o__Nitrososphaerales|f__Nitrososphaerales_unclassified|g__Nitrososphaerales_unclassified|s__Nitrososphaerales_unclassified_SGB122549","k__Archaea","p__Nitrososphaerota","c__Nitrososphaeria","o__Nitrososphaerales","f__","g__","s__"
"k__Bacteria|p__Pseudomonadota|c__Gammaproteobacteria|o__Pseudomonadales|f__Pseudomonadaceae|g__Pseudomonas|s__Pseudomonas_maioricensis","k__Bacteria","p__Pseudomonadota","c__Gammaproteobacteria","o__Pseudomonadales","f__Pseudomonadaceae","g__Pseudomonas","s__Pseudomonas_maioricensis"
"k__Bacteria|p__Actinomycetota|c__Actinomycetes|o__Mycobacteriales|f__Nocardiaceae|g__Williamsia|s__Williamsia_phyllosphaerae","k__Bacteria","p__Actinomycetota","c__Actinomycetes","o__Mycobacteriales","f__Nocardiaceae","g__Williamsia","s__Williamsia_phyllosphaerae"
"k__Bacteria|p__Pseudomonadota|c__Alphaproteobacteria|o__Hyphomicrobiales|f__Methylobacteriaceae|g__Microvirga|s__Microvirga_tunisiensis","k__Bacteria","p__Pseudomonadota","c__Alphaproteobacteria","o__Hyphomicrobiales","f__Methylobacteriaceae","g__Microvirga","s__Microvirga_tunisiensis"
"k__Bacteria|p__Bacteroidota|c__Sphingobacteriia|o__Sphingobacteriales|f__Sphingobacteriaceae|g__Mucilaginibacter|s__Mucilaginibacter_aquariorum","k__Bacteria","p__Bacteroidota","c__Sphingobacteriia","o__Sphingobacteriales","f__Sphingobacteriaceae","g__Mucilaginibacter","s__Mucilaginibacter_aquariorum"
"k__Bacteria|p__Pseudomonadota|c__Gammaproteobacteria|o__Pseudomonadales|f__Pseudomonadaceae|g__Pseudomonas|s__Pseudomonas_tritici","k__Bacteria","p__Pseudomonadota","c__Gammaproteobacteria","o__Pseudomonadales","f__Pseudomonadaceae","g__Pseudomonas","s__Pseudomonas_tritici"
"k__Bacteria|p__Pseudomonadota|c__Alphaproteobacteria|o__Sphingomonadales|f__Sphingomonadaceae|g__Sphingomonas|s__Sphingomonas_phyllosphaerae","k__Bacteria","p__Pseudomonadota","c__Alphaproteobacteria","o__Sphingomonadales","f__Sphingomonadaceae","g__Sphingomonas","s__Sphingomonas_phyllosphaerae"
"k__Bacteria|p__Pseudomonadota|c__Alphaproteobacteria|o__Hyphomicrobiales|f__Methylobacteriaceae|g__Methylobacterium|s__Methylobacterium_sp_E_065","k__Bacteria","p__Pseudomonadota","c__Alphaproteobacteria","o__Hyphomicrobiales","f__Methylobacteriaceae","g__Methylobacterium","s__Methylobacterium_sp_E_065"
"k__Bacteria|p__Actinomycetota|c__Actinomycetes|o__Propionibacteriales|f__Propionibacteriaceae|g__Cutibacterium|s__Cutibacterium_modestum","k__Bacteria","p__Actinomycetota","c__Actinomycetes","o__Propionibacteriales","f__Propionibacteriaceae","g__Cutibacterium","s__Cutibacterium_modestum"
"k__Bacteria|p__Actinomycetota|c__Actinomycetes|o__Propionibacteriales|f__Propionibacteriaceae|g__Cutibacterium|s__Cutibacterium_acnes","k__Bacteria","p__Actinomycetota","c__Actinomycetes","o__Propionibacteriales","f__Propionibacteriaceae","g__Cutibacterium","s__Cutibacterium_acnes"
"k__Bacteria|p__Pseudomonadota|c__Gammaproteobacteria|o__Enterobacterales|f__Erwiniaceae|g__Pantoea|s__Candidatus_Pantoea_bituminis","k__Bacteria","p__Pseudomonadota","c__Gammaproteobacteria","o__Enterobacterales","f__Erwiniaceae","g__Pantoea","s__Candidatus_Pantoea_bituminis"
"k__Bacteria|p__Pseudomonadota|c__Betaproteobacteria|o__Burkholderiales|f__Burkholderiaceae|g__Caballeronia|s__Caballeronia_sp_GACF4","k__Bacteria","p__Pseudomonadota","c__Betaproteobacteria","o__Burkholderiales","f__Burkholderiaceae","g__Caballeronia","s__Caballeronia_sp_GACF4"
"k__Bacteria|p__Pseudomonadota|c__Alphaproteobacteria|o__Sphingomonadales|f__Sphingomonadaceae|g__Sphingomonas|s__Sphingomonas_sp_SUN019","k__Bacteria","p__Pseudomonadota","c__Alphaproteobacteria","o__Sphingomonadales","f__Sphingomonadaceae","g__Sphingomonas","s__Sphingomonas_sp_SUN019"
"k__Bacteria|p__Verrucomicrobiota|c__Verrucomicrobiia|o__Verrucomicrobiales|f__Verrucomicrobiaceae|g__Verrucomicrobium|s__Verrucomicrobium_sp_GAS474","k__Bacteria","p__Verrucomicrobiota","c__Verrucomicrobiia","o__Verrucomicrobiales","f__Verrucomicrobiaceae","g__Verrucomicrobium","s__Verrucomicrobium_sp_GAS474"
"k__Bacteria|p__Actinomycetota|c__Actinomycetes|o__Kitasatosporales|f__Streptomycetaceae|g__Streptomyces|s__Streptomyces_sp_M41_2017","k__Bacteria","p__Actinomycetota","c__Actinomycetes","o__Kitasatosporales","f__Streptomycetaceae","g__Streptomyces","s__Streptomyces_sp_M41_2017"
"k__Bacteria|p__Pseudomonadota|c__Alphaproteobacteria|o__Sphingomonadales|f__Sphingomonadaceae|g__Sphingomonas|s__Sphingomonas_aerophila","k__Bacteria","p__Pseudomonadota","c__Alphaproteobacteria","o__Sphingomonadales","f__Sphingomonadaceae","g__Sphingomonas","s__Sphingomonas_aerophila"
"k__Bacteria|p__Pseudomonadota|c__Gammaproteobacteria|o__Lysobacterales|f__Lysobacteraceae|g__Pseudoxanthomonas|s__Pseudoxanthomonas_sp_GM95","k__Bacteria","p__Pseudomonadota","c__Gammaproteobacteria","o__Lysobacterales","f__Lysobacteraceae","g__Pseudoxanthomonas","s__Pseudoxanthomonas_sp_GM95"
"k__Bacteria|p__Actinomycetota|c__CFGB5337|o__OFGB5337|f__FGB5337|g__GGB69348|s__GGB69348_SGB130111","k__Bacteria","p__Actinomycetota","c__CFGB5337","o__OFGB5337","f__FGB5337","g__GGB69348","s__GGB69348_SGB130111"
"k__Bacteria|p__Pseudomonadota|c__Gammaproteobacteria|o__Pseudomonadales|f__Pseudomonadaceae|g__Pseudomonas|s__Pseudomonas_atacamensis","k__Bacteria","p__Pseudomonadota","c__Gammaproteobacteria","o__Pseudomonadales","f__Pseudomonadaceae","g__Pseudomonas","s__Pseudomonas_atacamensis"
"k__Bacteria|p__Actinomycetota|c__Actinomycetes|o__Micrococcales|f__Microbacteriaceae|g__GGB78124|s__GGB78124_SGB107584","k__Bacteria","p__Actinomycetota","c__Actinomycetes","o__Micrococcales","f__Microbacteriaceae","g__GGB78124","s__GGB78124_SGB107584"
"k__Bacteria|p__Actinomycetota|c__Actinomycetes|o__Micrococcales|f__Microbacteriaceae|g__Herbiconiux|s__Herbiconiux_solani","k__Bacteria","p__Actinomycetota","c__Actinomycetes","o__Micrococcales","f__Microbacteriaceae","g__Herbiconiux","s__Herbiconiux_solani"
"k__Bacteria|p__Bacteroidota|c__Cytophagia|o__Cytophagales|f__Fulvivirgaceae|g__Parachryseolinea|s__Parachryseolinea_silvisoli","k__Bacteria","p__Bacteroidota","c__Cytophagia","o__Cytophagales","f__Fulvivirgaceae","g__Parachryseolinea","s__Parachryseolinea_silvisoli"
"k__Bacteria|p__Bacteroidota|c__Flavobacteriia|o__Flavobacteriales|f__Flavobacteriaceae|g__Flavobacterium|s__Flavobacterium_subsaxonicum","k__Bacteria","p__Bacteroidota","c__Flavobacteriia","o__Flavobacteriales","f__Flavobacteriaceae","g__Flavobacterium","s__Flavobacterium_subsaxonicum"
"k__Bacteria|p__Pseudomonadota|c__Gammaproteobacteria|o__Enterobacterales|f__Enterobacteriaceae|g__Edaphovirga|s__Edaphovirga_cremea","k__Bacteria","p__Pseudomonadota","c__Gammaproteobacteria","o__Enterobacterales","f__Enterobacteriaceae","g__Edaphovirga","s__Edaphovirga_cremea"
"k__Bacteria|p__Actinomycetota|c__Actinomycetes|o__Micromonosporales|f__Micromonosporaceae|g__Paractinoplanes|s__Paractinoplanes_durhamensis","k__Bacteria","p__Actinomycetota","c__Actinomycetes","o__Micromonosporales","f__Micromonosporaceae","g__Paractinoplanes","s__Paractinoplanes_durhamensis"
"k__Bacteria|p__Actinomycetota|c__Actinomycetes|o__Micrococcales|f__Microbacteriaceae|g__Leifsonia|s__Leifsonia_flava","k__Bacteria","p__Actinomycetota","c__Actinomycetes","o__Micrococcales","f__Microbacteriaceae","g__Leifsonia","s__Leifsonia_flava"
"k__Bacteria|p__Actinomycetota|c__Actinomycetes|o__Propionibacteriales|f__Nocardioidaceae|g__Nocardioides|s__Nocardioides_sp_SR21","k__Bacteria","p__Actinomycetota","c__Actinomycetes","o__Propionibacteriales","f__Nocardioidaceae","g__Nocardioides","s__Nocardioides_sp_SR21"
"k__Bacteria|p__Bacteroidota|c__Flavobacteriia|o__Flavobacteriales|f__Flavobacteriaceae|g__Flavobacterium|s__Flavobacterium_saccharophilum","k__Bacteria","p__Bacteroidota","c__Flavobacteriia","o__Flavobacteriales","f__Flavobacteriaceae","g__Flavobacterium","s__Flavobacterium_saccharophilum"
"k__Bacteria|p__Verrucomicrobiota|c__Verrucomicrobiia|o__Verrucomicrobiales|f__Verrucomicrobiaceae|g__Haloferula|s__Haloferula_sp_BvORR071","k__Bacteria","p__Verrucomicrobiota","c__Verrucomicrobiia","o__Verrucomicrobiales","f__Verrucomicrobiaceae","g__Haloferula","s__Haloferula_sp_BvORR071"
"k__Bacteria|p__Bacteroidota|c__Flavobacteriia|o__Flavobacteriales|f__Flavobacteriaceae|g__Flavobacterium|s__Flavobacterium_pallidum","k__Bacteria","p__Bacteroidota","c__Flavobacteriia","o__Flavobacteriales","f__Flavobacteriaceae","g__Flavobacterium","s__Flavobacterium_pallidum"
"k__Bacteria|p__Bacteroidota|c__CFGB54646|o__OFGB54646|f__FGB54646|g__GGB57743|s__GGB57743_SGB79350","k__Bacteria","p__Bacteroidota","c__CFGB54646","o__OFGB54646","f__FGB54646","g__GGB57743","s__GGB57743_SGB79350"
"k__Bacteria|p__Pseudomonadota|c__Betaproteobacteria|o__Burkholderiales|f__Sphaerotilaceae|g__Ideonella|s__Ideonella_azotifigens","k__Bacteria","p__Pseudomonadota","c__Betaproteobacteria","o__Burkholderiales","f__Sphaerotilaceae","g__Ideonella","s__Ideonella_azotifigens"
"k__Bacteria|p__Pseudomonadota|c__Alphaproteobacteria|o__Hyphomicrobiales|f__Alsobacteraceae|g__Alsobacter|s__Alsobacter_metallidurans","k__Bacteria","p__Pseudomonadota","c__Alphaproteobacteria","o__Hyphomicrobiales","f__Alsobacteraceae","g__Alsobacter","s__Alsobacter_metallidurans"
"k__Bacteria|p__Bacteroidota|c__Cytophagia|o__Cytophagales|f__Spirosomataceae|g__Dyadobacter|s__Dyadobacter_bucti","k__Bacteria","p__Bacteroidota","c__Cytophagia","o__Cytophagales","f__Spirosomataceae","g__Dyadobacter","s__Dyadobacter_bucti"
"k__Bacteria|p__Pseudomonadota|c__Gammaproteobacteria|o__Enterobacterales|f__Yersiniaceae|g__Rahnella|s__Rahnella_variigena","k__Bacteria","p__Pseudomonadota","c__Gammaproteobacteria","o__Enterobacterales","f__Yersiniaceae","g__Rahnella","s__Rahnella_variigena"
"k__Bacteria|p__Pseudomonadota|c__Alphaproteobacteria|o__Hyphomicrobiales|f__Rhizobiaceae|g__Aliirhizobium|s__Aliirhizobium_smilacinae","k__Bacteria","p__Pseudomonadota","c__Alphaproteobacteria","o__Hyphomicrobiales","f__Rhizobiaceae","g__Aliirhizobium","s__Aliirhizobium_smilacinae"
"k__Bacteria|p__Pseudomonadota|c__Alphaproteobacteria|o__Caulobacterales|f__Caulobacteraceae|g__Brevundimonas|s__Brevundimonas_sp_G8","k__Bacteria","p__Pseudomonadota","c__Alphaproteobacteria","o__Caulobacterales","f__Caulobacteraceae","g__Brevundimonas","s__Brevundimonas_sp_G8"
"k__Bacteria|p__Actinomycetota|c__Actinomycetes|o__Kineosporiales|f__Kineosporiaceae|g__Kineosporia|s__Kineosporia_mesophila","k__Bacteria","p__Actinomycetota","c__Actinomycetes","o__Kineosporiales","f__Kineosporiaceae","g__Kineosporia","s__Kineosporia_mesophila"
"k__Bacteria|p__Pseudomonadota|c__Betaproteobacteria|o__Burkholderiales|f__Alcaligenaceae|g__Achromobacter|s__Achromobacter_SGB179249","k__Bacteria","p__Pseudomonadota","c__Betaproteobacteria","o__Burkholderiales","f__Alcaligenaceae","g__Achromobacter","s__Achromobacter_SGB179249"
"k__Bacteria|p__Pseudomonadota|c__Betaproteobacteria|o__Burkholderiales|f__Sphaerotilaceae|g__Roseateles|s__Roseateles_agri","k__Bacteria","p__Pseudomonadota","c__Betaproteobacteria","o__Burkholderiales","f__Sphaerotilaceae","g__Roseateles","s__Roseateles_agri"
"k__Bacteria|p__Actinomycetota|c__Actinomycetes|o__Streptosporangiales|f__Treboniaceae|g__GGB52803|s__GGB52803_SGB130045","k__Bacteria","p__Actinomycetota","c__Actinomycetes","o__Streptosporangiales","f__Treboniaceae","g__GGB52803","s__GGB52803_SGB130045"
"k__Bacteria|p__Bacteroidota|c__Sphingobacteriia|o__Sphingobacteriales|f__Sphingobacteriaceae|g__Mucilaginibacter|s__Mucilaginibacter_aurantiaciroseus","k__Bacteria","p__Bacteroidota","c__Sphingobacteriia","o__Sphingobacteriales","f__Sphingobacteriaceae","g__Mucilaginibacter","s__Mucilaginibacter_aurantiaciroseus"
"k__Bacteria|p__Verrucomicrobiota|c__Verrucomicrobiota_unclassified|o__Verrucomicrobiota_unclassified|f__Verrucomicrobiota_unclassified|g__GGB95732|s__GGB95732_SGB125583","k__Bacteria","p__Verrucomicrobiota","c__","o__","f__","g__GGB95732","s__GGB95732_SGB125583"
"k__Bacteria|p__Pseudomonadota|c__Betaproteobacteria|o__Burkholderiales|f__Oxalobacteraceae|g__Herbaspirillum|s__Herbaspirillum_lusitanum","k__Bacteria","p__Pseudomonadota","c__Betaproteobacteria","o__Burkholderiales","f__Oxalobacteraceae","g__Herbaspirillum","s__Herbaspirillum_lusitanum"
"k__Bacteria|p__Acidobacteriota|c__Terriglobia|o__Terriglobales|f__Acidobacteriaceae|g__Granulicella|s__Granulicella_aggregans","k__Bacteria","p__Acidobacteriota","c__Terriglobia","o__Terriglobales","f__Acidobacteriaceae","g__Granulicella","s__Granulicella_aggregans"
"k__Bacteria|p__Actinomycetota|c__Thermoleophilia|o__Gaiellales|f__Gaiellaceae|g__GGB94654|s__GGB94654_SGB128677","k__Bacteria","p__Actinomycetota","c__Thermoleophilia","o__Gaiellales","f__Gaiellaceae","g__GGB94654","s__GGB94654_SGB128677"
"k__Bacteria|p__Pseudomonadota|c__Betaproteobacteria|o__Burkholderiales|f__Oxalobacteraceae|g__Janthinobacterium|s__Janthinobacterium_sp_AD80","k__Bacteria","p__Pseudomonadota","c__Betaproteobacteria","o__Burkholderiales","f__Oxalobacteraceae","g__Janthinobacterium","s__Janthinobacterium_sp_AD80"
"k__Bacteria|p__Pseudomonadota|c__Betaproteobacteria|o__Burkholderiales|f__Oxalobacteraceae|g__Duganella|s__Duganella_dendranthematis","k__Bacteria","p__Pseudomonadota","c__Betaproteobacteria","o__Burkholderiales","f__Oxalobacteraceae","g__Duganella","s__Duganella_dendranthematis"
"k__Bacteria|p__Chloroflexota|c__CFGB90239|o__OFGB90239|f__FGB90239|g__GGB36622|s__GGB36622_SGB123618","k__Bacteria","p__Chloroflexota","c__CFGB90239","o__OFGB90239","f__FGB90239","g__GGB36622","s__GGB36622_SGB123618"
"k__Bacteria|p__Pseudomonadota|c__Gammaproteobacteria|o__Enterobacterales|f__Yersiniaceae|g__Rahnella|s__Rahnella_perminowiae","k__Bacteria","p__Pseudomonadota","c__Gammaproteobacteria","o__Enterobacterales","f__Yersiniaceae","g__Rahnella","s__Rahnella_perminowiae"
"k__Bacteria|p__Pseudomonadota|c__Alphaproteobacteria|o__Rhodospirillales|f__Dongiaceae|g__GGB49317|s__GGB49317_SGB56530","k__Bacteria","p__Pseudomonadota","c__Alphaproteobacteria","o__Rhodospirillales","f__Dongiaceae","g__GGB49317","s__GGB49317_SGB56530"
"k__Bacteria|p__Pseudomonadota|c__Gammaproteobacteria|o__Pseudomonadales|f__Pseudomonadaceae|g__Pseudomonas|s__Pseudomonas_helleri","k__Bacteria","p__Pseudomonadota","c__Gammaproteobacteria","o__Pseudomonadales","f__Pseudomonadaceae","g__Pseudomonas","s__Pseudomonas_helleri"
"k__Bacteria|p__Chloroflexota|c__CFGB90239|o__OFGB90239|f__FGB90239|g__GGB32365|s__GGB32365_SGB48705","k__Bacteria","p__Chloroflexota","c__CFGB90239","o__OFGB90239","f__FGB90239","g__GGB32365","s__GGB32365_SGB48705"
"k__Bacteria|p__Pseudomonadota|c__Alphaproteobacteria|o__Sphingomonadales|f__Sphingomonadaceae|g__Sphingomonas|s__Sphingomonas_sp_KRR8","k__Bacteria","p__Pseudomonadota","c__Alphaproteobacteria","o__Sphingomonadales","f__Sphingomonadaceae","g__Sphingomonas","s__Sphingomonas_sp_KRR8"
"k__Bacteria|p__Pseudomonadota|c__Betaproteobacteria|o__Burkholderiales|f__Oxalobacteraceae|g__Duganella|s__Duganella_vulcania","k__Bacteria","p__Pseudomonadota","c__Betaproteobacteria","o__Burkholderiales","f__Oxalobacteraceae","g__Duganella","s__Duganella_vulcania"
"k__Bacteria|p__Pseudomonadota|c__Betaproteobacteria|o__Burkholderiales|f__Oxalobacteraceae|g__Duganella|s__Duganella_margarita","k__Bacteria","p__Pseudomonadota","c__Betaproteobacteria","o__Burkholderiales","f__Oxalobacteraceae","g__Duganella","s__Duganella_margarita"
"k__Bacteria|p__Pseudomonadota|c__Betaproteobacteria|o__Burkholderiales|f__Burkholderiaceae|g__Caballeronia|s__Caballeronia_glebae","k__Bacteria","p__Pseudomonadota","c__Betaproteobacteria","o__Burkholderiales","f__Burkholderiaceae","g__Caballeronia","s__Caballeronia_glebae"
"k__Bacteria|p__Bacteroidota|c__Sphingobacteriia|o__Sphingobacteriales|f__Sphingobacteriaceae|g__Pedobacter|s__Pedobacter_jeongneungensis","k__Bacteria","p__Bacteroidota","c__Sphingobacteriia","o__Sphingobacteriales","f__Sphingobacteriaceae","g__Pedobacter","s__Pedobacter_jeongneungensis"
"k__Bacteria|p__Pseudomonadota|c__Betaproteobacteria|o__Burkholderiales|f__Oxalobacteraceae|g__Duganella|s__Duganella_levis","k__Bacteria","p__Pseudomonadota","c__Betaproteobacteria","o__Burkholderiales","f__Oxalobacteraceae","g__Duganella","s__Duganella_levis"
"k__Bacteria|p__Pseudomonadota|c__Betaproteobacteria|o__Burkholderiales|f__Sphaerotilaceae|g__Scleromatobacter|s__Scleromatobacter_SGB88437","k__Bacteria","p__Pseudomonadota","c__Betaproteobacteria","o__Burkholderiales","f__Sphaerotilaceae","g__Scleromatobacter","s__Scleromatobacter_SGB88437"
"k__Bacteria|p__Actinomycetota|c__CFGB5329|o__OFGB5329|f__FGB5329|g__GGB93945|s__GGB93945_SGB129814","k__Bacteria","p__Actinomycetota","c__CFGB5329","o__OFGB5329","f__FGB5329","g__GGB93945","s__GGB93945_SGB129814"
"k__Bacteria|p__Actinomycetota|c__Thermoleophilia|o__Solirubrobacterales|f__Paraconexibacteraceae|g__Paraconexibacter|s__Paraconexibacter_antarcticus","k__Bacteria","p__Actinomycetota","c__Thermoleophilia","o__Solirubrobacterales","f__Paraconexibacteraceae","g__Paraconexibacter","s__Paraconexibacter_antarcticus"
"k__Bacteria|p__Actinomycetota|c__Actinomycetes|o__Streptosporangiales|f__Treboniaceae|g__GGB38450|s__GGB38450_SGB55642","k__Bacteria","p__Actinomycetota","c__Actinomycetes","o__Streptosporangiales","f__Treboniaceae","g__GGB38450","s__GGB38450_SGB55642"
"k__Bacteria|p__Actinomycetota|c__Actinomycetes|o__Propionibacteriales|f__Nocardioidaceae|g__Nocardioides|s__Nocardioides_cynanchi","k__Bacteria","p__Actinomycetota","c__Actinomycetes","o__Propionibacteriales","f__Nocardioidaceae","g__Nocardioides","s__Nocardioides_cynanchi"
"k__Bacteria|p__Pseudomonadota|c__Betaproteobacteria|o__Burkholderiales|f__Sphaerotilaceae|g__Scleromatobacter|s__Scleromatobacter_humisilvae","k__Bacteria","p__Pseudomonadota","c__Betaproteobacteria","o__Burkholderiales","f__Sphaerotilaceae","g__Scleromatobacter","s__Scleromatobacter_humisilvae"
"k__Bacteria|p__Actinomycetota|c__Actinomycetes|o__Kitasatosporales|f__Streptomycetaceae|g__GGB94264|s__GGB94264_SGB130266","k__Bacteria","p__Actinomycetota","c__Actinomycetes","o__Kitasatosporales","f__Streptomycetaceae","g__GGB94264","s__GGB94264_SGB130266"
"k__Bacteria|p__Bacteria_unclassified|c__Bacteria_unclassified|o__Bacteria_unclassified|f__Bacteria_unclassified|g__GGB74783|s__GGB74783_SGB55377","k__Bacteria","p__","c__","o__","f__","g__GGB74783","s__GGB74783_SGB55377"
"k__Bacteria|p__Pseudomonadota|c__Gammaproteobacteria|o__Pseudomonadales|f__Pseudomonadaceae|g__Pseudomonas|s__Pseudomonas_sp_HR96","k__Bacteria","p__Pseudomonadota","c__Gammaproteobacteria","o__Pseudomonadales","f__Pseudomonadaceae","g__Pseudomonas","s__Pseudomonas_sp_HR96"
"k__Bacteria|p__Acidobacteriota|c__Terriglobia|o__Terriglobales|f__Acidobacteriaceae|g__Acidobacteriaceae_unclassified|s__Acidobacteriaceae_bacterium_KBS_83","k__Bacteria","p__Acidobacteriota","c__Terriglobia","o__Terriglobales","f__Acidobacteriaceae","g__","s__Acidobacteriaceae_bacterium_KBS_83"
"k__Bacteria|p__Actinomycetota|c__CFGB10042|o__OFGB10042|f__FGB10042|g__GGB93793|s__GGB93793_SGB129553","k__Bacteria","p__Actinomycetota","c__CFGB10042","o__OFGB10042","f__FGB10042","g__GGB93793","s__GGB93793_SGB129553"
"k__Bacteria|p__Pseudomonadota|c__Betaproteobacteria|o__Burkholderiales|f__Oxalobacteraceae|g__Duganella|s__Duganella_phyllosphaerae","k__Bacteria","p__Pseudomonadota","c__Betaproteobacteria","o__Burkholderiales","f__Oxalobacteraceae","g__Duganella","s__Duganella_phyllosphaerae"
"k__Bacteria|p__Actinomycetota|c__Actinomycetes|o__Micrococcales|f__Intrasporangiaceae|g__Pedococcus|s__Pedococcus_bigeumensis","k__Bacteria","p__Actinomycetota","c__Actinomycetes","o__Micrococcales","f__Intrasporangiaceae","g__Pedococcus","s__Pedococcus_bigeumensis"
"k__Bacteria|p__Pseudomonadota|c__Betaproteobacteria|o__Burkholderiales|f__Oxalobacteraceae|g__Massilia|s__Massilia_litorea","k__Bacteria","p__Pseudomonadota","c__Betaproteobacteria","o__Burkholderiales","f__Oxalobacteraceae","g__Massilia","s__Massilia_litorea"
"k__Bacteria|p__Actinomycetota|c__Actinomycetes|o__Micrococcales|f__Intrasporangiaceae|g__Janibacter|s__Janibacter_sp_HTCC2649","k__Bacteria","p__Actinomycetota","c__Actinomycetes","o__Micrococcales","f__Intrasporangiaceae","g__Janibacter","s__Janibacter_sp_HTCC2649"
"k__Bacteria|p__Actinomycetota|c__Actinomycetes|o__Micrococcales|f__Micrococcaceae|g__Arthrobacter|s__Arthrobacter_sp_Leaf141","k__Bacteria","p__Actinomycetota","c__Actinomycetes","o__Micrococcales","f__Micrococcaceae","g__Arthrobacter","s__Arthrobacter_sp_Leaf141"
"k__Bacteria|p__Actinomycetota|c__Actinomycetes|o__Micrococcales|f__Micrococcaceae|g__Pseudarthrobacter|s__Pseudarthrobacter_siccitolerans","k__Bacteria","p__Actinomycetota","c__Actinomycetes","o__Micrococcales","f__Micrococcaceae","g__Pseudarthrobacter","s__Pseudarthrobacter_siccitolerans"
"k__Bacteria|p__Actinomycetota|c__Thermoleophilia|o__Gaiellales|f__Gaiellaceae|g__GGB94540|s__GGB94540_SGB129003","k__Bacteria","p__Actinomycetota","c__Thermoleophilia","o__Gaiellales","f__Gaiellaceae","g__GGB94540","s__GGB94540_SGB129003"
"k__Bacteria|p__Actinomycetota|c__Actinomycetes|o__Geodermatophilales|f__Geodermatophilaceae|g__Modestobacter|s__Modestobacter_marinus","k__Bacteria","p__Actinomycetota","c__Actinomycetes","o__Geodermatophilales","f__Geodermatophilaceae","g__Modestobacter","s__Modestobacter_marinus"
"k__Bacteria|p__Actinomycetota|c__Actinomycetes|o__Geodermatophilales|f__Geodermatophilaceae|g__Blastococcus|s__Blastococcus_sp_CT_GayMR19","k__Bacteria","p__Actinomycetota","c__Actinomycetes","o__Geodermatophilales","f__Geodermatophilaceae","g__Blastococcus","s__Blastococcus_sp_CT_GayMR19"
"k__Bacteria|p__Pseudomonadota|c__Alphaproteobacteria|o__Hyphomicrobiales|f__Phyllobacteriaceae|g__Phyllobacterium|s__Candidatus_Phyllobacterium_onerii","k__Bacteria","p__Pseudomonadota","c__Alphaproteobacteria","o__Hyphomicrobiales","f__Phyllobacteriaceae","g__Phyllobacterium","s__Candidatus_Phyllobacterium_onerii"
"k__Bacteria|p__Pseudomonadota|c__Gammaproteobacteria|o__Lysobacterales|f__Rhodanobacteraceae|g__Rhodanobacter|s__Rhodanobacter_sp_ANJX3","k__Bacteria","p__Pseudomonadota","c__Gammaproteobacteria","o__Lysobacterales","f__Rhodanobacteraceae","g__Rhodanobacter","s__Rhodanobacter_sp_ANJX3"
"k__Bacteria|p__Pseudomonadota|c__Alphaproteobacteria|o__Hyphomicrobiales|f__Rhizobiaceae|g__Rhizobium|s__Rhizobium_rhododendri","k__Bacteria","p__Pseudomonadota","c__Alphaproteobacteria","o__Hyphomicrobiales","f__Rhizobiaceae","g__Rhizobium","s__Rhizobium_rhododendri"
"k__Bacteria|p__Pseudomonadota|c__Alphaproteobacteria|o__Hyphomicrobiales|f__Nitrobacteraceae|g__GGB92548|s__GGB92548_SGB133250","k__Bacteria","p__Pseudomonadota","c__Alphaproteobacteria","o__Hyphomicrobiales","f__Nitrobacteraceae","g__GGB92548","s__GGB92548_SGB133250"
"k__Bacteria|p__Pseudomonadota|c__Alphaproteobacteria|o__Hyphomicrobiales|f__Nitrobacteraceae|g__Bradyrhizobium|s__Bradyrhizobium_sp_dw_411","k__Bacteria","p__Pseudomonadota","c__Alphaproteobacteria","o__Hyphomicrobiales","f__Nitrobacteraceae","g__Bradyrhizobium","s__Bradyrhizobium_sp_dw_411"
"k__Bacteria|p__Actinomycetota|c__Actinomycetes|o__Mycobacteriales|f__Mycobacteriaceae|g__GGB64395|s__GGB64395_SGB175698","k__Bacteria","p__Actinomycetota","c__Actinomycetes","o__Mycobacteriales","f__Mycobacteriaceae","g__GGB64395","s__GGB64395_SGB175698"
"k__Bacteria|p__Pseudomonadota|c__Betaproteobacteria|o__Burkholderiales|f__Burkholderiaceae|g__Burkholderia|s__Burkholderia_sp_S171","k__Bacteria","p__Pseudomonadota","c__Betaproteobacteria","o__Burkholderiales","f__Burkholderiaceae","g__Burkholderia","s__Burkholderia_sp_S171"
"k__Bacteria|p__Pseudomonadota|c__Betaproteobacteria|o__Burkholderiales|f__Burkholderiaceae|g__Paraburkholderia|s__Paraburkholderia_graminis","k__Bacteria","p__Pseudomonadota","c__Betaproteobacteria","o__Burkholderiales","f__Burkholderiaceae","g__Paraburkholderia","s__Paraburkholderia_graminis"
"k__Bacteria|p__Bacteroidota|c__Sphingobacteriia|o__Sphingobacteriales|f__Sphingobacteriaceae|g__Mucilaginibacter|s__Mucilaginibacter_dorajii","k__Bacteria","p__Bacteroidota","c__Sphingobacteriia","o__Sphingobacteriales","f__Sphingobacteriaceae","g__Mucilaginibacter","s__Mucilaginibacter_dorajii"
"k__Bacteria|p__Pseudomonadota|c__Alphaproteobacteria|o__Hyphomicrobiales|f__Nitrobacteraceae|g__GGB92593|s__GGB92593_SGB133378","k__Bacteria","p__Pseudomonadota","c__Alphaproteobacteria","o__Hyphomicrobiales","f__Nitrobacteraceae","g__GGB92593","s__GGB92593_SGB133378"
"k__Bacteria|p__Pseudomonadota|c__Betaproteobacteria|o__Nitrosomonadales|f__Methylophilaceae|g__Methyloradius|s__Methyloradius_palustris","k__Bacteria","p__Pseudomonadota","c__Betaproteobacteria","o__Nitrosomonadales","f__Methylophilaceae","g__Methyloradius","s__Methyloradius_palustris"
"k__Bacteria|p__Bacteroidota|c__Sphingobacteriia|o__Sphingobacteriales|f__Sphingobacteriaceae|g__Mucilaginibacter|s__Mucilaginibacter_glaciei","k__Bacteria","p__Bacteroidota","c__Sphingobacteriia","o__Sphingobacteriales","f__Sphingobacteriaceae","g__Mucilaginibacter","s__Mucilaginibacter_glaciei"
"k__Bacteria|p__Pseudomonadota|c__Betaproteobacteria|o__Burkholderiales|f__Comamonadaceae|g__Variovorax|s__Variovorax_SGB108209","k__Bacteria","p__Pseudomonadota","c__Betaproteobacteria","o__Burkholderiales","f__Comamonadaceae","g__Variovorax","s__Variovorax_SGB108209"
"k__Bacteria|p__Pseudomonadota|c__Alphaproteobacteria|o__Hyphomicrobiales|f__Rhizobiaceae|g__Rhizobium|s__Rhizobium_SGB205558","k__Bacteria","p__Pseudomonadota","c__Alphaproteobacteria","o__Hyphomicrobiales","f__Rhizobiaceae","g__Rhizobium","s__Rhizobium_SGB205558"
"k__Bacteria|p__Pseudomonadota|c__Gammaproteobacteria|o__Nevskiales|f__Nevskiaceae|g__Nevskia|s__Nevskia_ramosa","k__Bacteria","p__Pseudomonadota","c__Gammaproteobacteria","o__Nevskiales","f__Nevskiaceae","g__Nevskia","s__Nevskia_ramosa"
"k__Bacteria|p__Actinomycetota|c__Acidimicrobiia|o__Acidimicrobiales|f__Iamiaceae|g__GGB136456|s__GGB136456_SGB177376","k__Bacteria","p__Actinomycetota","c__Acidimicrobiia","o__Acidimicrobiales","f__Iamiaceae","g__GGB136456","s__GGB136456_SGB177376"
"k__Bacteria|p__Pseudomonadota|c__Alphaproteobacteria|o__Caulobacterales|f__Caulobacteraceae|g__Brevundimonas|s__Brevundimonas_intermedia","k__Bacteria","p__Pseudomonadota","c__Alphaproteobacteria","o__Caulobacterales","f__Caulobacteraceae","g__Brevundimonas","s__Brevundimonas_intermedia"
"k__Bacteria|p__Pseudomonadota|c__Alphaproteobacteria|o__Sphingomonadales|f__Sphingomonadaceae|g__Sphingomonas|s__Sphingomonas_ginsenosidivorax","k__Bacteria","p__Pseudomonadota","c__Alphaproteobacteria","o__Sphingomonadales","f__Sphingomonadaceae","g__Sphingomonas","s__Sphingomonas_ginsenosidivorax"
"k__Bacteria|p__Actinomycetota|c__Thermoleophilia|o__Solirubrobacterales|f__Conexibacteraceae|g__GGB94829|s__GGB94829_SGB129418","k__Bacteria","p__Actinomycetota","c__Thermoleophilia","o__Solirubrobacterales","f__Conexibacteraceae","g__GGB94829","s__GGB94829_SGB129418"
"k__Bacteria|p__Pseudomonadota|c__Alphaproteobacteria|o__Hyphomicrobiales|f__Nitrobacteraceae|g__GGB92569|s__GGB92569_SGB133344","k__Bacteria","p__Pseudomonadota","c__Alphaproteobacteria","o__Hyphomicrobiales","f__Nitrobacteraceae","g__GGB92569","s__GGB92569_SGB133344"
"k__Bacteria|p__Pseudomonadota|c__Alphaproteobacteria|o__Hyphomicrobiales|f__Rhizobiaceae|g__Rhizobium|s__Rhizobium_tumorigenes","k__Bacteria","p__Pseudomonadota","c__Alphaproteobacteria","o__Hyphomicrobiales","f__Rhizobiaceae","g__Rhizobium","s__Rhizobium_tumorigenes"
"k__Bacteria|p__Pseudomonadota|c__Alphaproteobacteria|o__Hyphomicrobiales|f__Beijerinckiaceae|g__Beijerinckiaceae_unclassified|s__Beijerinckiaceae_bacterium_RH_AL8","k__Bacteria","p__Pseudomonadota","c__Alphaproteobacteria","o__Hyphomicrobiales","f__Beijerinckiaceae","g__","s__Beijerinckiaceae_bacterium_RH_AL8"
"k__Bacteria|p__Actinomycetota|c__Actinomycetes|o__Micromonosporales|f__Micromonosporaceae|g__Actinoplanes|s__Actinoplanes_cyaneus","k__Bacteria","p__Actinomycetota","c__Actinomycetes","o__Micromonosporales","f__Micromonosporaceae","g__Actinoplanes","s__Actinoplanes_cyaneus"
"k__Bacteria|p__Pseudomonadota|c__Gammaproteobacteria|o__Pseudomonadales|f__Pseudomonadaceae|g__Pseudomonas|s__Pseudomonas_juntendi","k__Bacteria","p__Pseudomonadota","c__Gammaproteobacteria","o__Pseudomonadales","f__Pseudomonadaceae","g__Pseudomonas","s__Pseudomonas_juntendi"
"k__Bacteria|p__Pseudomonadota|c__Gammaproteobacteria|o__Lysobacterales|f__Rhodanobacteraceae|g__Luteibacter|s__Luteibacter_anthropi","k__Bacteria","p__Pseudomonadota","c__Gammaproteobacteria","o__Lysobacterales","f__Rhodanobacteraceae","g__Luteibacter","s__Luteibacter_anthropi"
"k__Archaea|p__Nitrososphaerota|c__CFGB72910|o__OFGB72910|f__FGB72910|g__GGB87549|s__GGB87549_SGB122612","k__Archaea","p__Nitrososphaerota","c__CFGB72910","o__OFGB72910","f__FGB72910","g__GGB87549","s__GGB87549_SGB122612"
"k__Bacteria|p__Pseudomonadota|c__Gammaproteobacteria|o__Pseudomonadales|f__Pseudomonadaceae|g__Pseudomonas|s__Pseudomonas_nitroreducens","k__Bacteria","p__Pseudomonadota","c__Gammaproteobacteria","o__Pseudomonadales","f__Pseudomonadaceae","g__Pseudomonas","s__Pseudomonas_nitroreducens"
"k__Bacteria|p__Pseudomonadota|c__CFGB81559|o__OFGB81559|f__FGB81559|g__GGB96146|s__GGB96146_SGB125043","k__Bacteria","p__Pseudomonadota","c__CFGB81559","o__OFGB81559","f__FGB81559","g__GGB96146","s__GGB96146_SGB125043"
"k__Archaea|p__Nitrososphaerota|c__Nitrososphaeria|o__Nitrososphaerales|f__Nitrososphaerales_unclassified|g__GGB53655|s__GGB53655_SGB74787","k__Archaea","p__Nitrososphaerota","c__Nitrososphaeria","o__Nitrososphaerales","f__","g__GGB53655","s__GGB53655_SGB74787"
"k__Bacteria|p__Pseudomonadota|c__Gammaproteobacteria|o__Lysobacterales|f__Lysobacteraceae|g__Stenotrophomonas|s__Stenotrophomonas_maltophilia","k__Bacteria","p__Pseudomonadota","c__Gammaproteobacteria","o__Lysobacterales","f__Lysobacteraceae","g__Stenotrophomonas","s__Stenotrophomonas_maltophilia"
"k__Bacteria|p__Pseudomonadota|c__Betaproteobacteria|o__Nitrosomonadales|f__Nitrosomonadaceae|g__Nitrosospira|s__Nitrosospira_sp_Is2","k__Bacteria","p__Pseudomonadota","c__Betaproteobacteria","o__Nitrosomonadales","f__Nitrosomonadaceae","g__Nitrosospira","s__Nitrosospira_sp_Is2"
"k__Bacteria|p__Gemmatimonadota|c__Gemmatimonadia|o__Gemmatimonadales|f__Gemmatimonadaceae|g__Gemmatirosa|s__Gemmatirosa_kalamazoonensis","k__Bacteria","p__Gemmatimonadota","c__Gemmatimonadia","o__Gemmatimonadales","f__Gemmatimonadaceae","g__Gemmatirosa","s__Gemmatirosa_kalamazoonensis"
"k__Bacteria|p__Pseudomonadota|c__Alphaproteobacteria|o__Sphingomonadales|f__Sphingomonadaceae|g__Sphingomonas|s__Sphingomonas_aerolata","k__Bacteria","p__Pseudomonadota","c__Alphaproteobacteria","o__Sphingomonadales","f__Sphingomonadaceae","g__Sphingomonas","s__Sphingomonas_aerolata"
"k__Bacteria|p__Bacteroidota|c__Cytophagia|o__Cytophagales|f__Hymenobacteraceae|g__Hymenobacter|s__Hymenobacter_gelipurpurascens","k__Bacteria","p__Bacteroidota","c__Cytophagia","o__Cytophagales","f__Hymenobacteraceae","g__Hymenobacter","s__Hymenobacter_gelipurpurascens"
"k__Bacteria|p__Pseudomonadota|c__Gammaproteobacteria|o__Pseudomonadales|f__Pseudomonadaceae|g__Pseudomonas|s__Pseudomonas_sp_CFBP_13711","k__Bacteria","p__Pseudomonadota","c__Gammaproteobacteria","o__Pseudomonadales","f__Pseudomonadaceae","g__Pseudomonas","s__Pseudomonas_sp_CFBP_13711"
"k__Bacteria|p__Pseudomonadota|c__Gammaproteobacteria|o__Pseudomonadales|f__Pseudomonadaceae|g__Pseudomonas|s__Pseudomonas_graminis","k__Bacteria","p__Pseudomonadota","c__Gammaproteobacteria","o__Pseudomonadales","f__Pseudomonadaceae","g__Pseudomonas","s__Pseudomonas_graminis"
"k__Bacteria|p__Myxococcota|c__Myxococcia|o__Myxococcales|f__Myxococcaceae|g__Myxococcus|s__Myxococcus_llanfairpwllgwyngyllgogerychwyrndrobwllllantysiliogogogochensis","k__Bacteria","p__Myxococcota","c__Myxococcia","o__Myxococcales","f__Myxococcaceae","g__Myxococcus","s__Myxococcus_llanfairpwllgwyngyllgogerychwyrndrobwllllantysiliogogogochensis"
"k__Bacteria|p__Myxococcota|c__Myxococcia|o__Myxococcales|f__Myxococcaceae|g__Corallococcus|s__Corallococcus_sp_CA053C","k__Bacteria","p__Myxococcota","c__Myxococcia","o__Myxococcales","f__Myxococcaceae","g__Corallococcus","s__Corallococcus_sp_CA053C"
"k__Bacteria|p__Pseudomonadota|c__Alphaproteobacteria|o__Hyphomicrobiales|f__Rhizobiaceae|g__Shinella|s__Shinella_lacus","k__Bacteria","p__Pseudomonadota","c__Alphaproteobacteria","o__Hyphomicrobiales","f__Rhizobiaceae","g__Shinella","s__Shinella_lacus"
"k__Bacteria|p__Bacteria_unclassified|c__Bacteria_unclassified|o__Bacteria_unclassified|f__Bacteria_unclassified|g__Bacteria_unclassified|s__Bacteria_unclassified_SGB111735","k__Bacteria","p__","c__","o__","f__","g__","s__"
"k__Bacteria|p__Actinomycetota|c__Actinomycetes|o__Micrococcales|f__Microbacteriaceae|g__Frigoribacterium|s__Frigoribacterium_sp_PhB160","k__Bacteria","p__Actinomycetota","c__Actinomycetes","o__Micrococcales","f__Microbacteriaceae","g__Frigoribacterium","s__Frigoribacterium_sp_PhB160"
"k__Bacteria|p__Actinomycetota|c__Actinomycetes|o__Micrococcales|f__Microbacteriaceae|g__Microbacterium|s__Microbacterium_sp_EST19A","k__Bacteria","p__Actinomycetota","c__Actinomycetes","o__Micrococcales","f__Microbacteriaceae","g__Microbacterium","s__Microbacterium_sp_EST19A"
"k__Bacteria|p__Pseudomonadota|c__Betaproteobacteria|o__Burkholderiales|f__Comamonadaceae|g__Variovorax|s__Variovorax_sp_770b2","k__Bacteria","p__Pseudomonadota","c__Betaproteobacteria","o__Burkholderiales","f__Comamonadaceae","g__Variovorax","s__Variovorax_sp_770b2"
"k__Bacteria|p__Actinomycetota|c__Actinomycetes|o__Micromonosporales|f__Micromonosporaceae|g__Paractinoplanes|s__Paractinoplanes_hotanensis","k__Bacteria","p__Actinomycetota","c__Actinomycetes","o__Micromonosporales","f__Micromonosporaceae","g__Paractinoplanes","s__Paractinoplanes_hotanensis"
"k__Bacteria|p__Actinomycetota|c__Actinomycetes|o__Micromonosporales|f__Micromonosporaceae|g__Actinoplanes|s__Actinoplanes_xinjiangensis","k__Bacteria","p__Actinomycetota","c__Actinomycetes","o__Micromonosporales","f__Micromonosporaceae","g__Actinoplanes","s__Actinoplanes_xinjiangensis"
"k__Bacteria|p__Pseudomonadota|c__Alphaproteobacteria|o__Hyphomicrobiales|f__Boseaceae|g__Bosea|s__Bosea_sp_Leaf344","k__Bacteria","p__Pseudomonadota","c__Alphaproteobacteria","o__Hyphomicrobiales","f__Boseaceae","g__Bosea","s__Bosea_sp_Leaf344"
"k__Bacteria|p__Pseudomonadota|c__Alphaproteobacteria|o__Hyphomicrobiales|f__Rhizobiaceae|g__GGB92364|s__GGB92364_SGB132935","k__Bacteria","p__Pseudomonadota","c__Alphaproteobacteria","o__Hyphomicrobiales","f__Rhizobiaceae","g__GGB92364","s__GGB92364_SGB132935"
"k__Bacteria|p__Pseudomonadota|c__Alphaproteobacteria|o__Hyphomicrobiales|f__Methylobacteriaceae|g__Methylobacterium|s__Methylobacterium_iners","k__Bacteria","p__Pseudomonadota","c__Alphaproteobacteria","o__Hyphomicrobiales","f__Methylobacteriaceae","g__Methylobacterium","s__Methylobacterium_iners"
"k__Bacteria|p__Actinomycetota|c__Actinomycetes|o__Geodermatophilales|f__Geodermatophilaceae|g__Geodermatophilus|s__Geodermatophilus_obscurus","k__Bacteria","p__Actinomycetota","c__Actinomycetes","o__Geodermatophilales","f__Geodermatophilaceae","g__Geodermatophilus","s__Geodermatophilus_obscurus"
"k__Bacteria|p__Actinomycetota|c__Actinomycetes|o__Pseudonocardiales|f__Pseudonocardiaceae|g__Lentzea|s__Lentzea_californiensis","k__Bacteria","p__Actinomycetota","c__Actinomycetes","o__Pseudonocardiales","f__Pseudonocardiaceae","g__Lentzea","s__Lentzea_californiensis"
"k__Bacteria|p__Actinomycetota|c__Actinomycetes|o__Micromonosporales|f__Micromonosporaceae|g__Actinoplanes|s__Actinoplanes_sandaracinus","k__Bacteria","p__Actinomycetota","c__Actinomycetes","o__Micromonosporales","f__Micromonosporaceae","g__Actinoplanes","s__Actinoplanes_sandaracinus"
"k__Bacteria|p__Actinomycetota|c__Actinomycetes|o__Micrococcales|f__Microbacteriaceae|g__Microbacterium|s__Microbacterium_hydrocarbonoxydans","k__Bacteria","p__Actinomycetota","c__Actinomycetes","o__Micrococcales","f__Microbacteriaceae","g__Microbacterium","s__Microbacterium_hydrocarbonoxydans"
"k__Archaea|p__Nitrososphaerota|c__Nitrososphaeria|o__Nitrososphaerales|f__Nitrososphaerales_unclassified|g__GGB87584|s__GGB87584_SGB122631","k__Archaea","p__Nitrososphaerota","c__Nitrososphaeria","o__Nitrososphaerales","f__","g__GGB87584","s__GGB87584_SGB122631"
"k__Bacteria|p__Pseudomonadota|c__Alphaproteobacteria|o__Hyphomicrobiales|f__Nitrobacteraceae|g__GGB92459|s__GGB92459_SGB133190","k__Bacteria","p__Pseudomonadota","c__Alphaproteobacteria","o__Hyphomicrobiales","f__Nitrobacteraceae","g__GGB92459","s__GGB92459_SGB133190"
"k__Bacteria|p__Actinomycetota|c__Actinomycetes|o__Mycobacteriales|f__Mycobacteriaceae|g__Mycolicibacterium|s__Mycolicibacterium_arabiense","k__Bacteria","p__Actinomycetota","c__Actinomycetes","o__Mycobacteriales","f__Mycobacteriaceae","g__Mycolicibacterium","s__Mycolicibacterium_arabiense"
"k__Bacteria|p__Bacteroidota|c__Cytophagia|o__Cytophagales|f__Fulvivirgaceae|g__Ohtaekwangia|s__Ohtaekwangia_koreensis","k__Bacteria","p__Bacteroidota","c__Cytophagia","o__Cytophagales","f__Fulvivirgaceae","g__Ohtaekwangia","s__Ohtaekwangia_koreensis"
"k__Bacteria|p__Actinomycetota|c__CFGB5329|o__OFGB5329|f__FGB5329|g__GGB93951|s__GGB93951_SGB129805","k__Bacteria","p__Actinomycetota","c__CFGB5329","o__OFGB5329","f__FGB5329","g__GGB93951","s__GGB93951_SGB129805"
"k__Bacteria|p__Pseudomonadota|c__Alphaproteobacteria|o__Acetobacterales|f__Roseomonadaceae|g__Belnapia|s__Belnapia_moabensis","k__Bacteria","p__Pseudomonadota","c__Alphaproteobacteria","o__Acetobacterales","f__Roseomonadaceae","g__Belnapia","s__Belnapia_moabensis"
"k__Bacteria|p__Pseudomonadota|c__Alphaproteobacteria|o__Caulobacterales|f__Caulobacteraceae|g__GGB44793|s__GGB44793_SGB99603","k__Bacteria","p__Pseudomonadota","c__Alphaproteobacteria","o__Caulobacterales","f__Caulobacteraceae","g__GGB44793","s__GGB44793_SGB99603"
"k__Bacteria|p__Gemmatimonadota|c__Longimicrobiia|o__Longimicrobiales|f__Longimicrobiaceae|g__GGB93099|s__GGB93099_SGB131465","k__Bacteria","p__Gemmatimonadota","c__Longimicrobiia","o__Longimicrobiales","f__Longimicrobiaceae","g__GGB93099","s__GGB93099_SGB131465"
"k__Bacteria|p__Pseudomonadota|c__Gammaproteobacteria|o__Lysobacterales|f__Rhodanobacteraceae|g__Chiayiivirga|s__Chiayiivirga_flava","k__Bacteria","p__Pseudomonadota","c__Gammaproteobacteria","o__Lysobacterales","f__Rhodanobacteraceae","g__Chiayiivirga","s__Chiayiivirga_flava"
"k__Archaea|p__Nitrososphaerota|c__CFGB659|o__OFGB659|f__FGB659|g__GGB53662|s__GGB53662_SGB74796","k__Archaea","p__Nitrososphaerota","c__CFGB659","o__OFGB659","f__FGB659","g__GGB53662","s__GGB53662_SGB74796"
"k__Bacteria|p__Bacteroidota|c__Cytophagia|o__Cytophagales|f__Cytophagaceae|g__Rhodocytophaga|s__Rhodocytophaga_rosea","k__Bacteria","p__Bacteroidota","c__Cytophagia","o__Cytophagales","f__Cytophagaceae","g__Rhodocytophaga","s__Rhodocytophaga_rosea"
"k__Bacteria|p__Pseudomonadota|c__Alphaproteobacteria|o__Acetobacterales|f__Acetobacteraceae|g__Pseudoroseomonas|s__Pseudoroseomonas_aerophila","k__Bacteria","p__Pseudomonadota","c__Alphaproteobacteria","o__Acetobacterales","f__Acetobacteraceae","g__Pseudoroseomonas","s__Pseudoroseomonas_aerophila"
"k__Bacteria|p__Bacteroidota|c__Cytophagia|o__Cytophagales|f__Chryseotaleaceae|g__Dawidia|s__Dawidia_cretensis","k__Bacteria","p__Bacteroidota","c__Cytophagia","o__Cytophagales","f__Chryseotaleaceae","g__Dawidia","s__Dawidia_cretensis"
"k__Bacteria|p__Pseudomonadota|c__Alphaproteobacteria|o__Hyphomicrobiales|f__Rhizobiaceae|g__Pseudorhizobium|s__Pseudorhizobium_marinum","k__Bacteria","p__Pseudomonadota","c__Alphaproteobacteria","o__Hyphomicrobiales","f__Rhizobiaceae","g__Pseudorhizobium","s__Pseudorhizobium_marinum"
"k__Bacteria|p__Pseudomonadota|c__Alphaproteobacteria|o__Hyphomicrobiales|f__Rhizobiaceae|g__Neorhizobium|s__Neorhizobium_sp_JUb45","k__Bacteria","p__Pseudomonadota","c__Alphaproteobacteria","o__Hyphomicrobiales","f__Rhizobiaceae","g__Neorhizobium","s__Neorhizobium_sp_JUb45"
"k__Bacteria|p__Pseudomonadota|c__Alphaproteobacteria|o__Hyphomicrobiales|f__Devosiaceae|g__Devosia|s__Devosia_naphthalenivorans","k__Bacteria","p__Pseudomonadota","c__Alphaproteobacteria","o__Hyphomicrobiales","f__Devosiaceae","g__Devosia","s__Devosia_naphthalenivorans"
"k__Bacteria|p__Planctomycetota|c__Planctomycetia|o__Gemmatales|f__Gemmataceae|g__Gemmataceae_unclassified|s__Gemmataceae_bacterium","k__Bacteria","p__Planctomycetota","c__Planctomycetia","o__Gemmatales","f__Gemmataceae","g__","s__Gemmataceae_bacterium"
"k__Bacteria|p__Pseudomonadota|c__Betaproteobacteria|o__Burkholderiales|f__Oxalobacteraceae|g__Massilia|s__Massilia_agri","k__Bacteria","p__Pseudomonadota","c__Betaproteobacteria","o__Burkholderiales","f__Oxalobacteraceae","g__Massilia","s__Massilia_agri"
"k__Bacteria|p__Pseudomonadota|c__Alphaproteobacteria|o__Hyphomicrobiales|f__Methylobacteriaceae|g__Microvirga|s__Microvirga_aerophila","k__Bacteria","p__Pseudomonadota","c__Alphaproteobacteria","o__Hyphomicrobiales","f__Methylobacteriaceae","g__Microvirga","s__Microvirga_aerophila"
"k__Bacteria|p__Actinomycetota|c__Actinomycetes|o__Propionibacteriales|f__Nocardioidaceae|g__Nocardioides|s__Nocardioides_renjunii","k__Bacteria","p__Actinomycetota","c__Actinomycetes","o__Propionibacteriales","f__Nocardioidaceae","g__Nocardioides","s__Nocardioides_renjunii"
"k__Bacteria|p__Pseudomonadota|c__Alphaproteobacteria|o__Rhodospirillales|f__Azospirillaceae|g__GGB131816|s__GGB131816_SGB183823","k__Bacteria","p__Pseudomonadota","c__Alphaproteobacteria","o__Rhodospirillales","f__Azospirillaceae","g__GGB131816","s__GGB131816_SGB183823"
"k__Bacteria|p__Actinomycetota|c__Acidimicrobiia|o__Acidimicrobiales|f__Iamiaceae|g__Iamia|s__Iamia_sp_SCSIO_61187","k__Bacteria","p__Actinomycetota","c__Acidimicrobiia","o__Acidimicrobiales","f__Iamiaceae","g__Iamia","s__Iamia_sp_SCSIO_61187"
"k__Bacteria|p__Actinomycetota|c__Actinomycetes|o__Kitasatosporales|f__Streptomycetaceae|g__Streptomyces|s__Streptomyces_microflavus","k__Bacteria","p__Actinomycetota","c__Actinomycetes","o__Kitasatosporales","f__Streptomycetaceae","g__Streptomyces","s__Streptomyces_microflavus"
"k__Bacteria|p__Bacteroidota|c__Flavobacteriia|o__Flavobacteriales|f__Flavobacteriaceae|g__Flavobacterium|s__Flavobacterium_sp_1355","k__Bacteria","p__Bacteroidota","c__Flavobacteriia","o__Flavobacteriales","f__Flavobacteriaceae","g__Flavobacterium","s__Flavobacterium_sp_1355"
"k__Bacteria|p__Actinomycetota|c__Actinomycetes|o__Kitasatosporales|f__Streptomycetaceae|g__GGB94051|s__GGB94051_SGB130514","k__Bacteria","p__Actinomycetota","c__Actinomycetes","o__Kitasatosporales","f__Streptomycetaceae","g__GGB94051","s__GGB94051_SGB130514"
"k__Bacteria|p__Bacteroidota|c__Cytophagia|o__Cytophagales|f__Spirosomataceae|g__Dyadobacter|s__Dyadobacter_sp_UC_10","k__Bacteria","p__Bacteroidota","c__Cytophagia","o__Cytophagales","f__Spirosomataceae","g__Dyadobacter","s__Dyadobacter_sp_UC_10"
"k__Bacteria|p__Pseudomonadota|c__Alphaproteobacteria|o__Hyphomicrobiales|f__Rhizobiaceae|g__Rhizobium|s__Rhizobium_populisoli","k__Bacteria","p__Pseudomonadota","c__Alphaproteobacteria","o__Hyphomicrobiales","f__Rhizobiaceae","g__Rhizobium","s__Rhizobium_populisoli"
"k__Bacteria|p__Pseudomonadota|c__Alphaproteobacteria|o__Hyphomicrobiales|f__Methylobacteriaceae|g__Methylobacterium|s__Methylobacterium_brachiatum","k__Bacteria","p__Pseudomonadota","c__Alphaproteobacteria","o__Hyphomicrobiales","f__Methylobacteriaceae","g__Methylobacterium","s__Methylobacterium_brachiatum"
"k__Bacteria|p__Myxococcota|c__Myxococcia|o__Myxococcales|f__Archangiaceae|g__Archangium|s__Archangium_violaceum","k__Bacteria","p__Myxococcota","c__Myxococcia","o__Myxococcales","f__Archangiaceae","g__Archangium","s__Archangium_violaceum"
"k__Bacteria|p__Pseudomonadota|c__Gammaproteobacteria|o__Enterobacterales|f__Erwiniaceae|g__Duffyella|s__Duffyella_gerundensis","k__Bacteria","p__Pseudomonadota","c__Gammaproteobacteria","o__Enterobacterales","f__Erwiniaceae","g__Duffyella","s__Duffyella_gerundensis"
"k__Bacteria|p__Actinomycetota|c__Actinomycetes|o__Micromonosporales|f__Micromonosporaceae|g__Paractinoplanes|s__Paractinoplanes_maris","k__Bacteria","p__Actinomycetota","c__Actinomycetes","o__Micromonosporales","f__Micromonosporaceae","g__Paractinoplanes","s__Paractinoplanes_maris"
"k__Bacteria|p__Bacteroidota|c__Flavobacteriia|o__Flavobacteriales|f__Flavobacteriaceae|g__Flavobacterium|s__Flavobacterium_pectinovorum","k__Bacteria","p__Bacteroidota","c__Flavobacteriia","o__Flavobacteriales","f__Flavobacteriaceae","g__Flavobacterium","s__Flavobacterium_pectinovorum"
"k__Bacteria|p__Pseudomonadota|c__Alphaproteobacteria|o__Hyphomicrobiales|f__Rhizobiaceae|g__Rhizobium|s__Rhizobium_deserti","k__Bacteria","p__Pseudomonadota","c__Alphaproteobacteria","o__Hyphomicrobiales","f__Rhizobiaceae","g__Rhizobium","s__Rhizobium_deserti"
"k__Bacteria|p__Actinomycetota|c__Actinomycetes|o__Propionibacteriales|f__Nocardioidaceae|g__Aeromicrobium|s__Aeromicrobium_sp_Root495","k__Bacteria","p__Actinomycetota","c__Actinomycetes","o__Propionibacteriales","f__Nocardioidaceae","g__Aeromicrobium","s__Aeromicrobium_sp_Root495"
"k__Bacteria|p__Actinomycetota|c__Actinomycetes|o__Micrococcales|f__Microbacteriaceae|g__Rathayibacter|s__Rathayibacter_rubneri","k__Bacteria","p__Actinomycetota","c__Actinomycetes","o__Micrococcales","f__Microbacteriaceae","g__Rathayibacter","s__Rathayibacter_rubneri"
"k__Bacteria|p__Pseudomonadota|c__Alphaproteobacteria|o__Hyphomicrobiales|f__Hyphomicrobiales_unclassified|g__Terrihabitans|s__Terrihabitans_rhizophilus","k__Bacteria","p__Pseudomonadota","c__Alphaproteobacteria","o__Hyphomicrobiales","f__","g__Terrihabitans","s__Terrihabitans_rhizophilus"
"k__Bacteria|p__Pseudomonadota|c__Alphaproteobacteria|o__Acetobacterales|f__Roseomonadaceae|g__Belnapia|s__Belnapia_SGB132646","k__Bacteria","p__Pseudomonadota","c__Alphaproteobacteria","o__Acetobacterales","f__Roseomonadaceae","g__Belnapia","s__Belnapia_SGB132646"
"k__Bacteria|p__Pseudomonadota|c__Alphaproteobacteria|o__Hyphomicrobiales|f__Rhizobiaceae|g__Neorhizobium|s__Neorhizobium_galegae","k__Bacteria","p__Pseudomonadota","c__Alphaproteobacteria","o__Hyphomicrobiales","f__Rhizobiaceae","g__Neorhizobium","s__Neorhizobium_galegae"
"k__Bacteria|p__Myxococcota|c__Myxococcia|o__Myxococcales|f__Archangiaceae|g__Hyalangium|s__Hyalangium_gracile","k__Bacteria","p__Myxococcota","c__Myxococcia","o__Myxococcales","f__Archangiaceae","g__Hyalangium","s__Hyalangium_gracile"
"k__Bacteria|p__Actinomycetota|c__Actinomycetes|o__Pseudonocardiales|f__Pseudonocardiaceae|g__Pseudonocardia|s__Pseudonocardia_broussonetiae","k__Bacteria","p__Actinomycetota","c__Actinomycetes","o__Pseudonocardiales","f__Pseudonocardiaceae","g__Pseudonocardia","s__Pseudonocardia_broussonetiae"
"k__Bacteria|p__Actinomycetota|c__Actinomycetes|o__Mycobacteriales|f__Mycobacteriaceae|g__Mycolicibacterium|s__Mycolicibacterium_lacusdiani","k__Bacteria","p__Actinomycetota","c__Actinomycetes","o__Mycobacteriales","f__Mycobacteriaceae","g__Mycolicibacterium","s__Mycolicibacterium_lacusdiani"
"k__Bacteria|p__Pseudomonadota|c__Alphaproteobacteria|o__Sphingomonadales|f__Sphingomonadaceae|g__Novosphingobium|s__Novosphingobium_sp_JCM_18896","k__Bacteria","p__Pseudomonadota","c__Alphaproteobacteria","o__Sphingomonadales","f__Sphingomonadaceae","g__Novosphingobium","s__Novosphingobium_sp_JCM_18896"
"k__Bacteria|p__Pseudomonadota|c__Betaproteobacteria|o__Burkholderiales|f__Alcaligenaceae|g__Pigmentiphaga|s__Pigmentiphaga_litoralis","k__Bacteria","p__Pseudomonadota","c__Betaproteobacteria","o__Burkholderiales","f__Alcaligenaceae","g__Pigmentiphaga","s__Pigmentiphaga_litoralis"
"k__Bacteria|p__Pseudomonadota|c__Gammaproteobacteria|o__Enterobacterales|f__Enterobacteriaceae|g__Enterobacter|s__Enterobacter_asburiae","k__Bacteria","p__Pseudomonadota","c__Gammaproteobacteria","o__Enterobacterales","f__Enterobacteriaceae","g__Enterobacter","s__Enterobacter_asburiae"
"k__Bacteria|p__Pseudomonadota|c__Gammaproteobacteria|o__Pseudomonadales|f__Pseudomonadaceae|g__Pseudomonas|s__Pseudomonas_kuykendallii","k__Bacteria","p__Pseudomonadota","c__Gammaproteobacteria","o__Pseudomonadales","f__Pseudomonadaceae","g__Pseudomonas","s__Pseudomonas_kuykendallii"
"k__Bacteria|p__Pseudomonadota|c__Gammaproteobacteria|o__Enterobacterales|f__Enterobacteriaceae|g__Enterobacter|s__Enterobacter_hormaechei","k__Bacteria","p__Pseudomonadota","c__Gammaproteobacteria","o__Enterobacterales","f__Enterobacteriaceae","g__Enterobacter","s__Enterobacter_hormaechei"
"k__Bacteria|p__Pseudomonadota|c__Alphaproteobacteria|o__Rhodospirillales|f__Azospirillaceae|g__Azospirillum|s__Azospirillum_doebereinerae","k__Bacteria","p__Pseudomonadota","c__Alphaproteobacteria","o__Rhodospirillales","f__Azospirillaceae","g__Azospirillum","s__Azospirillum_doebereinerae"
"k__Bacteria|p__Firmicutes|c__Clostridia|o__Eubacteriales|f__Clostridiaceae|g__Clostridium|s__Clostridium_intestinale","k__Bacteria","p__Firmicutes","c__Clostridia","o__Eubacteriales","f__Clostridiaceae","g__Clostridium","s__Clostridium_intestinale"
"k__Bacteria|p__Pseudomonadota|c__Gammaproteobacteria|o__Enterobacterales|f__Enterobacteriaceae|g__Enterobacter|s__Enterobacter_kobei","k__Bacteria","p__Pseudomonadota","c__Gammaproteobacteria","o__Enterobacterales","f__Enterobacteriaceae","g__Enterobacter","s__Enterobacter_kobei"
"k__Bacteria|p__Pseudomonadota|c__Gammaproteobacteria|o__Enterobacterales|f__Enterobacteriaceae|g__Klebsiella|s__Klebsiella_grimontii","k__Bacteria","p__Pseudomonadota","c__Gammaproteobacteria","o__Enterobacterales","f__Enterobacteriaceae","g__Klebsiella","s__Klebsiella_grimontii"
"k__Bacteria|p__Pseudomonadota|c__Alphaproteobacteria|o__Hyphomicrobiales|f__Methylobacteriaceae|g__Methylobacterium|s__Methylobacterium_sp_P1_11","k__Bacteria","p__Pseudomonadota","c__Alphaproteobacteria","o__Hyphomicrobiales","f__Methylobacteriaceae","g__Methylobacterium","s__Methylobacterium_sp_P1_11"
"k__Bacteria|p__Actinomycetota|c__Actinomycetes|o__Micrococcales|f__Sanguibacteraceae|g__Sanguibacter|s__Sanguibacter_biliveldensis","k__Bacteria","p__Actinomycetota","c__Actinomycetes","o__Micrococcales","f__Sanguibacteraceae","g__Sanguibacter","s__Sanguibacter_biliveldensis"
"k__Bacteria|p__Pseudomonadota|c__Gammaproteobacteria|o__Enterobacterales|f__Enterobacteriaceae|g__Klebsiella|s__Klebsiella_michiganensis","k__Bacteria","p__Pseudomonadota","c__Gammaproteobacteria","o__Enterobacterales","f__Enterobacteriaceae","g__Klebsiella","s__Klebsiella_michiganensis"
"k__Bacteria|p__Pseudomonadota|c__Alphaproteobacteria|o__Sphingomonadales|f__Sphingomonadaceae|g__Sphingobium|s__Sphingobium_yanoikuyae","k__Bacteria","p__Pseudomonadota","c__Alphaproteobacteria","o__Sphingomonadales","f__Sphingomonadaceae","g__Sphingobium","s__Sphingobium_yanoikuyae"
"k__Bacteria|p__Pseudomonadota|c__Betaproteobacteria|o__Burkholderiales|f__Sphaerotilaceae|g__Azohydromonas|s__Azohydromonas_australica","k__Bacteria","p__Pseudomonadota","c__Betaproteobacteria","o__Burkholderiales","f__Sphaerotilaceae","g__Azohydromonas","s__Azohydromonas_australica"
"k__Bacteria|p__Pseudomonadota|c__Alphaproteobacteria|o__Hyphomicrobiales|f__Methylobacteriaceae|g__Microvirga|s__Microvirga_sp_3_52","k__Bacteria","p__Pseudomonadota","c__Alphaproteobacteria","o__Hyphomicrobiales","f__Methylobacteriaceae","g__Microvirga","s__Microvirga_sp_3_52"
"k__Bacteria|p__Pseudomonadota|c__Alphaproteobacteria|o__Hyphomicrobiales|f__Rhizobiaceae|g__Rhizobium|s__Rhizobium_wenxiniae","k__Bacteria","p__Pseudomonadota","c__Alphaproteobacteria","o__Hyphomicrobiales","f__Rhizobiaceae","g__Rhizobium","s__Rhizobium_wenxiniae"
"k__Bacteria|p__Actinomycetota|c__CFGB52786|o__OFGB52786|f__FGB52786|g__GGB64512|s__GGB64512_SGB129861","k__Bacteria","p__Actinomycetota","c__CFGB52786","o__OFGB52786","f__FGB52786","g__GGB64512","s__GGB64512_SGB129861"
"k__Bacteria|p__Firmicutes|c__Negativicutes|o__Selenomonadales|f__Sporomusaceae|g__Anaerospora|s__Anaerospora_SGB38963","k__Bacteria","p__Firmicutes","c__Negativicutes","o__Selenomonadales","f__Sporomusaceae","g__Anaerospora","s__Anaerospora_SGB38963"
"k__Bacteria|p__Pseudomonadota|c__Alphaproteobacteria|o__Rhodospirillales|f__Azospirillaceae|g__Azospirillum|s__Azospirillum_sp_TSO22_1","k__Bacteria","p__Pseudomonadota","c__Alphaproteobacteria","o__Rhodospirillales","f__Azospirillaceae","g__Azospirillum","s__Azospirillum_sp_TSO22_1"
"k__Bacteria|p__Actinomycetota|c__Actinomycetes|o__Geodermatophilales|f__Geodermatophilaceae|g__Geodermatophilus|s__Geodermatophilus_aquaeductus","k__Bacteria","p__Actinomycetota","c__Actinomycetes","o__Geodermatophilales","f__Geodermatophilaceae","g__Geodermatophilus","s__Geodermatophilus_aquaeductus"
"k__Bacteria|p__Pseudomonadota|c__Betaproteobacteria|o__Nitrosomonadales|f__Methylophilaceae|g__GGB59110|s__GGB59110_SGB80852","k__Bacteria","p__Pseudomonadota","c__Betaproteobacteria","o__Nitrosomonadales","f__Methylophilaceae","g__GGB59110","s__GGB59110_SGB80852"
"k__Archaea|p__Nitrososphaerota|c__CFGB52473|o__OFGB52473|f__FGB52473|g__GGB87581|s__GGB87581_SGB148719","k__Archaea","p__Nitrososphaerota","c__CFGB52473","o__OFGB52473","f__FGB52473","g__GGB87581","s__GGB87581_SGB148719"
"k__Bacteria|p__Actinomycetota|c__Actinomycetes|o__Geodermatophilales|f__Geodermatophilaceae|g__Geodermatophilus|s__Geodermatophilus_siccatus","k__Bacteria","p__Actinomycetota","c__Actinomycetes","o__Geodermatophilales","f__Geodermatophilaceae","g__Geodermatophilus","s__Geodermatophilus_siccatus"
"k__Bacteria|p__Pseudomonadota|c__Betaproteobacteria|o__Burkholderiales|f__Oxalobacteraceae|g__Massilia|s__Massilia_arenosa","k__Bacteria","p__Pseudomonadota","c__Betaproteobacteria","o__Burkholderiales","f__Oxalobacteraceae","g__Massilia","s__Massilia_arenosa"
"k__Bacteria|p__Pseudomonadota|c__Alphaproteobacteria|o__Acetobacterales|f__Acetobacteraceae|g__Pararoseomonas|s__Pararoseomonas_indoligenes","k__Bacteria","p__Pseudomonadota","c__Alphaproteobacteria","o__Acetobacterales","f__Acetobacteraceae","g__Pararoseomonas","s__Pararoseomonas_indoligenes"
"k__Bacteria|p__Actinomycetota|c__Actinomycetes|o__Propionibacteriales|f__Nocardioidaceae|g__Nocardioides|s__Nocardioides_anomalus","k__Bacteria","p__Actinomycetota","c__Actinomycetes","o__Propionibacteriales","f__Nocardioidaceae","g__Nocardioides","s__Nocardioides_anomalus"
"k__Bacteria|p__Firmicutes|c__Bacilli|o__Bacillales|f__Paenibacillaceae|g__Saccharibacillus|s__Saccharibacillus_brassicae","k__Bacteria","p__Firmicutes","c__Bacilli","o__Bacillales","f__Paenibacillaceae","g__Saccharibacillus","s__Saccharibacillus_brassicae"
"k__Bacteria|p__Actinomycetota|c__Actinomycetes|o__Geodermatophilales|f__Geodermatophilaceae|g__Geodermatophilus|s__Geodermatophilus_africanus","k__Bacteria","p__Actinomycetota","c__Actinomycetes","o__Geodermatophilales","f__Geodermatophilaceae","g__Geodermatophilus","s__Geodermatophilus_africanus"
"k__Bacteria|p__Pseudomonadota|c__Gammaproteobacteria|o__Enterobacterales|f__Erwiniaceae|g__Pantoea|s__Pantoea_brenneri","k__Bacteria","p__Pseudomonadota","c__Gammaproteobacteria","o__Enterobacterales","f__Erwiniaceae","g__Pantoea","s__Pantoea_brenneri"
"k__Bacteria|p__Pseudomonadota|c__Gammaproteobacteria|o__Pseudomonadales|f__Pseudomonadaceae|g__Pseudomonas|s__Pseudomonas_carnis","k__Bacteria","p__Pseudomonadota","c__Gammaproteobacteria","o__Pseudomonadales","f__Pseudomonadaceae","g__Pseudomonas","s__Pseudomonas_carnis"
"k__Bacteria|p__Pseudomonadota|c__Gammaproteobacteria|o__Enterobacterales|f__Yersiniaceae|g__Chimaeribacter|s__Chimaeribacter_coloradensis","k__Bacteria","p__Pseudomonadota","c__Gammaproteobacteria","o__Enterobacterales","f__Yersiniaceae","g__Chimaeribacter","s__Chimaeribacter_coloradensis"
"k__Bacteria|p__Actinomycetota|c__Rubrobacteria|o__Rubrobacterales|f__Rubrobacteraceae|g__GGB90696|s__GGB90696_SGB127366","k__Bacteria","p__Actinomycetota","c__Rubrobacteria","o__Rubrobacterales","f__Rubrobacteraceae","g__GGB90696","s__GGB90696_SGB127366"
"k__Bacteria|p__Actinomycetota|c__Actinomycetes|o__Geodermatophilales|f__Geodermatophilaceae|g__Blastococcus|s__Blastococcus_mobilis","k__Bacteria","p__Actinomycetota","c__Actinomycetes","o__Geodermatophilales","f__Geodermatophilaceae","g__Blastococcus","s__Blastococcus_mobilis"
"k__Bacteria|p__Actinomycetota|c__Actinomycetes|o__Geodermatophilales|f__Geodermatophilaceae|g__Modestobacter|s__Modestobacter_excelsi","k__Bacteria","p__Actinomycetota","c__Actinomycetes","o__Geodermatophilales","f__Geodermatophilaceae","g__Modestobacter","s__Modestobacter_excelsi"
"k__Bacteria|p__Pseudomonadota|c__Betaproteobacteria|o__Burkholderiales|f__Oxalobacteraceae|g__Pseudoduganella|s__Pseudoduganella_plicata","k__Bacteria","p__Pseudomonadota","c__Betaproteobacteria","o__Burkholderiales","f__Oxalobacteraceae","g__Pseudoduganella","s__Pseudoduganella_plicata"
"k__Bacteria|p__Pseudomonadota|c__Gammaproteobacteria|o__Moraxellales|f__Moraxellaceae|g__Acinetobacter|s__Acinetobacter_johnsonii","k__Bacteria","p__Pseudomonadota","c__Gammaproteobacteria","o__Moraxellales","f__Moraxellaceae","g__Acinetobacter","s__Acinetobacter_johnsonii"
"k__Bacteria|p__Pseudomonadota|c__Betaproteobacteria|o__Burkholderiales|f__Comamonadaceae|g__Acidovorax|s__Acidovorax_sp_CF316","k__Bacteria","p__Pseudomonadota","c__Betaproteobacteria","o__Burkholderiales","f__Comamonadaceae","g__Acidovorax","s__Acidovorax_sp_CF316"
"k__Bacteria|p__Actinomycetota|c__Actinomycetes|o__Micrococcales|f__Microbacteriaceae|g__Microbacterium|s__Microbacterium_yannicii","k__Bacteria","p__Actinomycetota","c__Actinomycetes","o__Micrococcales","f__Microbacteriaceae","g__Microbacterium","s__Microbacterium_yannicii"
"k__Bacteria|p__Pseudomonadota|c__Alphaproteobacteria|o__Hyphomicrobiales|f__Methylobacteriaceae|g__Methylorubrum|s__Methylorubrum_extorquens","k__Bacteria","p__Pseudomonadota","c__Alphaproteobacteria","o__Hyphomicrobiales","f__Methylobacteriaceae","g__Methylorubrum","s__Methylorubrum_extorquens"
"k__Bacteria|p__Pseudomonadota|c__Betaproteobacteria|o__Burkholderiales|f__Oxalobacteraceae|g__Pseudoduganella|s__Pseudoduganella_albidiflava","k__Bacteria","p__Pseudomonadota","c__Betaproteobacteria","o__Burkholderiales","f__Oxalobacteraceae","g__Pseudoduganella","s__Pseudoduganella_albidiflava"
"k__Bacteria|p__Actinomycetota|c__Actinomycetes|o__Mycobacteriales|f__Mycobacteriaceae|g__Mycobacterium|s__Mycobacterium_hippophais","k__Bacteria","p__Actinomycetota","c__Actinomycetes","o__Mycobacteriales","f__Mycobacteriaceae","g__Mycobacterium","s__Mycobacterium_hippophais"
"k__Bacteria|p__Bacteroidota|c__Sphingobacteriia|o__Sphingobacteriales|f__Sphingobacteriaceae|g__Pedobacter|s__Pedobacter_sp_Bi27","k__Bacteria","p__Bacteroidota","c__Sphingobacteriia","o__Sphingobacteriales","f__Sphingobacteriaceae","g__Pedobacter","s__Pedobacter_sp_Bi27"
"k__Bacteria|p__Pseudomonadota|c__Betaproteobacteria|o__Burkholderiales|f__Oxalobacteraceae|g__Pseudoduganella|s__Pseudoduganella_umbonata","k__Bacteria","p__Pseudomonadota","c__Betaproteobacteria","o__Burkholderiales","f__Oxalobacteraceae","g__Pseudoduganella","s__Pseudoduganella_umbonata"
"k__Bacteria|p__Pseudomonadota|c__Alphaproteobacteria|o__Hyphomicrobiales|f__Nitrobacteraceae|g__GGB92466|s__GGB92466_SGB133157","k__Bacteria","p__Pseudomonadota","c__Alphaproteobacteria","o__Hyphomicrobiales","f__Nitrobacteraceae","g__GGB92466","s__GGB92466_SGB133157"
"k__Bacteria|p__Pseudomonadota|c__Gammaproteobacteria|o__Lysobacterales|f__Lysobacteraceae|g__Stenotrophomonas|s__Stenotrophomonas_chelatiphaga","k__Bacteria","p__Pseudomonadota","c__Gammaproteobacteria","o__Lysobacterales","f__Lysobacteraceae","g__Stenotrophomonas","s__Stenotrophomonas_chelatiphaga"
"k__Bacteria|p__Pseudomonadota|c__Betaproteobacteria|o__Burkholderiales|f__Oxalobacteraceae|g__Pseudoduganella|s__Pseudoduganella_lutea","k__Bacteria","p__Pseudomonadota","c__Betaproteobacteria","o__Burkholderiales","f__Oxalobacteraceae","g__Pseudoduganella","s__Pseudoduganella_lutea"
"k__Bacteria|p__Actinomycetota|c__Actinomycetes|o__Micrococcales|f__Microbacteriaceae|g__Microbacterium|s__Microbacterium_sp_SA39","k__Bacteria","p__Actinomycetota","c__Actinomycetes","o__Micrococcales","f__Microbacteriaceae","g__Microbacterium","s__Microbacterium_sp_SA39"
"k__Bacteria|p__Pseudomonadota|c__Alphaproteobacteria|o__Hyphomicrobiales|f__Methylopilaceae|g__Methylopila|s__Methylopila_sp_Yamaguchi","k__Bacteria","p__Pseudomonadota","c__Alphaproteobacteria","o__Hyphomicrobiales","f__Methylopilaceae","g__Methylopila","s__Methylopila_sp_Yamaguchi"
"k__Bacteria|p__Pseudomonadota|c__Alphaproteobacteria|o__Hyphomicrobiales|f__Methylobacteriaceae|g__Methylobacterium|s__Methylobacterium_oxalidis","k__Bacteria","p__Pseudomonadota","c__Alphaproteobacteria","o__Hyphomicrobiales","f__Methylobacteriaceae","g__Methylobacterium","s__Methylobacterium_oxalidis"
"k__Bacteria|p__Pseudomonadota|c__Alphaproteobacteria|o__Sphingomonadales|f__Sphingomonadaceae|g__Sphingomonas|s__Sphingomonas_asaccharolytica","k__Bacteria","p__Pseudomonadota","c__Alphaproteobacteria","o__Sphingomonadales","f__Sphingomonadaceae","g__Sphingomonas","s__Sphingomonas_asaccharolytica"
"k__Bacteria|p__Pseudomonadota|c__Alphaproteobacteria|o__Hyphomicrobiales|f__Methylobacteriaceae|g__Microvirga|s__Microvirga_aerilata","k__Bacteria","p__Pseudomonadota","c__Alphaproteobacteria","o__Hyphomicrobiales","f__Methylobacteriaceae","g__Microvirga","s__Microvirga_aerilata"
"k__Bacteria|p__Pseudomonadota|c__Alphaproteobacteria|o__Caulobacterales|f__Caulobacteraceae|g__Caulobacter|s__Caulobacter_sp_UNC358MFTsu5_1","k__Bacteria","p__Pseudomonadota","c__Alphaproteobacteria","o__Caulobacterales","f__Caulobacteraceae","g__Caulobacter","s__Caulobacter_sp_UNC358MFTsu5_1"
"k__Bacteria|p__Bacteroidota|c__Chitinophagia|o__Chitinophagales|f__Chitinophagaceae|g__Flavitalea|s__Flavitalea_sp_BT771","k__Bacteria","p__Bacteroidota","c__Chitinophagia","o__Chitinophagales","f__Chitinophagaceae","g__Flavitalea","s__Flavitalea_sp_BT771"
"k__Bacteria|p__Pseudomonadota|c__Betaproteobacteria|o__Burkholderiales|f__Oxalobacteraceae|g__Noviherbaspirillum|s__Noviherbaspirillum_pedocola","k__Bacteria","p__Pseudomonadota","c__Betaproteobacteria","o__Burkholderiales","f__Oxalobacteraceae","g__Noviherbaspirillum","s__Noviherbaspirillum_pedocola"
"k__Bacteria|p__Actinomycetota|c__Actinomycetes|o__Pseudonocardiales|f__Pseudonocardiaceae|g__Pseudonocardia|s__Pseudonocardia_cypriaca","k__Bacteria","p__Actinomycetota","c__Actinomycetes","o__Pseudonocardiales","f__Pseudonocardiaceae","g__Pseudonocardia","s__Pseudonocardia_cypriaca"
"k__Bacteria|p__Cyanobacteriota|c__Cyanophyceae|o__Oscillatoriales|f__Microcoleaceae|g__Microcoleus|s__Microcoleus_sp_FACHB_831","k__Bacteria","p__Cyanobacteriota","c__Cyanophyceae","o__Oscillatoriales","f__Microcoleaceae","g__Microcoleus","s__Microcoleus_sp_FACHB_831"
"k__Bacteria|p__Cyanobacteriota|c__Cyanophyceae|o__Chroococcidiopsidales|f__Chroococcidiopsidaceae|g__GGB35424|s__GGB35424_SGB123073","k__Bacteria","p__Cyanobacteriota","c__Cyanophyceae","o__Chroococcidiopsidales","f__Chroococcidiopsidaceae","g__GGB35424","s__GGB35424_SGB123073"
"k__Bacteria|p__Pseudomonadota|c__Alphaproteobacteria|o__Hyphomicrobiales|f__Methylobacteriaceae|g__Methylobacterium|s__Methylobacterium_SGB94069","k__Bacteria","p__Pseudomonadota","c__Alphaproteobacteria","o__Hyphomicrobiales","f__Methylobacteriaceae","g__Methylobacterium","s__Methylobacterium_SGB94069"
"k__Bacteria|p__Myxococcota|c__Myxococcia|o__Myxococcales|f__Myxococcaceae|g__Simulacricoccus|s__Simulacricoccus_sp_17bor_14","k__Bacteria","p__Myxococcota","c__Myxococcia","o__Myxococcales","f__Myxococcaceae","g__Simulacricoccus","s__Simulacricoccus_sp_17bor_14"
"k__Bacteria|p__Pseudomonadota|c__Betaproteobacteria|o__Burkholderiales|f__Sphaerotilaceae|g__Azohydromonas|s__Azohydromonas_aeria","k__Bacteria","p__Pseudomonadota","c__Betaproteobacteria","o__Burkholderiales","f__Sphaerotilaceae","g__Azohydromonas","s__Azohydromonas_aeria"
"k__Bacteria|p__Firmicutes|c__Negativicutes|o__Selenomonadales|f__Sporomusaceae|g__Pelosinus|s__Pelosinus_sp_UFO1","k__Bacteria","p__Firmicutes","c__Negativicutes","o__Selenomonadales","f__Sporomusaceae","g__Pelosinus","s__Pelosinus_sp_UFO1"
"k__Bacteria|p__Pseudomonadota|c__Gammaproteobacteria|o__Enterobacterales|f__Yersiniaceae|g__Rahnella|s__Rahnella_sp_AA","k__Bacteria","p__Pseudomonadota","c__Gammaproteobacteria","o__Enterobacterales","f__Yersiniaceae","g__Rahnella","s__Rahnella_sp_AA"
"k__Bacteria|p__Pseudomonadota|c__Gammaproteobacteria|o__Enterobacterales|f__Enterobacteriaceae|g__Citrobacter|s__Citrobacter_koseri","k__Bacteria","p__Pseudomonadota","c__Gammaproteobacteria","o__Enterobacterales","f__Enterobacteriaceae","g__Citrobacter","s__Citrobacter_koseri"
"k__Bacteria|p__Firmicutes|c__Negativicutes|o__Selenomonadales|f__Sporomusaceae|g__Pelosinus|s__Pelosinus_sp_IPA_1","k__Bacteria","p__Firmicutes","c__Negativicutes","o__Selenomonadales","f__Sporomusaceae","g__Pelosinus","s__Pelosinus_sp_IPA_1"
"k__Bacteria|p__Chlamydiota|c__CFGB1611|o__OFGB1611|f__FGB1611|g__GGB4064|s__GGB4064_SGB5516","k__Bacteria","p__Chlamydiota","c__CFGB1611","o__OFGB1611","f__FGB1611","g__GGB4064","s__GGB4064_SGB5516"
"k__Bacteria|p__Pseudomonadota|c__Gammaproteobacteria|o__Pseudomonadales|f__Pseudomonadaceae|g__Pseudomonas|s__Pseudomonas_folii","k__Bacteria","p__Pseudomonadota","c__Gammaproteobacteria","o__Pseudomonadales","f__Pseudomonadaceae","g__Pseudomonas","s__Pseudomonas_folii"
"k__Bacteria|p__Firmicutes|c__Bacilli|o__Bacillales|f__Paenibacillaceae|g__Paenibacillus|s__Paenibacillus_helianthi","k__Bacteria","p__Firmicutes","c__Bacilli","o__Bacillales","f__Paenibacillaceae","g__Paenibacillus","s__Paenibacillus_helianthi"
"k__Archaea|p__Nitrososphaerota|c__CFGB79369|o__OFGB79369|f__FGB79369|g__GGB53647|s__GGB53647_SGB122461","k__Archaea","p__Nitrososphaerota","c__CFGB79369","o__OFGB79369","f__FGB79369","g__GGB53647","s__GGB53647_SGB122461"
"k__Bacteria|p__Pseudomonadota|c__Betaproteobacteria|o__Burkholderiales|f__Comamonadaceae|g__Acidovorax|s__Acidovorax_sp_Leaf78","k__Bacteria","p__Pseudomonadota","c__Betaproteobacteria","o__Burkholderiales","f__Comamonadaceae","g__Acidovorax","s__Acidovorax_sp_Leaf78"
"k__Bacteria|p__Pseudomonadota|c__Alphaproteobacteria|o__Hyphomicrobiales|f__Methylobacteriaceae|g__Methylobacterium|s__Methylobacterium_trifolii","k__Bacteria","p__Pseudomonadota","c__Alphaproteobacteria","o__Hyphomicrobiales","f__Methylobacteriaceae","g__Methylobacterium","s__Methylobacterium_trifolii"
"k__Bacteria|p__Pseudomonadota|c__Alphaproteobacteria|o__Acetobacterales|f__Roseomonadaceae|g__GGB69743|s__GGB69743_SGB93983","k__Bacteria","p__Pseudomonadota","c__Alphaproteobacteria","o__Acetobacterales","f__Roseomonadaceae","g__GGB69743","s__GGB69743_SGB93983"
"k__Bacteria|p__Pseudomonadota|c__Betaproteobacteria|o__Burkholderiales|f__Comamonadaceae|g__GGB77983|s__GGB77983_SGB108207","k__Bacteria","p__Pseudomonadota","c__Betaproteobacteria","o__Burkholderiales","f__Comamonadaceae","g__GGB77983","s__GGB77983_SGB108207"
"k__Bacteria|p__Firmicutes|c__Clostridia|o__Lachnospirales|f__Lachnospiraceae|g__Lachnoclostridium|s__Clostridium_fimetarium","k__Bacteria","p__Firmicutes","c__Clostridia","o__Lachnospirales","f__Lachnospiraceae","g__Lachnoclostridium","s__Clostridium_fimetarium"
"k__Bacteria|p__Firmicutes|c__Clostridia|o__Eubacteriales|f__Clostridiaceae|g__Clostridium|s__Clostridium_gelidum","k__Bacteria","p__Firmicutes","c__Clostridia","o__Eubacteriales","f__Clostridiaceae","g__Clostridium","s__Clostridium_gelidum"
"k__Bacteria|p__Pseudomonadota|c__Alphaproteobacteria|o__Hyphomicrobiales|f__Methylobacteriaceae|g__Methylobacterium|s__Methylobacterium_planeticum","k__Bacteria","p__Pseudomonadota","c__Alphaproteobacteria","o__Hyphomicrobiales","f__Methylobacteriaceae","g__Methylobacterium","s__Methylobacterium_planeticum"
"k__Bacteria|p__Pseudomonadota|c__Alphaproteobacteria|o__Hyphomicrobiales|f__Hyphomicrobiales_unclassified|g__Hyphomicrobiales_unclassified|s__Rhizobiales_bacterium_2SD","k__Bacteria","p__Pseudomonadota","c__Alphaproteobacteria","o__Hyphomicrobiales","f__","g__","s__Rhizobiales_bacterium_2SD"
"k__Bacteria|p__Firmicutes|c__Bacilli|o__Bacillales|f__Bacillaceae|g__Bacillus|s__Bacillus_sp_1NLA3E","k__Bacteria","p__Firmicutes","c__Bacilli","o__Bacillales","f__Bacillaceae","g__Bacillus","s__Bacillus_sp_1NLA3E"
"k__Bacteria|p__Acidobacteriota|c__CFGB14596|o__OFGB14596|f__FGB14596|g__GGB142175|s__GGB142175_SGB169146","k__Bacteria","p__Acidobacteriota","c__CFGB14596","o__OFGB14596","f__FGB14596","g__GGB142175","s__GGB142175_SGB169146"
"k__Bacteria|p__Actinomycetota|c__Actinomycetes|o__Geodermatophilales|f__Geodermatophilaceae|g__Blastococcus|s__Blastococcus_sp_CT_GayMR16","k__Bacteria","p__Actinomycetota","c__Actinomycetes","o__Geodermatophilales","f__Geodermatophilaceae","g__Blastococcus","s__Blastococcus_sp_CT_GayMR16"
"k__Bacteria|p__Pseudomonadota|c__Alphaproteobacteria|o__Hyphomicrobiales|f__Nitrobacteraceae|g__GGB97328|s__GGB97328_SGB73517","k__Bacteria","p__Pseudomonadota","c__Alphaproteobacteria","o__Hyphomicrobiales","f__Nitrobacteraceae","g__GGB97328","s__GGB97328_SGB73517"
"k__Bacteria|p__Verrucomicrobiota|c__CFGB81405|o__OFGB81405|f__FGB81405|g__GGB32810|s__GGB32810_SGB52752","k__Bacteria","p__Verrucomicrobiota","c__CFGB81405","o__OFGB81405","f__FGB81405","g__GGB32810","s__GGB32810_SGB52752"
"k__Archaea|p__Nitrososphaerota|c__CFGB93774|o__OFGB93774|f__FGB93774|g__GGB49577|s__GGB49577_SGB69552","k__Archaea","p__Nitrososphaerota","c__CFGB93774","o__OFGB93774","f__FGB93774","g__GGB49577","s__GGB49577_SGB69552"
"k__Bacteria|p__Pseudomonadota|c__Alphaproteobacteria|o__Hyphomicrobiales|f__Rhizobiaceae|g__Rhizobium|s__Rhizobium_phaseoli","k__Bacteria","p__Pseudomonadota","c__Alphaproteobacteria","o__Hyphomicrobiales","f__Rhizobiaceae","g__Rhizobium","s__Rhizobium_phaseoli"
"k__Archaea|p__Nitrososphaerota|c__CFGB49577|o__OFGB49577|f__FGB49577|g__GGB53648|s__GGB53648_SGB74779","k__Archaea","p__Nitrososphaerota","c__CFGB49577","o__OFGB49577","f__FGB49577","g__GGB53648","s__GGB53648_SGB74779"
"k__Bacteria|p__Actinomycetota|c__Actinomycetes|o__Streptosporangiales|f__Treboniaceae|g__GGB94013|s__GGB94013_SGB130007","k__Bacteria","p__Actinomycetota","c__Actinomycetes","o__Streptosporangiales","f__Treboniaceae","g__GGB94013","s__GGB94013_SGB130007"
"k__Bacteria|p__Verrucomicrobiota|c__CFGB81405|o__OFGB81405|f__FGB81405|g__GGB14630|s__GGB14630_SGB22169","k__Bacteria","p__Verrucomicrobiota","c__CFGB81405","o__OFGB81405","f__FGB81405","g__GGB14630","s__GGB14630_SGB22169"
"k__Bacteria|p__Actinomycetota|c__Actinomycetes|o__Mycobacteriales|f__Mycobacteriaceae|g__GGB93898|s__GGB93898_SGB129766","k__Bacteria","p__Actinomycetota","c__Actinomycetes","o__Mycobacteriales","f__Mycobacteriaceae","g__GGB93898","s__GGB93898_SGB129766"
"k__Bacteria|p__Actinomycetota|c__Thermoleophilia|o__Gaiellales|f__Gaiellaceae|g__GGB37286|s__GGB37286_SGB55831","k__Bacteria","p__Actinomycetota","c__Thermoleophilia","o__Gaiellales","f__Gaiellaceae","g__GGB37286","s__GGB37286_SGB55831"
"k__Bacteria|p__Pseudomonadota|c__Alphaproteobacteria|o__Hyphomicrobiales|f__Methylobacteriaceae|g__Methylobacterium|s__Methylobacterium_sp_Leaf99","k__Bacteria","p__Pseudomonadota","c__Alphaproteobacteria","o__Hyphomicrobiales","f__Methylobacteriaceae","g__Methylobacterium","s__Methylobacterium_sp_Leaf99"
"k__Bacteria|p__Pseudomonadota|c__Alphaproteobacteria|o__Hyphomicrobiales|f__Nitrobacteraceae|g__Bradyrhizobium|s__Bradyrhizobium_oligotrophicum","k__Bacteria","p__Pseudomonadota","c__Alphaproteobacteria","o__Hyphomicrobiales","f__Nitrobacteraceae","g__Bradyrhizobium","s__Bradyrhizobium_oligotrophicum"
"k__Bacteria|p__Pseudomonadota|c__Alphaproteobacteria|o__Hyphomicrobiales|f__Beijerinckiaceae|g__GGB65845|s__GGB65845_SGB89193","k__Bacteria","p__Pseudomonadota","c__Alphaproteobacteria","o__Hyphomicrobiales","f__Beijerinckiaceae","g__GGB65845","s__GGB65845_SGB89193"
"k__Bacteria|p__Bacteroidota|c__Cytophagia|o__Cytophagales|f__Spirosomataceae|g__Dyadobacter|s__Dyadobacter_sp_CY261","k__Bacteria","p__Bacteroidota","c__Cytophagia","o__Cytophagales","f__Spirosomataceae","g__Dyadobacter","s__Dyadobacter_sp_CY261"
"k__Bacteria|p__Pseudomonadota|c__Alphaproteobacteria|o__Rhodobacterales|f__Roseobacteraceae|g__Rubellimicrobium|s__Rubellimicrobium_mesophilum","k__Bacteria","p__Pseudomonadota","c__Alphaproteobacteria","o__Rhodobacterales","f__Roseobacteraceae","g__Rubellimicrobium","s__Rubellimicrobium_mesophilum"
"k__Bacteria|p__Pseudomonadota|c__Alphaproteobacteria|o__Hyphomicrobiales|f__Devosiaceae|g__Devosia|s__Devosia_insulae","k__Bacteria","p__Pseudomonadota","c__Alphaproteobacteria","o__Hyphomicrobiales","f__Devosiaceae","g__Devosia","s__Devosia_insulae"
"k__Bacteria|p__Pseudomonadota|c__Alphaproteobacteria|o__Caulobacterales|f__Caulobacteraceae|g__Caulobacter|s__Caulobacter_SGB11765","k__Bacteria","p__Pseudomonadota","c__Alphaproteobacteria","o__Caulobacterales","f__Caulobacteraceae","g__Caulobacter","s__Caulobacter_SGB11765"
"k__Bacteria|p__Actinomycetota|c__Actinomycetes|o__Kitasatosporales|f__Streptomycetaceae|g__GGB136961|s__GGB136961_SGB176714","k__Bacteria","p__Actinomycetota","c__Actinomycetes","o__Kitasatosporales","f__Streptomycetaceae","g__GGB136961","s__GGB136961_SGB176714"
"k__Bacteria|p__Pseudomonadota|c__Gammaproteobacteria|o__Enterobacterales|f__Erwiniaceae|g__Pantoea|s__Pantoea_agglomerans","k__Bacteria","p__Pseudomonadota","c__Gammaproteobacteria","o__Enterobacterales","f__Erwiniaceae","g__Pantoea","s__Pantoea_agglomerans"
"k__Bacteria|p__Cyanobacteriota|c__Cyanophyceae|o__Gomontiellales|f__Gomontiellaceae|g__GGB88499|s__GGB88499_SGB123032","k__Bacteria","p__Cyanobacteriota","c__Cyanophyceae","o__Gomontiellales","f__Gomontiellaceae","g__GGB88499","s__GGB88499_SGB123032"
"k__Bacteria|p__Actinomycetota|c__Actinomycetes|o__Pseudonocardiales|f__Pseudonocardiaceae|g__Kibdelosporangium|s__Kibdelosporangium_sp_MJ126_NF4","k__Bacteria","p__Actinomycetota","c__Actinomycetes","o__Pseudonocardiales","f__Pseudonocardiaceae","g__Kibdelosporangium","s__Kibdelosporangium_sp_MJ126_NF4"
"k__Bacteria|p__Pseudomonadota|c__Betaproteobacteria|o__Burkholderiales|f__Comamonadaceae|g__Variovorax|s__Variovorax_sp_dw_308","k__Bacteria","p__Pseudomonadota","c__Betaproteobacteria","o__Burkholderiales","f__Comamonadaceae","g__Variovorax","s__Variovorax_sp_dw_308"
"k__Bacteria|p__Bacteroidota|c__Sphingobacteriia|o__Sphingobacteriales|f__Sphingobacteriaceae|g__Mucilaginibacter|s__Mucilaginibacter_rivuli","k__Bacteria","p__Bacteroidota","c__Sphingobacteriia","o__Sphingobacteriales","f__Sphingobacteriaceae","g__Mucilaginibacter","s__Mucilaginibacter_rivuli"
"k__Bacteria|p__Actinomycetota|c__Actinomycetes|o__Kitasatosporales|f__Streptomycetaceae|g__GGB94187|s__GGB94187_SGB130181","k__Bacteria","p__Actinomycetota","c__Actinomycetes","o__Kitasatosporales","f__Streptomycetaceae","g__GGB94187","s__GGB94187_SGB130181"
"k__Bacteria|p__Bacteroidota|c__Cytophagia|o__Cytophagales|f__Hymenobacteraceae|g__Adhaeribacter|s__Adhaeribacter_pallidiroseus","k__Bacteria","p__Bacteroidota","c__Cytophagia","o__Cytophagales","f__Hymenobacteraceae","g__Adhaeribacter","s__Adhaeribacter_pallidiroseus"
"k__Bacteria|p__Actinomycetota|c__Actinomycetes|o__Micrococcales|f__Microbacteriaceae|g__Herbiconiux|s__Herbiconiux_sp_VKM_Ac_1786","k__Bacteria","p__Actinomycetota","c__Actinomycetes","o__Micrococcales","f__Microbacteriaceae","g__Herbiconiux","s__Herbiconiux_sp_VKM_Ac_1786"
"k__Bacteria|p__Pseudomonadota|c__Betaproteobacteria|o__Burkholderiales|f__Comamonadaceae|g__Acidovorax|s__Acidovorax_sp_NB1","k__Bacteria","p__Pseudomonadota","c__Betaproteobacteria","o__Burkholderiales","f__Comamonadaceae","g__Acidovorax","s__Acidovorax_sp_NB1"
"k__Bacteria|p__Pseudomonadota|c__Betaproteobacteria|o__Burkholderiales|f__Comamonadaceae|g__Acidovorax|s__Acidovorax_delafieldii","k__Bacteria","p__Pseudomonadota","c__Betaproteobacteria","o__Burkholderiales","f__Comamonadaceae","g__Acidovorax","s__Acidovorax_delafieldii"
"k__Bacteria|p__Pseudomonadota|c__Betaproteobacteria|o__Burkholderiales|f__Burkholderiales_unclassified|g__Aquabacterium|s__Aquabacterium_SGB22426","k__Bacteria","p__Pseudomonadota","c__Betaproteobacteria","o__Burkholderiales","f__","g__Aquabacterium","s__Aquabacterium_SGB22426"
"k__Eukaryota|p__Eukaryota_unclassified|c__Chrysophyceae|o__Chromulinales|f__Dinobryaceae|g__Poteriospumella|s__Poteriospumella_lacustris","k__Eukaryota","p__","c__Chrysophyceae","o__Chromulinales","f__Dinobryaceae","g__Poteriospumella","s__Poteriospumella_lacustris"
"k__Bacteria|p__Bacteroidota|c__Cytophagia|o__Cytophagales|f__Leadbetterellaceae|g__Emticicia|s__Emticicia_aquatilis","k__Bacteria","p__Bacteroidota","c__Cytophagia","o__Cytophagales","f__Leadbetterellaceae","g__Emticicia","s__Emticicia_aquatilis"
"k__Bacteria|p__Acidobacteriota|c__CFGB52975|o__OFGB52975|f__FGB52975|g__GGB61493|s__GGB61493_SGB83573","k__Bacteria","p__Acidobacteriota","c__CFGB52975","o__OFGB52975","f__FGB52975","g__GGB61493","s__GGB61493_SGB83573"
"k__Bacteria|p__Pseudomonadota|c__Betaproteobacteria|o__Burkholderiales|f__Oxalobacteraceae|g__Pseudoduganella|s__Pseudoduganella_aquatica","k__Bacteria","p__Pseudomonadota","c__Betaproteobacteria","o__Burkholderiales","f__Oxalobacteraceae","g__Pseudoduganella","s__Pseudoduganella_aquatica"
"k__Bacteria|p__Bacteroidota|c__Cytophagia|o__Cytophagales|f__Flectobacillaceae|g__Arcicella|s__Arcicella_rosea","k__Bacteria","p__Bacteroidota","c__Cytophagia","o__Cytophagales","f__Flectobacillaceae","g__Arcicella","s__Arcicella_rosea"
"k__Bacteria|p__Pseudomonadota|c__Alphaproteobacteria|o__Sphingomonadales|f__Sphingomonadaceae|g__Sphingomonas|s__Sphingomonas_sp_CFBP_13603","k__Bacteria","p__Pseudomonadota","c__Alphaproteobacteria","o__Sphingomonadales","f__Sphingomonadaceae","g__Sphingomonas","s__Sphingomonas_sp_CFBP_13603"
"k__Bacteria|p__Pseudomonadota|c__Gammaproteobacteria|o__Enterobacterales|f__Yersiniaceae|g__Serratia|s__Serratia_fonticola","k__Bacteria","p__Pseudomonadota","c__Gammaproteobacteria","o__Enterobacterales","f__Yersiniaceae","g__Serratia","s__Serratia_fonticola"
"k__Bacteria|p__Pseudomonadota|c__Betaproteobacteria|o__Burkholderiales|f__Oxalobacteraceae|g__Noviherbaspirillum|s__Noviherbaspirillum_sp_L7_7A","k__Bacteria","p__Pseudomonadota","c__Betaproteobacteria","o__Burkholderiales","f__Oxalobacteraceae","g__Noviherbaspirillum","s__Noviherbaspirillum_sp_L7_7A"
"k__Bacteria|p__Pseudomonadota|c__Betaproteobacteria|o__Burkholderiales|f__Oxalobacteraceae|g__Duganella|s__Duganella_aceris","k__Bacteria","p__Pseudomonadota","c__Betaproteobacteria","o__Burkholderiales","f__Oxalobacteraceae","g__Duganella","s__Duganella_aceris"
"k__Bacteria|p__Cyanobacteriota|c__Cyanophyceae|o__Coleofasciculales|f__Coleofasciculaceae|g__GGB88488|s__GGB88488_SGB123037","k__Bacteria","p__Cyanobacteriota","c__Cyanophyceae","o__Coleofasciculales","f__Coleofasciculaceae","g__GGB88488","s__GGB88488_SGB123037"
"k__Bacteria|p__Pseudomonadota|c__Gammaproteobacteria|o__Pseudomonadales|f__Perlucidibacaceae|g__Perlucidibaca|s__Perlucidibaca_aquatica","k__Bacteria","p__Pseudomonadota","c__Gammaproteobacteria","o__Pseudomonadales","f__Perlucidibacaceae","g__Perlucidibaca","s__Perlucidibaca_aquatica"
"k__Bacteria|p__Acidobacteriota|c__CFGB26132|o__OFGB26132|f__FGB26132|g__GGB74134|s__GGB74134_SGB132370","k__Bacteria","p__Acidobacteriota","c__CFGB26132","o__OFGB26132","f__FGB26132","g__GGB74134","s__GGB74134_SGB132370"
"k__Bacteria|p__Acidobacteriota|c__CFGB26132|o__OFGB26132|f__FGB26132|g__GGB74134|s__GGB74134_SGB132366","k__Bacteria","p__Acidobacteriota","c__CFGB26132","o__OFGB26132","f__FGB26132","g__GGB74134","s__GGB74134_SGB132366"
"k__Bacteria|p__Pseudomonadota|c__Gammaproteobacteria|o__Pseudomonadales|f__Pseudomonadaceae|g__Pseudomonas|s__Pseudomonas_reactans","k__Bacteria","p__Pseudomonadota","c__Gammaproteobacteria","o__Pseudomonadales","f__Pseudomonadaceae","g__Pseudomonas","s__Pseudomonas_reactans"
"k__Bacteria|p__Bacteroidota|c__Sphingobacteriia|o__Sphingobacteriales|f__Sphingobacteriaceae|g__Mucilaginibacter|s__Mucilaginibacter_pineti","k__Bacteria","p__Bacteroidota","c__Sphingobacteriia","o__Sphingobacteriales","f__Sphingobacteriaceae","g__Mucilaginibacter","s__Mucilaginibacter_pineti"
"k__Bacteria|p__Pseudomonadota|c__Alphaproteobacteria|o__Caulobacterales|f__Caulobacteraceae|g__Brevundimonas|s__Brevundimonas_vesicularis","k__Bacteria","p__Pseudomonadota","c__Alphaproteobacteria","o__Caulobacterales","f__Caulobacteraceae","g__Brevundimonas","s__Brevundimonas_vesicularis"
"k__Bacteria|p__Bacteroidota|c__Sphingobacteriia|o__Sphingobacteriales|f__Sphingobacteriaceae|g__Sphingobacteriaceae_unclassified|s__Sphingobacteriaceae_bacterium","k__Bacteria","p__Bacteroidota","c__Sphingobacteriia","o__Sphingobacteriales","f__Sphingobacteriaceae","g__","s__Sphingobacteriaceae_bacterium"
"k__Bacteria|p__Planctomycetota|c__Planctomycetia|o__Gemmatales|f__Gemmataceae|g__Zavarzinella|s__Zavarzinella_formosa","k__Bacteria","p__Planctomycetota","c__Planctomycetia","o__Gemmatales","f__Gemmataceae","g__Zavarzinella","s__Zavarzinella_formosa"
"k__Bacteria|p__Myxococcota|c__Myxococcia|o__Myxococcales|f__Myxococcaceae|g__Pyxidicoccus|s__Pyxidicoccus_caerfyrddinensis","k__Bacteria","p__Myxococcota","c__Myxococcia","o__Myxococcales","f__Myxococcaceae","g__Pyxidicoccus","s__Pyxidicoccus_caerfyrddinensis"
"k__Bacteria|p__Firmicutes|c__Bacilli|o__Bacillales|f__Bacillaceae|g__Bacillus|s__Bacillus_sp_3255","k__Bacteria","p__Firmicutes","c__Bacilli","o__Bacillales","f__Bacillaceae","g__Bacillus","s__Bacillus_sp_3255"
"k__Bacteria|p__Pseudomonadota|c__Alphaproteobacteria|o__Acetobacterales|f__Roseomonadaceae|g__Siccirubricoccus|s__Siccirubricoccus_sp_G192","k__Bacteria","p__Pseudomonadota","c__Alphaproteobacteria","o__Acetobacterales","f__Roseomonadaceae","g__Siccirubricoccus","s__Siccirubricoccus_sp_G192"
"k__Archaea|p__Nitrososphaerota|c__CFGB52473|o__OFGB52473|f__FGB52473|g__GGB87580|s__GGB87580_SGB122646","k__Archaea","p__Nitrososphaerota","c__CFGB52473","o__OFGB52473","f__FGB52473","g__GGB87580","s__GGB87580_SGB122646"
"k__Bacteria|p__Pseudomonadota|c__Alphaproteobacteria|o__Hyphomicrobiales|f__Methylobacteriaceae|g__Microvirga|s__Microvirga_arvi","k__Bacteria","p__Pseudomonadota","c__Alphaproteobacteria","o__Hyphomicrobiales","f__Methylobacteriaceae","g__Microvirga","s__Microvirga_arvi"
"k__Bacteria|p__Actinomycetota|c__Actinomycetes|o__Propionibacteriales|f__Nocardioidaceae|g__Nocardioides|s__Nocardioides_sp_URHA0032","k__Bacteria","p__Actinomycetota","c__Actinomycetes","o__Propionibacteriales","f__Nocardioidaceae","g__Nocardioides","s__Nocardioides_sp_URHA0032"
"k__Bacteria|p__Pseudomonadota|c__Alphaproteobacteria|o__Sphingomonadales|f__Erythrobacteraceae|g__Tsuneonella|s__Tsuneonella_rigui","k__Bacteria","p__Pseudomonadota","c__Alphaproteobacteria","o__Sphingomonadales","f__Erythrobacteraceae","g__Tsuneonella","s__Tsuneonella_rigui"
"k__Bacteria|p__Bacteroidota|c__Sphingobacteriia|o__Sphingobacteriales|f__Sphingobacteriaceae|g__Mucilaginibacter|s__Mucilaginibacter_sp_SMC90","k__Bacteria","p__Bacteroidota","c__Sphingobacteriia","o__Sphingobacteriales","f__Sphingobacteriaceae","g__Mucilaginibacter","s__Mucilaginibacter_sp_SMC90"
"k__Bacteria|p__Pseudomonadota|c__Alphaproteobacteria|o__Hyphomicrobiales|f__Nitrobacteraceae|g__GGB36523|s__GGB36523_SGB56586","k__Bacteria","p__Pseudomonadota","c__Alphaproteobacteria","o__Hyphomicrobiales","f__Nitrobacteraceae","g__GGB36523","s__GGB36523_SGB56586"
"k__Bacteria|p__Pseudomonadota|c__Betaproteobacteria|o__Burkholderiales|f__Oxalobacteraceae|g__Pseudoduganella|s__Pseudoduganella_lurida","k__Bacteria","p__Pseudomonadota","c__Betaproteobacteria","o__Burkholderiales","f__Oxalobacteraceae","g__Pseudoduganella","s__Pseudoduganella_lurida"
"k__Bacteria|p__Cyanobacteriota|c__CFGB77182|o__OFGB77182|f__FGB77182|g__GGB58890|s__GGB58890_SGB123027","k__Bacteria","p__Cyanobacteriota","c__CFGB77182","o__OFGB77182","f__FGB77182","g__GGB58890","s__GGB58890_SGB123027"
"k__Bacteria|p__Actinomycetota|c__Actinomycetes|o__Propionibacteriales|f__Nocardioidaceae|g__Aeromicrobium|s__Aeromicrobium_endophyticum","k__Bacteria","p__Actinomycetota","c__Actinomycetes","o__Propionibacteriales","f__Nocardioidaceae","g__Aeromicrobium","s__Aeromicrobium_endophyticum"
"k__Eukaryota|p__Ascomycota|c__Dothideomycetes|o__Cladosporiales|f__Cladosporiaceae|g__Cladosporium|s__Cladosporium_phlei","k__Eukaryota","p__Ascomycota","c__Dothideomycetes","o__Cladosporiales","f__Cladosporiaceae","g__Cladosporium","s__Cladosporium_phlei"
"k__Bacteria|p__Pseudomonadota|c__Alphaproteobacteria|o__Acetobacterales|f__Roseomonadaceae|g__GGB77784|s__GGB77784_SGB107959","k__Bacteria","p__Pseudomonadota","c__Alphaproteobacteria","o__Acetobacterales","f__Roseomonadaceae","g__GGB77784","s__GGB77784_SGB107959"
"k__Bacteria|p__Cyanobacteriota|c__Cyanophyceae|o__Leptolyngbyales|f__Leptolyngbyaceae|g__Phormidesmis|s__Phormidesmis_priestleyi","k__Bacteria","p__Cyanobacteriota","c__Cyanophyceae","o__Leptolyngbyales","f__Leptolyngbyaceae","g__Phormidesmis","s__Phormidesmis_priestleyi"
"k__Bacteria|p__Cyanobacteriota|c__Cyanophyceae|o__Chroococcales|f__Entophysalidaceae|g__Chlorogloea|s__Chlorogloea_sp_CCALA_695","k__Bacteria","p__Cyanobacteriota","c__Cyanophyceae","o__Chroococcales","f__Entophysalidaceae","g__Chlorogloea","s__Chlorogloea_sp_CCALA_695"
"k__Bacteria|p__Actinomycetota|c__Thermoleophilia|o__Solirubrobacterales|f__Conexibacteraceae|g__GGB136106|s__GGB136106_SGB175034","k__Bacteria","p__Actinomycetota","c__Thermoleophilia","o__Solirubrobacterales","f__Conexibacteraceae","g__GGB136106","s__GGB136106_SGB175034"
"k__Bacteria|p__Actinomycetota|c__Actinomycetes|o__Propionibacteriales|f__Nocardioidaceae|g__Friedmanniella|s__Friedmanniella_luteola","k__Bacteria","p__Actinomycetota","c__Actinomycetes","o__Propionibacteriales","f__Nocardioidaceae","g__Friedmanniella","s__Friedmanniella_luteola"
"k__Bacteria|p__Actinomycetota|c__Actinomycetes|o__Kitasatosporales|f__Streptomycetaceae|g__GGB94312|s__GGB94312_SGB130298","k__Bacteria","p__Actinomycetota","c__Actinomycetes","o__Kitasatosporales","f__Streptomycetaceae","g__GGB94312","s__GGB94312_SGB130298"
"k__Bacteria|p__Actinomycetota|c__Actinomycetes|o__Micrococcales|f__Microbacteriaceae|g__Amnibacterium|s__Amnibacterium_setariae","k__Bacteria","p__Actinomycetota","c__Actinomycetes","o__Micrococcales","f__Microbacteriaceae","g__Amnibacterium","s__Amnibacterium_setariae"
"k__Bacteria|p__Actinomycetota|c__Actinomycetes|o__Micrococcales|f__Microbacteriaceae|g__Planctomonas|s__Planctomonas_deserti","k__Bacteria","p__Actinomycetota","c__Actinomycetes","o__Micrococcales","f__Microbacteriaceae","g__Planctomonas","s__Planctomonas_deserti"
"k__Bacteria|p__Bacteroidota|c__Sphingobacteriia|o__Sphingobacteriales|f__Sphingobacteriaceae|g__Pedobacter|s__Pedobacter_fastidiosus","k__Bacteria","p__Bacteroidota","c__Sphingobacteriia","o__Sphingobacteriales","f__Sphingobacteriaceae","g__Pedobacter","s__Pedobacter_fastidiosus"
"k__Bacteria|p__Actinomycetota|c__Actinomycetes|o__Propionibacteriales|f__Nocardioidaceae|g__Nocardioides|s__Nocardioides_dongxiaopingii","k__Bacteria","p__Actinomycetota","c__Actinomycetes","o__Propionibacteriales","f__Nocardioidaceae","g__Nocardioides","s__Nocardioides_dongxiaopingii"
"k__Bacteria|p__Actinomycetota|c__Actinomycetes|o__Micrococcales|f__Micrococcaceae|g__Arthrobacter|s__Arthrobacter_sp_Alg241_R88","k__Bacteria","p__Actinomycetota","c__Actinomycetes","o__Micrococcales","f__Micrococcaceae","g__Arthrobacter","s__Arthrobacter_sp_Alg241_R88"
"k__Bacteria|p__Pseudomonadota|c__Alphaproteobacteria|o__Hyphomicrobiales|f__Rhizobiaceae|g__Rhizobium|s__Rhizobium_sp_32_5_1","k__Bacteria","p__Pseudomonadota","c__Alphaproteobacteria","o__Hyphomicrobiales","f__Rhizobiaceae","g__Rhizobium","s__Rhizobium_sp_32_5_1"
"k__Bacteria|p__Firmicutes|c__Bacilli|o__Bacillales|f__Bacillaceae|g__Priestia|s__Priestia_megaterium","k__Bacteria","p__Firmicutes","c__Bacilli","o__Bacillales","f__Bacillaceae","g__Priestia","s__Priestia_megaterium"
"k__Bacteria|p__Pseudomonadota|c__Alphaproteobacteria|o__Hyphomicrobiales|f__Nitrobacteraceae|g__Tardiphaga|s__Tardiphaga_sp_vice154","k__Bacteria","p__Pseudomonadota","c__Alphaproteobacteria","o__Hyphomicrobiales","f__Nitrobacteraceae","g__Tardiphaga","s__Tardiphaga_sp_vice154"
"k__Bacteria|p__Bacteroidota|c__Sphingobacteriia|o__Sphingobacteriales|f__Sphingobacteriaceae|g__Pedobacter|s__Pedobacter_jejuensis","k__Bacteria","p__Bacteroidota","c__Sphingobacteriia","o__Sphingobacteriales","f__Sphingobacteriaceae","g__Pedobacter","s__Pedobacter_jejuensis"
"k__Bacteria|p__Pseudomonadota|c__Betaproteobacteria|o__Nitrosomonadales|f__Methylophilaceae|g__Methylotenera|s__Methylotenera_versatilis","k__Bacteria","p__Pseudomonadota","c__Betaproteobacteria","o__Nitrosomonadales","f__Methylophilaceae","g__Methylotenera","s__Methylotenera_versatilis"
"k__Bacteria|p__Actinomycetota|c__Actinomycetes|o__Propionibacteriales|f__Nocardioidaceae|g__Nocardioides|s__Nocardioides_alpinus","k__Bacteria","p__Actinomycetota","c__Actinomycetes","o__Propionibacteriales","f__Nocardioidaceae","g__Nocardioides","s__Nocardioides_alpinus"
"k__Bacteria|p__Pseudomonadota|c__Alphaproteobacteria|o__Sphingomonadales|f__Sphingomonadaceae|g__Sphingomonas|s__Sphingomonas_japonica","k__Bacteria","p__Pseudomonadota","c__Alphaproteobacteria","o__Sphingomonadales","f__Sphingomonadaceae","g__Sphingomonas","s__Sphingomonas_japonica"
"k__Bacteria|p__Bacteroidota|c__Cytophagia|o__Cytophagales|f__Spirosomataceae|g__Dyadobacter|s__Dyadobacter_sp_CY345","k__Bacteria","p__Bacteroidota","c__Cytophagia","o__Cytophagales","f__Spirosomataceae","g__Dyadobacter","s__Dyadobacter_sp_CY345"
"k__Bacteria|p__Pseudomonadota|c__Alphaproteobacteria|o__Hyphomicrobiales|f__Boseaceae|g__Bosea|s__Bosea_sp_PAMC_26642","k__Bacteria","p__Pseudomonadota","c__Alphaproteobacteria","o__Hyphomicrobiales","f__Boseaceae","g__Bosea","s__Bosea_sp_PAMC_26642"
"k__Bacteria|p__Pseudomonadota|c__Gammaproteobacteria|o__Pseudomonadales|f__Pseudomonadaceae|g__Pseudomonas|s__Pseudomonas_gregormendelii","k__Bacteria","p__Pseudomonadota","c__Gammaproteobacteria","o__Pseudomonadales","f__Pseudomonadaceae","g__Pseudomonas","s__Pseudomonas_gregormendelii"
"k__Bacteria|p__Bacteroidota|c__Flavobacteriia|o__Flavobacteriales|f__Weeksellaceae|g__Chryseobacterium|s__Chryseobacterium_indologenes","k__Bacteria","p__Bacteroidota","c__Flavobacteriia","o__Flavobacteriales","f__Weeksellaceae","g__Chryseobacterium","s__Chryseobacterium_indologenes"
"k__Bacteria|p__Pseudomonadota|c__Alphaproteobacteria|o__Hyphomicrobiales|f__Aurantimonadaceae|g__Aureimonas|s__Aureimonas_glaciei","k__Bacteria","p__Pseudomonadota","c__Alphaproteobacteria","o__Hyphomicrobiales","f__Aurantimonadaceae","g__Aureimonas","s__Aureimonas_glaciei"
"k__Bacteria|p__Actinomycetota|c__Actinomycetes|o__Micrococcales|f__Microbacteriaceae|g__Microbacterium|s__Microbacterium_oxydans","k__Bacteria","p__Actinomycetota","c__Actinomycetes","o__Micrococcales","f__Microbacteriaceae","g__Microbacterium","s__Microbacterium_oxydans"
"k__Bacteria|p__Pseudomonadota|c__Betaproteobacteria|o__Burkholderiales|f__Comamonadaceae|g__Polaromonas|s__Polaromonas_sp_SP1","k__Bacteria","p__Pseudomonadota","c__Betaproteobacteria","o__Burkholderiales","f__Comamonadaceae","g__Polaromonas","s__Polaromonas_sp_SP1"
"k__Bacteria|p__Firmicutes|c__Bacilli|o__Bacillales|f__Bacillaceae|g__Gottfriedia|s__Gottfriedia_solisilvae","k__Bacteria","p__Firmicutes","c__Bacilli","o__Bacillales","f__Bacillaceae","g__Gottfriedia","s__Gottfriedia_solisilvae"
"k__Bacteria|p__Actinomycetota|c__Actinomycetes|o__Micrococcales|f__Microbacteriaceae|g__Microbacterium|s__Microbacterium_maritypicum","k__Bacteria","p__Actinomycetota","c__Actinomycetes","o__Micrococcales","f__Microbacteriaceae","g__Microbacterium","s__Microbacterium_maritypicum"
"k__Bacteria|p__Pseudomonadota|c__Gammaproteobacteria|o__Pseudomonadales|f__Pseudomonadaceae|g__Pseudomonas|s__Pseudomonas_migulae","k__Bacteria","p__Pseudomonadota","c__Gammaproteobacteria","o__Pseudomonadales","f__Pseudomonadaceae","g__Pseudomonas","s__Pseudomonas_migulae"
"k__Bacteria|p__Pseudomonadota|c__Betaproteobacteria|o__Burkholderiales|f__Oxalobacteraceae|g__Pseudoduganella|s__Pseudoduganella_chitinolytica","k__Bacteria","p__Pseudomonadota","c__Betaproteobacteria","o__Burkholderiales","f__Oxalobacteraceae","g__Pseudoduganella","s__Pseudoduganella_chitinolytica"
"k__Bacteria|p__Bacteroidota|c__Sphingobacteriia|o__Sphingobacteriales|f__Sphingobacteriaceae|g__Nubsella|s__Nubsella_zeaxanthinifaciens","k__Bacteria","p__Bacteroidota","c__Sphingobacteriia","o__Sphingobacteriales","f__Sphingobacteriaceae","g__Nubsella","s__Nubsella_zeaxanthinifaciens"
"k__Bacteria|p__Cyanobacteriota|c__Cyanophyceae|o__Oscillatoriales|f__Microcoleaceae|g__Tychonema|s__Tychonema_SGB104235","k__Bacteria","p__Cyanobacteriota","c__Cyanophyceae","o__Oscillatoriales","f__Microcoleaceae","g__Tychonema","s__Tychonema_SGB104235"
"k__Bacteria|p__Pseudomonadota|c__Alphaproteobacteria|o__Hyphomicrobiales|f__Devosiaceae|g__Devosia|s__Devosia_psychrophila","k__Bacteria","p__Pseudomonadota","c__Alphaproteobacteria","o__Hyphomicrobiales","f__Devosiaceae","g__Devosia","s__Devosia_psychrophila"
"k__Bacteria|p__Firmicutes|c__Bacilli|o__Bacillales|f__Paenibacillaceae|g__Cohnella|s__Cohnella_sp_JJ_181","k__Bacteria","p__Firmicutes","c__Bacilli","o__Bacillales","f__Paenibacillaceae","g__Cohnella","s__Cohnella_sp_JJ_181"
"k__Bacteria|p__Bacteroidota|c__Flavobacteriia|o__Flavobacteriales|f__Flavobacteriaceae|g__Flavobacterium|s__Flavobacterium_sp_MDT1_60","k__Bacteria","p__Bacteroidota","c__Flavobacteriia","o__Flavobacteriales","f__Flavobacteriaceae","g__Flavobacterium","s__Flavobacterium_sp_MDT1_60"
"k__Bacteria|p__Pseudomonadota|c__Alphaproteobacteria|o__Hyphomicrobiales|f__Nitrobacteraceae|g__Bradyrhizobium|s__Bradyrhizobium_SGB184494","k__Bacteria","p__Pseudomonadota","c__Alphaproteobacteria","o__Hyphomicrobiales","f__Nitrobacteraceae","g__Bradyrhizobium","s__Bradyrhizobium_SGB184494"
"k__Bacteria|p__Pseudomonadota|c__Alphaproteobacteria|o__Hyphomicrobiales|f__Rhizobiaceae|g__Rhizobium|s__Rhizobium_herbae","k__Bacteria","p__Pseudomonadota","c__Alphaproteobacteria","o__Hyphomicrobiales","f__Rhizobiaceae","g__Rhizobium","s__Rhizobium_herbae"
"k__Bacteria|p__Pseudomonadota|c__Alphaproteobacteria|o__Hyphomicrobiales|f__Methylobacteriaceae|g__Methylobacterium|s__Methylobacterium_thuringiense","k__Bacteria","p__Pseudomonadota","c__Alphaproteobacteria","o__Hyphomicrobiales","f__Methylobacteriaceae","g__Methylobacterium","s__Methylobacterium_thuringiense"
"k__Bacteria|p__Actinomycetota|c__Actinomycetes|o__Micrococcales|f__Microbacteriaceae|g__Leifsonia|s__Leifsonia_sp_Leaf325","k__Bacteria","p__Actinomycetota","c__Actinomycetes","o__Micrococcales","f__Microbacteriaceae","g__Leifsonia","s__Leifsonia_sp_Leaf325"
"k__Bacteria|p__Cyanobacteriota|c__Cyanophyceae|o__Oscillatoriales|f__Oscillatoriaceae|g__Argonema|s__Argonema_galeatum","k__Bacteria","p__Cyanobacteriota","c__Cyanophyceae","o__Oscillatoriales","f__Oscillatoriaceae","g__Argonema","s__Argonema_galeatum"
"k__Bacteria|p__Pseudomonadota|c__Alphaproteobacteria|o__Hyphomicrobiales|f__Aurantimonadaceae|g__Aureimonas|s__Aureimonas_sp_AU12","k__Bacteria","p__Pseudomonadota","c__Alphaproteobacteria","o__Hyphomicrobiales","f__Aurantimonadaceae","g__Aureimonas","s__Aureimonas_sp_AU12"
"k__Bacteria|p__Actinomycetota|c__Actinomycetes|o__Kitasatosporales|f__Streptomycetaceae|g__Streptomyces|s__Streptomyces_cyaneofuscatus","k__Bacteria","p__Actinomycetota","c__Actinomycetes","o__Kitasatosporales","f__Streptomycetaceae","g__Streptomyces","s__Streptomyces_cyaneofuscatus"
"k__Bacteria|p__Actinomycetota|c__Actinomycetes|o__Micrococcales|f__Microbacteriaceae|g__Microbacteriaceae_unclassified|s__Microbacteriaceae_bacterium_VKM_Ac_2855","k__Bacteria","p__Actinomycetota","c__Actinomycetes","o__Micrococcales","f__Microbacteriaceae","g__","s__Microbacteriaceae_bacterium_VKM_Ac_2855"
"k__Bacteria|p__Cyanobacteriota|c__Cyanophyceae|o__Coleofasciculales|f__Coleofasciculaceae|g__GGB39792|s__GGB39792_SGB51100","k__Bacteria","p__Cyanobacteriota","c__Cyanophyceae","o__Coleofasciculales","f__Coleofasciculaceae","g__GGB39792","s__GGB39792_SGB51100"
"k__Bacteria|p__Pseudomonadota|c__Betaproteobacteria|o__Burkholderiales|f__Oxalobacteraceae|g__Massilia|s__Massilia_sp_9I","k__Bacteria","p__Pseudomonadota","c__Betaproteobacteria","o__Burkholderiales","f__Oxalobacteraceae","g__Massilia","s__Massilia_sp_9I"
"k__Bacteria|p__Pseudomonadota|c__Alphaproteobacteria|o__Hyphomicrobiales|f__Aestuariivirgaceae|g__GGB44695|s__GGB44695_SGB62151","k__Bacteria","p__Pseudomonadota","c__Alphaproteobacteria","o__Hyphomicrobiales","f__Aestuariivirgaceae","g__GGB44695","s__GGB44695_SGB62151"
"k__Bacteria|p__Pseudomonadota|c__Alphaproteobacteria|o__Hyphomicrobiales|f__Methylobacteriaceae|g__Microvirga|s__Microvirga_ossetica","k__Bacteria","p__Pseudomonadota","c__Alphaproteobacteria","o__Hyphomicrobiales","f__Methylobacteriaceae","g__Microvirga","s__Microvirga_ossetica"
"k__Bacteria|p__Cyanobacteriota|c__Cyanophyceae|o__Nostocales|f__Tolypothrichaceae|g__Tolypothrix|s__Scytonema_hofmanni_UTEX_B_1581","k__Bacteria","p__Cyanobacteriota","c__Cyanophyceae","o__Nostocales","f__Tolypothrichaceae","g__Tolypothrix","s__Scytonema_hofmanni_UTEX_B_1581"
"k__Bacteria|p__Actinomycetota|c__Actinomycetes|o__Mycobacteriales|f__Mycobacteriaceae|g__Mycolicibacterium|s__Mycolicibacterium_psychrotolerans","k__Bacteria","p__Actinomycetota","c__Actinomycetes","o__Mycobacteriales","f__Mycobacteriaceae","g__Mycolicibacterium","s__Mycolicibacterium_psychrotolerans"
"k__Bacteria|p__Pseudomonadota|c__Betaproteobacteria|o__Burkholderiales|f__Oxalobacteraceae|g__Pseudoduganella|s__Pseudoduganella_buxea","k__Bacteria","p__Pseudomonadota","c__Betaproteobacteria","o__Burkholderiales","f__Oxalobacteraceae","g__Pseudoduganella","s__Pseudoduganella_buxea"
"k__Bacteria|p__Cyanobacteriota|c__Cyanophyceae|o__Nostocales|f__Tolypothrichaceae|g__Tolypothrix|s__Tolypothrix_sp_NIES_4075","k__Bacteria","p__Cyanobacteriota","c__Cyanophyceae","o__Nostocales","f__Tolypothrichaceae","g__Tolypothrix","s__Tolypothrix_sp_NIES_4075"
"k__Bacteria|p__Cyanobacteriota|c__Cyanophyceae|o__Nostocales|f__Tolypothrichaceae|g__Hassallia|s__Hassallia_byssoidea","k__Bacteria","p__Cyanobacteriota","c__Cyanophyceae","o__Nostocales","f__Tolypothrichaceae","g__Hassallia","s__Hassallia_byssoidea"
"k__Bacteria|p__Bacteroidota|c__Cytophagia|o__Cytophagales|f__Flectobacillaceae|g__Arcicella|s__Arcicella_sp_BE140","k__Bacteria","p__Bacteroidota","c__Cytophagia","o__Cytophagales","f__Flectobacillaceae","g__Arcicella","s__Arcicella_sp_BE140"
"k__Bacteria|p__Actinomycetota|c__Actinomycetes|o__Micrococcales|f__Cellulomonadaceae|g__Cellulomonas|s__Cellulomonas_humilata","k__Bacteria","p__Actinomycetota","c__Actinomycetes","o__Micrococcales","f__Cellulomonadaceae","g__Cellulomonas","s__Cellulomonas_humilata"
"k__Bacteria|p__Bacteroidota|c__Cytophagia|o__Cytophagales|f__Hymenobacteraceae|g__Hymenobacter|s__Hymenobacter_jejuensis","k__Bacteria","p__Bacteroidota","c__Cytophagia","o__Cytophagales","f__Hymenobacteraceae","g__Hymenobacter","s__Hymenobacter_jejuensis"
"k__Bacteria|p__Actinomycetota|c__Actinomycetes|o__Mycobacteriales|f__Mycobacteriaceae|g__Mycolicibacterium|s__Mycolicibacterium_sp_CR10","k__Bacteria","p__Actinomycetota","c__Actinomycetes","o__Mycobacteriales","f__Mycobacteriaceae","g__Mycolicibacterium","s__Mycolicibacterium_sp_CR10"
"k__Bacteria|p__Cyanobacteriota|c__Cyanophyceae|o__Nostocales|f__Calotrichaceae|g__Calothrix|s__Calothrix_sp_PCC_6303","k__Bacteria","p__Cyanobacteriota","c__Cyanophyceae","o__Nostocales","f__Calotrichaceae","g__Calothrix","s__Calothrix_sp_PCC_6303"
"k__Bacteria|p__Actinomycetota|c__Actinomycetes|o__Propionibacteriales|f__Nocardioidaceae|g__Nocardioides|s__Nocardioides_currus","k__Bacteria","p__Actinomycetota","c__Actinomycetes","o__Propionibacteriales","f__Nocardioidaceae","g__Nocardioides","s__Nocardioides_currus"
"k__Bacteria|p__Actinomycetota|c__Actinomycetes|o__Micromonosporales|f__Micromonosporaceae|g__Virgisporangium|s__Virgisporangium_aurantiacum","k__Bacteria","p__Actinomycetota","c__Actinomycetes","o__Micromonosporales","f__Micromonosporaceae","g__Virgisporangium","s__Virgisporangium_aurantiacum"
"k__Bacteria|p__Actinomycetota|c__Thermoleophilia|o__Solirubrobacterales|f__Conexibacteraceae|g__GGB35955|s__GGB35955_SGB55850","k__Bacteria","p__Actinomycetota","c__Thermoleophilia","o__Solirubrobacterales","f__Conexibacteraceae","g__GGB35955","s__GGB35955_SGB55850"
"k__Bacteria|p__Pseudomonadota|c__Betaproteobacteria|o__Burkholderiales|f__Oxalobacteraceae|g__Massilia|s__Massilia_norwichensis","k__Bacteria","p__Pseudomonadota","c__Betaproteobacteria","o__Burkholderiales","f__Oxalobacteraceae","g__Massilia","s__Massilia_norwichensis"
"k__Bacteria|p__Pseudomonadota|c__Alphaproteobacteria|o__Hyphomicrobiales|f__Methylobacteriaceae|g__Methylobacterium|s__Methylobacterium_mesophilicum","k__Bacteria","p__Pseudomonadota","c__Alphaproteobacteria","o__Hyphomicrobiales","f__Methylobacteriaceae","g__Methylobacterium","s__Methylobacterium_mesophilicum"
"k__Bacteria|p__Pseudomonadota|c__Betaproteobacteria|o__Burkholderiales|f__Comamonadaceae|g__Variovorax|s__Variovorax_sp_J2P1_59","k__Bacteria","p__Pseudomonadota","c__Betaproteobacteria","o__Burkholderiales","f__Comamonadaceae","g__Variovorax","s__Variovorax_sp_J2P1_59"
"k__Bacteria|p__Pseudomonadota|c__Alphaproteobacteria|o__Hyphomicrobiales|f__Methylobacteriaceae|g__Methylobacterium|s__Methylobacterium_sp_W2","k__Bacteria","p__Pseudomonadota","c__Alphaproteobacteria","o__Hyphomicrobiales","f__Methylobacteriaceae","g__Methylobacterium","s__Methylobacterium_sp_W2"
"k__Bacteria|p__Pseudomonadota|c__Alphaproteobacteria|o__Sphingomonadales|f__Sphingomonadaceae|g__Sphingomonas|s__Sphingomonas_sp_PP_CC_1A_547","k__Bacteria","p__Pseudomonadota","c__Alphaproteobacteria","o__Sphingomonadales","f__Sphingomonadaceae","g__Sphingomonas","s__Sphingomonas_sp_PP_CC_1A_547"
"k__Bacteria|p__Pseudomonadota|c__Alphaproteobacteria|o__Sphingomonadales|f__Sphingosinicellaceae|g__Sphingosinicellaceae_unclassified|s__Sphingosinicellaceae_bacterium","k__Bacteria","p__Pseudomonadota","c__Alphaproteobacteria","o__Sphingomonadales","f__Sphingosinicellaceae","g__","s__Sphingosinicellaceae_bacterium"
"k__Bacteria|p__Pseudomonadota|c__Alphaproteobacteria|o__Caulobacterales|f__Caulobacteraceae|g__Brevundimonas|s__Brevundimonas_SGB99609","k__Bacteria","p__Pseudomonadota","c__Alphaproteobacteria","o__Caulobacterales","f__Caulobacteraceae","g__Brevundimonas","s__Brevundimonas_SGB99609"
"k__Bacteria|p__Bacteroidota|c__Flavobacteriia|o__Flavobacteriales|f__Weeksellaceae|g__Chryseobacterium|s__Chryseobacterium_arthrosphaerae","k__Bacteria","p__Bacteroidota","c__Flavobacteriia","o__Flavobacteriales","f__Weeksellaceae","g__Chryseobacterium","s__Chryseobacterium_arthrosphaerae"
"k__Bacteria|p__Actinomycetota|c__Actinomycetes|o__Micrococcales|f__Microbacteriaceae|g__Microbacterium|s__Microbacterium_flavum","k__Bacteria","p__Actinomycetota","c__Actinomycetes","o__Micrococcales","f__Microbacteriaceae","g__Microbacterium","s__Microbacterium_flavum"
"k__Bacteria|p__Pseudomonadota|c__Alphaproteobacteria|o__Caulobacterales|f__Caulobacteraceae|g__Brevundimonas|s__Brevundimonas_SGB24454","k__Bacteria","p__Pseudomonadota","c__Alphaproteobacteria","o__Caulobacterales","f__Caulobacteraceae","g__Brevundimonas","s__Brevundimonas_SGB24454"
"k__Bacteria|p__Pseudomonadota|c__Gammaproteobacteria|o__Moraxellales|f__Moraxellaceae|g__Acinetobacter|s__Acinetobacter_bereziniae","k__Bacteria","p__Pseudomonadota","c__Gammaproteobacteria","o__Moraxellales","f__Moraxellaceae","g__Acinetobacter","s__Acinetobacter_bereziniae"
"k__Bacteria|p__Pseudomonadota|c__Gammaproteobacteria|o__Moraxellales|f__Moraxellaceae|g__Acinetobacter|s__Acinetobacter_beijerinckii","k__Bacteria","p__Pseudomonadota","c__Gammaproteobacteria","o__Moraxellales","f__Moraxellaceae","g__Acinetobacter","s__Acinetobacter_beijerinckii"
"k__Bacteria|p__Actinomycetota|c__Actinomycetes|o__Motilibacterales|f__Motilibacteraceae|g__Motilibacter|s__Motilibacter_peucedani","k__Bacteria","p__Actinomycetota","c__Actinomycetes","o__Motilibacterales","f__Motilibacteraceae","g__Motilibacter","s__Motilibacter_peucedani"
"k__Bacteria|p__Bacteria_unclassified|c__Bacteria_unclassified|o__Bacteria_unclassified|f__Bacteria_unclassified|g__Bacteria_unclassified|s__Bacteria_unclassified_SGB38263","k__Bacteria","p__","c__","o__","f__","g__","s__"
"k__Bacteria|p__Pseudomonadota|c__Gammaproteobacteria|o__Moraxellales|f__Moraxellaceae|g__Acinetobacter|s__Acinetobacter_ursingii","k__Bacteria","p__Pseudomonadota","c__Gammaproteobacteria","o__Moraxellales","f__Moraxellaceae","g__Acinetobacter","s__Acinetobacter_ursingii"
"k__Bacteria|p__Pseudomonadota|c__Betaproteobacteria|o__Burkholderiales|f__Sphaerotilaceae|g__Aquincola|s__Aquincola_tertiaricarbonis","k__Bacteria","p__Pseudomonadota","c__Betaproteobacteria","o__Burkholderiales","f__Sphaerotilaceae","g__Aquincola","s__Aquincola_tertiaricarbonis"
"k__Bacteria|p__Pseudomonadota|c__Gammaproteobacteria|o__Lysobacterales|f__Lysobacteraceae|g__Pseudoxanthomonas|s__Pseudoxanthomonas_winnipegensis","k__Bacteria","p__Pseudomonadota","c__Gammaproteobacteria","o__Lysobacterales","f__Lysobacteraceae","g__Pseudoxanthomonas","s__Pseudoxanthomonas_winnipegensis"
"k__Bacteria|p__Pseudomonadota|c__Gammaproteobacteria|o__Pseudomonadales|f__Pseudomonadaceae|g__Pseudomonas|s__Pseudomonas_zeae","k__Bacteria","p__Pseudomonadota","c__Gammaproteobacteria","o__Pseudomonadales","f__Pseudomonadaceae","g__Pseudomonas","s__Pseudomonas_zeae"
"k__Bacteria|p__Acidobacteriota|c__CFGB15779|o__OFGB15779|f__FGB15779|g__GGB64090|s__GGB64090_SGB173519","k__Bacteria","p__Acidobacteriota","c__CFGB15779","o__OFGB15779","f__FGB15779","g__GGB64090","s__GGB64090_SGB173519"
"k__Bacteria|p__Actinomycetota|c__Actinomycetes|o__Geodermatophilales|f__Geodermatophilaceae|g__Modestobacter|s__Modestobacter_sp_DSM_44400","k__Bacteria","p__Actinomycetota","c__Actinomycetes","o__Geodermatophilales","f__Geodermatophilaceae","g__Modestobacter","s__Modestobacter_sp_DSM_44400"
"k__Bacteria|p__Pseudomonadota|c__Betaproteobacteria|o__Burkholderiales|f__Burkholderiaceae|g__GGB77967|s__GGB77967_SGB108139","k__Bacteria","p__Pseudomonadota","c__Betaproteobacteria","o__Burkholderiales","f__Burkholderiaceae","g__GGB77967","s__GGB77967_SGB108139"
"k__Bacteria|p__Bacteroidota|c__Sphingobacteriia|o__Sphingobacteriales|f__Sphingobacteriaceae|g__Mucilaginibacter|s__Mucilaginibacter_sp_KACC_22773","k__Bacteria","p__Bacteroidota","c__Sphingobacteriia","o__Sphingobacteriales","f__Sphingobacteriaceae","g__Mucilaginibacter","s__Mucilaginibacter_sp_KACC_22773"
"k__Bacteria|p__Gemmatimonadota|c__Gemmatimonadia|o__Gemmatimonadales|f__Gemmatimonadaceae|g__GGB63941|s__GGB63941_SGB86327","k__Bacteria","p__Gemmatimonadota","c__Gemmatimonadia","o__Gemmatimonadales","f__Gemmatimonadaceae","g__GGB63941","s__GGB63941_SGB86327"
"k__Bacteria|p__Cyanobacteriota|c__Cyanophyceae|o__Nostocales|f__Nostocaceae|g__Nostoc|s__Nostoc_commune","k__Bacteria","p__Cyanobacteriota","c__Cyanophyceae","o__Nostocales","f__Nostocaceae","g__Nostoc","s__Nostoc_commune"
"k__Bacteria|p__Actinomycetota|c__Actinomycetes|o__Pseudonocardiales|f__Pseudonocardiaceae|g__Pseudonocardia|s__Pseudonocardia_humida","k__Bacteria","p__Actinomycetota","c__Actinomycetes","o__Pseudonocardiales","f__Pseudonocardiaceae","g__Pseudonocardia","s__Pseudonocardia_humida"
"k__Bacteria|p__Actinomycetota|c__Actinomycetes|o__Kitasatosporales|f__Streptomycetaceae|g__GGB64642|s__GGB64642_SGB87346","k__Bacteria","p__Actinomycetota","c__Actinomycetes","o__Kitasatosporales","f__Streptomycetaceae","g__GGB64642","s__GGB64642_SGB87346"
"k__Bacteria|p__Cyanobacteriota|c__Cyanophyceae|o__Chroococcales|f__Aphanothecaceae|g__Aphanothece|s__Aphanothece_hegewaldii","k__Bacteria","p__Cyanobacteriota","c__Cyanophyceae","o__Chroococcales","f__Aphanothecaceae","g__Aphanothece","s__Aphanothece_hegewaldii"
"k__Bacteria|p__Pseudomonadota|c__Alphaproteobacteria|o__Hyphomicrobiales|f__Xanthobacteraceae|g__Labrys|s__Labrys_monachus","k__Bacteria","p__Pseudomonadota","c__Alphaproteobacteria","o__Hyphomicrobiales","f__Xanthobacteraceae","g__Labrys","s__Labrys_monachus"
"k__Bacteria|p__Pseudomonadota|c__Alphaproteobacteria|o__Caulobacterales|f__Caulobacteraceae|g__Caulobacter|s__Caulobacter_ginsengisoli","k__Bacteria","p__Pseudomonadota","c__Alphaproteobacteria","o__Caulobacterales","f__Caulobacteraceae","g__Caulobacter","s__Caulobacter_ginsengisoli"
"k__Bacteria|p__Pseudomonadota|c__Betaproteobacteria|o__Burkholderiales|f__Burkholderiaceae|g__Burkholderia|s__Burkholderia_sp_Leaf177","k__Bacteria","p__Pseudomonadota","c__Betaproteobacteria","o__Burkholderiales","f__Burkholderiaceae","g__Burkholderia","s__Burkholderia_sp_Leaf177"
"k__Bacteria|p__Actinomycetota|c__Actinomycetes|o__Cryptosporangiales|f__Cryptosporangiaceae|g__Cryptosporangium|s__Cryptosporangium_phraense","k__Bacteria","p__Actinomycetota","c__Actinomycetes","o__Cryptosporangiales","f__Cryptosporangiaceae","g__Cryptosporangium","s__Cryptosporangium_phraense"
"k__Bacteria|p__Actinomycetota|c__Actinomycetes|o__Micromonosporales|f__Micromonosporaceae|g__Actinoplanes|s__Actinoplanes_sp_TBRC_11911","k__Bacteria","p__Actinomycetota","c__Actinomycetes","o__Micromonosporales","f__Micromonosporaceae","g__Actinoplanes","s__Actinoplanes_sp_TBRC_11911"
"k__Bacteria|p__Bacteroidota|c__Flavobacteriia|o__Flavobacteriales|f__Flavobacteriaceae|g__Flavobacterium|s__Flavobacterium_album","k__Bacteria","p__Bacteroidota","c__Flavobacteriia","o__Flavobacteriales","f__Flavobacteriaceae","g__Flavobacterium","s__Flavobacterium_album"
"k__Bacteria|p__Pseudomonadota|c__Alphaproteobacteria|o__Rhodospirillales|f__Dongiaceae|g__Dongia|s__Dongia_sedimenti","k__Bacteria","p__Pseudomonadota","c__Alphaproteobacteria","o__Rhodospirillales","f__Dongiaceae","g__Dongia","s__Dongia_sedimenti"
"k__Bacteria|p__Bacteroidota|c__Sphingobacteriia|o__Sphingobacteriales|f__Sphingobacteriaceae|g__GGB96916|s__GGB96916_SGB136486","k__Bacteria","p__Bacteroidota","c__Sphingobacteriia","o__Sphingobacteriales","f__Sphingobacteriaceae","g__GGB96916","s__GGB96916_SGB136486"
"k__Bacteria|p__Actinomycetota|c__Actinomycetes|o__Kitasatosporales|f__Streptomycetaceae|g__Streptomyces|s__Streptomyces_sp_H27_G5","k__Bacteria","p__Actinomycetota","c__Actinomycetes","o__Kitasatosporales","f__Streptomycetaceae","g__Streptomyces","s__Streptomyces_sp_H27_G5"
"k__Bacteria|p__Pseudomonadota|c__Alphaproteobacteria|o__Sphingomonadales|f__Sphingomonadaceae|g__Sphingomonas|s__Sphingomonas_sp_CFBP_8760","k__Bacteria","p__Pseudomonadota","c__Alphaproteobacteria","o__Sphingomonadales","f__Sphingomonadaceae","g__Sphingomonas","s__Sphingomonas_sp_CFBP_8760"
"k__Bacteria|p__Actinomycetota|c__Actinomycetes|o__Micrococcales|f__Microbacteriaceae|g__Frigoribacterium|s__Frigoribacterium_faeni","k__Bacteria","p__Actinomycetota","c__Actinomycetes","o__Micrococcales","f__Microbacteriaceae","g__Frigoribacterium","s__Frigoribacterium_faeni"
"k__Bacteria|p__Actinomycetota|c__Actinomycetes|o__Micrococcales|f__Microbacteriaceae|g__Herbiconiux|s__Herbiconiux_oxytropis","k__Bacteria","p__Actinomycetota","c__Actinomycetes","o__Micrococcales","f__Microbacteriaceae","g__Herbiconiux","s__Herbiconiux_oxytropis"
"k__Bacteria|p__Cyanobacteriota|c__Cyanophyceae|o__Nostocales|f__Nostocaceae|g__Nostoc|s__Nostoc_sp_Peltigera_membranacea_cyanobiont_213","k__Bacteria","p__Cyanobacteriota","c__Cyanophyceae","o__Nostocales","f__Nostocaceae","g__Nostoc","s__Nostoc_sp_Peltigera_membranacea_cyanobiont_213"
"k__Bacteria|p__Actinomycetota|c__Acidimicrobiia|o__Acidimicrobiales|f__Iamiaceae|g__GGB95139|s__GGB95139_SGB128627","k__Bacteria","p__Actinomycetota","c__Acidimicrobiia","o__Acidimicrobiales","f__Iamiaceae","g__GGB95139","s__GGB95139_SGB128627"
"k__Bacteria|p__Myxococcota|c__Myxococcia|o__Myxococcales|f__Myxococcaceae|g__Corallococcus|s__Corallococcus_terminator","k__Bacteria","p__Myxococcota","c__Myxococcia","o__Myxococcales","f__Myxococcaceae","g__Corallococcus","s__Corallococcus_terminator"
"k__Bacteria|p__Pseudomonadota|c__Gammaproteobacteria|o__Pseudomonadales|f__Pseudomonadaceae|g__Pseudomonas|s__Pseudomonas_syringae","k__Bacteria","p__Pseudomonadota","c__Gammaproteobacteria","o__Pseudomonadales","f__Pseudomonadaceae","g__Pseudomonas","s__Pseudomonas_syringae"
"k__Bacteria|p__Pseudomonadota|c__Betaproteobacteria|o__Burkholderiales|f__Comamonadaceae|g__Rhodoferax|s__Rhodoferax_sp_TS_BS_61_7","k__Bacteria","p__Pseudomonadota","c__Betaproteobacteria","o__Burkholderiales","f__Comamonadaceae","g__Rhodoferax","s__Rhodoferax_sp_TS_BS_61_7"
"k__Bacteria|p__Pseudomonadota|c__Alphaproteobacteria|o__Hyphomicrobiales|f__Rhizobiaceae|g__Rhizobium|s__Rhizobium_sp_18065","k__Bacteria","p__Pseudomonadota","c__Alphaproteobacteria","o__Hyphomicrobiales","f__Rhizobiaceae","g__Rhizobium","s__Rhizobium_sp_18065"
"k__Bacteria|p__Bacteroidota|c__Flavobacteriia|o__Flavobacteriales|f__Flavobacteriaceae|g__Flavobacterium|s__Flavobacterium_aquatile","k__Bacteria","p__Bacteroidota","c__Flavobacteriia","o__Flavobacteriales","f__Flavobacteriaceae","g__Flavobacterium","s__Flavobacterium_aquatile"
"k__Bacteria|p__Pseudomonadota|c__Alphaproteobacteria|o__Hyphomicrobiales|f__Xanthobacteraceae|g__Ancylobacter|s__Ancylobacter_aquaticus","k__Bacteria","p__Pseudomonadota","c__Alphaproteobacteria","o__Hyphomicrobiales","f__Xanthobacteraceae","g__Ancylobacter","s__Ancylobacter_aquaticus"
"k__Bacteria|p__Pseudomonadota|c__Betaproteobacteria|o__Burkholderiales|f__Comamonadaceae|g__Rhodoferax|s__Rhodoferax_sp_AJA081_3","k__Bacteria","p__Pseudomonadota","c__Betaproteobacteria","o__Burkholderiales","f__Comamonadaceae","g__Rhodoferax","s__Rhodoferax_sp_AJA081_3"
"k__Bacteria|p__Pseudomonadota|c__Alphaproteobacteria|o__Rhodobacterales|f__Paracoccaceae|g__Cypionkella|s__Cypionkella_SGB181510","k__Bacteria","p__Pseudomonadota","c__Alphaproteobacteria","o__Rhodobacterales","f__Paracoccaceae","g__Cypionkella","s__Cypionkella_SGB181510"
"k__Bacteria|p__Verrucomicrobiota|c__Opitutia|o__Opitutales|f__Opitutaceae|g__GGB95927|s__GGB95927_SGB125544","k__Bacteria","p__Verrucomicrobiota","c__Opitutia","o__Opitutales","f__Opitutaceae","g__GGB95927","s__GGB95927_SGB125544"
"k__Bacteria|p__Pseudomonadota|c__CFGB26270|o__OFGB26270|f__FGB26270|g__GGB131462|s__GGB131462_SGB184936","k__Bacteria","p__Pseudomonadota","c__CFGB26270","o__OFGB26270","f__FGB26270","g__GGB131462","s__GGB131462_SGB184936"
"k__Bacteria|p__Firmicutes|c__Bacilli|o__Lactobacillales|f__Enterococcaceae|g__Enterococcus|s__Enterococcus_faecium","k__Bacteria","p__Firmicutes","c__Bacilli","o__Lactobacillales","f__Enterococcaceae","g__Enterococcus","s__Enterococcus_faecium"
"k__Bacteria|p__Actinomycetota|c__Actinomycetes|o__Micrococcales|f__Microbacteriaceae|g__Microbacteriaceae_unclassified|s__Microbacteriaceae_bacterium_PS02343","k__Bacteria","p__Actinomycetota","c__Actinomycetes","o__Micrococcales","f__Microbacteriaceae","g__","s__Microbacteriaceae_bacterium_PS02343"
"k__Bacteria|p__Bacteroidota|c__Flavobacteriia|o__Flavobacteriales|f__Flavobacteriaceae|g__Flavobacterium|s__Flavobacterium_sp_ACN6","k__Bacteria","p__Bacteroidota","c__Flavobacteriia","o__Flavobacteriales","f__Flavobacteriaceae","g__Flavobacterium","s__Flavobacterium_sp_ACN6"
"k__Bacteria|p__Actinomycetota|c__Actinomycetes|o__Micrococcales|f__Beutenbergiaceae|g__Serinibacter|s__Serinibacter_arcticus","k__Bacteria","p__Actinomycetota","c__Actinomycetes","o__Micrococcales","f__Beutenbergiaceae","g__Serinibacter","s__Serinibacter_arcticus"
"k__Bacteria|p__Pseudomonadota|c__Gammaproteobacteria|o__Lysobacterales|f__Lysobacteraceae|g__Luteimonas|s__Luteimonas_fraxinea","k__Bacteria","p__Pseudomonadota","c__Gammaproteobacteria","o__Lysobacterales","f__Lysobacteraceae","g__Luteimonas","s__Luteimonas_fraxinea"
"k__Bacteria|p__Actinomycetota|c__Actinomycetes|o__Micrococcales|f__Micrococcaceae|g__Paeniglutamicibacter|s__Paeniglutamicibacter_sulfureus","k__Bacteria","p__Actinomycetota","c__Actinomycetes","o__Micrococcales","f__Micrococcaceae","g__Paeniglutamicibacter","s__Paeniglutamicibacter_sulfureus"
"k__Bacteria|p__Actinomycetota|c__Actinomycetes|o__Micrococcales|f__Sanguibacteraceae|g__Sanguibacter|s__Sanguibacter_keddieii","k__Bacteria","p__Actinomycetota","c__Actinomycetes","o__Micrococcales","f__Sanguibacteraceae","g__Sanguibacter","s__Sanguibacter_keddieii"
"k__Bacteria|p__Firmicutes|c__Bacilli|o__Bacillales|f__Bacillaceae|g__Alkalicoccobacillus|s__Alkalicoccobacillus_murimartini","k__Bacteria","p__Firmicutes","c__Bacilli","o__Bacillales","f__Bacillaceae","g__Alkalicoccobacillus","s__Alkalicoccobacillus_murimartini"
"k__Bacteria|p__Actinomycetota|c__Actinomycetes|o__Mycobacteriales|f__Mycobacteriaceae|g__Mycolicibacterium|s__Mycolicibacterium_SGB98716","k__Bacteria","p__Actinomycetota","c__Actinomycetes","o__Mycobacteriales","f__Mycobacteriaceae","g__Mycolicibacterium","s__Mycolicibacterium_SGB98716"
"k__Bacteria|p__Pseudomonadota|c__Alphaproteobacteria|o__Sphingomonadales|f__Sphingomonadaceae|g__Sphingobium|s__Sphingobium_psychrophilum","k__Bacteria","p__Pseudomonadota","c__Alphaproteobacteria","o__Sphingomonadales","f__Sphingomonadaceae","g__Sphingobium","s__Sphingobium_psychrophilum"
"k__Bacteria|p__Bacteroidota|c__Flavobacteriia|o__Flavobacteriales|f__Weeksellaceae|g__Chryseobacterium|s__Chryseobacterium_kimseyorum","k__Bacteria","p__Bacteroidota","c__Flavobacteriia","o__Flavobacteriales","f__Weeksellaceae","g__Chryseobacterium","s__Chryseobacterium_kimseyorum"
"k__Bacteria|p__Actinomycetota|c__Actinomycetes|o__Kitasatosporales|f__Streptomycetaceae|g__GGB94044|s__GGB94044_SGB130490","k__Bacteria","p__Actinomycetota","c__Actinomycetes","o__Kitasatosporales","f__Streptomycetaceae","g__GGB94044","s__GGB94044_SGB130490"
