"","IG046","IG096","IG013","IG022","IG023","IG024","IG107","IG108","IG114","IG116","IG118","IG025","IG054","IG056","IG057","IG058","IG059","IG042","IG074","IG075","IG081","IG082","IG083","IG011","IG103","IG104","IG105","IG014","IG017","IG026","IG106","IG027","IG019","IG020","IG029","IG030","IG033","IG036","IG038","IG039","IG040","IG041","IG047","IG077","IG012","IG078","IG080","IG085","IG084","IG070","IG101","IG060","IG061","IG062","IG063","IG064","IG065","IG067","IG068","IG069","IG045","IG102","IG021","IG113","IG119","IG120","IG055","IG072","IG073","IG015","IG016","IG018","IG051","IG052","IG037","IG028","IG031","IG110","IG034","IG035","IG099","IG044","IG076","IG079","IG111","IG087","IG089","IG090","IG091","IG092","IG093","IG094","IG095","IG048","IG049","IG112","IG066"
"IG046",0,0.80829520958524,0.74687246203087,0.8470351,0.768534553706911,0.783874578387458,0.804348290217415,0.833940166788034,0.726539958980994,0.9274236,0.934898296744915,0.734487186724359,0.99982419994726,0.99353559935356,0.9866317,0.985556499277825,0.99065670093433,0.764167076416708,0.95847280207636,0.9507665,0.649120835087916,0.906937086040563,0.910276782055357,0.94498829449883,0.977762498888125,0.92876460356177,0.97155220142239,0.995921899796095,0.595962579798129,0.93098100345095,0.9059351,0.939356290903443,0.83731959186598,0.682225352333803,0.6964227,0.9111098,0.650184182509209,0.931873093187309,0.96862979843149,0.762398323760168,0.95312519765626,0.959622391924479,0.979819298990965,0.894690089469009,0.8336061,0.94827420517258,0.971392495708874,0.9760975,0.92132099606605,0.810327881032788,0.878880093944005,0.9261629926163,0.80181807027271,0.771483522851648,0.672932216353389,0.307810165390508,0.743975561596334,0.708537,0.866892480033872,0.79323458966173,0.878607893930395,0.8566091,0.966633691658423,0.99970679997068,0.912962391296239,0.978324301083785,0.97119959855998,0.928854,0.96151899807595,0.7515519875776,0.781874989093749,0.8582623,0.8860103,0.459277818891673,0.99182109836422,0.805700929144861,0.74285815142837,0.570167778508389,0.525897828884674,0.370418868520943,0.738576686928834,0.809007471351121,0.932742906725709,0.9818619,0.668729583436479,0.788157768223665,0.862238493111925,0.734606513269675,0.7869828,0.7426828,0.8762205,0.93265679663284,0.969126898456345,0.91530579576529,0.91974072006482,0.936220387244077,0.883168094158405
"IG096",0.80829520958524,0,0.6277603,0.720123441981484,0.773613688680684,0.752716612364169,0.728044427195557,0.84976299248815,0.7018483,0.972773104084034,0.99865710013429,0.767472023252798,0.99552059932809,0.956857102157145,0.897473015379047,0.861427313857269,0.960648209837947,0.715954114202294,0.869409326118135,0.910888313366753,0.945873513531622,0.8536155,0.858014692900734,0.93776560311172,0.850157514984249,0.906927718614457,0.920811215837757,0.900701909929809,0.731194826880517,0.866756026648795,0.845977823103327,0.8171575,0.759915624008438,0.8286958,0.689517846572323,0.79697633045355,0.847481615251838,0.743783512810825,0.840117715988229,0.655751686062078,0.877062912293709,0.91076759553838,0.99364050063595,0.593968520301574,0.629291755606237,0.732719466820133,0.9274036,0.917503712374443,0.817298018270198,0.721646113917694,0.713479628652037,0.793015010349249,0.755968,0.624297893925527,0.774169345166131,0.816434818356518,0.7320903,0.687378546893218,0.8424511,0.714112128588787,0.839627716037229,0.792029231195615,0.829990982999098,0.86719900664005,0.851129207443539,0.964398307120339,0.765251523474848,0.846532523020122,0.853118914688109,0.600572339942766,0.786269321373068,0.940100508984924,0.826599226010116,0.794372,0.92641559632078,0.77191516842545,0.664310017491494,0.781511021848898,0.705770600000001,0.879360612063939,0.711894828810517,0.8507363,0.778671155332211,0.875472918679062,0.669703033029696,0.8021969,0.924815507518449,0.774894145021171,0.679007748148837,0.776987433451885,0.777823033326545,0.669159933084007,0.728068427193157,0.865080313491969,0.81218147512741,0.87113659355683,0.889461611053839
"IG013",0.74687246203087,0.6277603,0,0.585574679278734,0.774820243705061,0.452900217935033,0.665507466550746,0.68593632148408,0.75086525017305,0.99049539952477,0.99186549918655,0.465187146518715,0.970311289608951,0.953073592961039,0.92483639624182,0.878372387837238,0.902086104895695,0.695733754360063,0.7336612,0.83776519188826,0.924988003750599,0.74600224920045,0.69055332263833,0.933646590046989,0.826716382671638,0.7698552,0.9232691,0.98238409823841,0.626930362693036,0.7926205,0.776341688817085,0.878423675684736,0.689813068981307,0.724469244893849,0.474906173745309,0.635054381752719,0.858057785805779,0.76596366489455,0.782134578213458,0.620305218984739,0.869998786999879,0.853438963359741,0.99455719945572,0.680561152084173,0.685752084287604,0.90516140474193,0.910453582090717,0.94502379725119,0.861660386166039,0.55205073280761,0.856722785672279,0.809939071490861,0.49594419918884,0.430611928469404,0.7196334,0.778348577834858,0.609024221804844,0.521288076064404,0.700743540148708,0.668398966839896,0.826958082695809,0.640704082035204,0.632235189670557,0.981988297298245,0.675999651399948,0.9573013,0.928654192865419,0.773487288674365,0.743985374398538,0.782913078291308,0.494086749408675,0.82398959119948,0.714384985719249,0.774875154975031,0.902656275664069,0.508108649189135,0.718081442287784,0.539246553924656,0.634551326910265,0.837273083727308,0.596421959642196,0.625950825190165,0.790512710474365,0.97640579882029,0.455096445509644,0.74678594935719,0.828735982873598,0.6056406,0.649193782459689,0.592099679604984,0.650206182510309,0.649357164935716,0.782732978273298,0.721582572158257,0.601608279678344,0.858644364661091,0.832136683213668
"IG022",0.8470351,0.720123441981484,0.585574679278734,0,0.792084379208438,0.70293,0.403106629844669,0.563319256331925,0.829231891461595,0.98477430152257,0.989183700540815,0.829841608507919,0.966613793322759,0.9395574,0.873292712670728,0.86031640698418,0.955948008810398,0.6735576,0.602496759625486,0.830565716943429,0.941644911671017,0.697117984855899,0.685883468588347,0.8060877,0.705449614727519,0.616543657518452,0.906347714047843,0.94859100257045,0.7263880136806,0.7700093344986,0.699914930008507,0.768234288411714,0.625138818743059,0.86869519343476,0.574119042588096,0.550031744996826,0.783104910844754,0.6370912,0.643626617818669,0.793074341385132,0.932136503393175,0.806618680661868,0.993518300324085,0.5816844,0.672171732782827,0.901652019669596,0.89297959464898,0.872640312735969,0.877207906139605,0.8181201,0.88721040563948,0.6865949,0.753968787698439,0.691315461736908,0.607946358808046,0.8281660085917,0.459234072961704,0.567692443230756,0.623437381171869,0.609124019543799,0.7825920108704,0.539741946025805,0.621356043203407,0.9794461,0.7380536,0.961434605784809,0.926704703664765,0.738684926131507,0.731490513425474,0.81521280923936,0.856511907174405,0.691980630801937,0.641550335844966,0.8523019926151,0.900811990081199,0.852424136893966,0.838984148304755,0.854044507297775,0.81558679077934,0.825083308745834,0.583173120841344,0.93100899655045,0.699022060195588,0.96521390347861,0.600279319986034,0.78576178928809,0.661348616932569,0.801603029759546,0.639763636023636,0.578733442126656,0.510360448963955,0.633710518314474,0.738432313078384,0.543269522836524,0.661967218311474,0.770632277063228,0.642840217857989
"IG023",0.768534553706911,0.773613688680684,0.774820243705061,0.792084379208438,0,0.796840459368091,0.862213979332097,0.880780164234049,0.789718547429637,0.98545419854542,0.984804297720645,0.690838653625798,0.969908987963595,0.9811324962265,0.728723072872307,0.920063588009538,0.9615767,0.607479621495924,0.90463059523153,0.92732539273254,0.8652339,0.636614609153653,0.693060907918272,0.973626094725219,0.944685891702884,0.872585393629269,0.95333579766679,0.98978259846739,0.601831940274791,0.942539097126955,0.93594959359496,0.620798005199501,0.814006772101015,0.751325237831309,0.737259873725987,0.880043888004389,0.724895358734303,0.680007236001447,0.883813382572007,0.6838693,0.869534380430157,0.906160871848262,0.97464699619705,0.880576176115235,0.807549180754918,0.9482446,0.902321775580444,0.918350291835029,0.834102675115401,0.834137266827453,0.908050086207513,0.77616145523229,0.798964949741237,0.7615797,0.760153488007674,0.683951452592718,0.77288064322016,0.717301071730107,0.831590457897614,0.668104350215652,0.671856150778422,0.795059679505968,0.789590326356614,0.983233296646659,0.75720005144001,0.97235859861793,0.947585292137794,0.853781885378188,0.936268790440319,0.55680373352056,0.664828349724252,0.94838889483889,0.907153690715369,0.744819036204759,0.927443978233193,0.797418710129064,0.726360927363907,0.704627255694088,0.721514630378657,0.824695773704366,0.78053326707999,0.873484468371117,0.807838,0.9778829977883,0.79560766934115,0.854644863661216,0.703576155536423,0.676966983848349,0.705823270582327,0.671932367193237,0.707474770747477,0.861780579267087,0.741762161264324,0.936908890536333,0.609025358646196,0.918654775596433,0.678746951812042
"IG024",0.783874578387458,0.752716612364169,0.452900217935033,0.70293,0.796840459368091,0,0.81609559080478,0.854157170831434,0.841618876242831,0.9927839,0.99433519971676,0.346829667341484,0.994364098309229,0.98641619864162,0.9490016,0.96264579813229,0.910618108938189,0.763766776376678,0.753232312338385,0.8179033,0.95825080417492,0.809783671467551,0.859050771810154,0.862062086206209,0.949301497465075,0.9621620018919,0.95230080238496,0.99262259963113,0.687370384368519,0.931214503439275,0.9310457,0.912848986927348,0.84243439212172,0.77759566663935,0.6139903,0.7307497,0.95266839763342,0.839637383963738,0.848665492433275,0.758576324142368,0.93901919695096,0.822779964555993,0.90477279523864,0.856829585682958,0.8058149,0.951499904850009,0.979576296936444,0.9639834,0.861003893050195,0.408957240895724,0.940204697010235,0.899778489977849,0.502991125448669,0.602237039776296,0.83127660843617,0.873641093682055,0.727209059081359,0.6477437,0.835212275281841,0.734884986744249,0.79438718971936,0.8047362,0.858213364553341,0.99559589955959,0.870811487081149,0.96157560192122,0.98773219938661,0.852869,0.8366879918344,0.860942093047105,0.553025977651299,0.8928445,0.8630376,0.835307375296106,0.960427692085538,0.453383181992523,0.76076284784743,0.588798179439909,0.77947626692144,0.94086679704334,0.734231186711559,0.463410919511638,0.951705204829479,0.9848754,0.616048680802434,0.758574163786125,0.9421279971064,0.700975914951204,0.7416131,0.7845173,0.8112906,0.877089693854485,0.92223439611172,0.86893779344689,0.805489648627588,0.923094784618957,0.937468296873415
"IG107",0.804348290217415,0.728044427195557,0.665507466550746,0.403106629844669,0.862213979332097,0.81609559080478,0,0.396120409418061,0.780686378068638,0.89538880523056,0.9165082,0.8410711,0.972916493229123,0.966440498322025,0.91941900402905,0.8864847,0.953726706940994,0.645186082259304,0.696441630355837,0.790597510470125,0.945906408114039,0.755024875502488,0.659508248926237,0.933300896665045,0.8285682,0.708187329181267,0.902638009736199,0.9682579,0.7979681,0.779334022066598,0.716301714184915,0.763365876336588,0.6938881,0.903735490373549,0.568537121573144,0.673885116305744,0.8685853,0.78949718947486,0.7449588,0.807380628892906,0.9451927,0.850593377589007,1,0.593094279654714,0.650250217487489,0.841161223825817,0.898142089814209,0.93355120332244,0.8789285,0.842975492148775,0.7478173,0.764940888247044,0.783114578311458,0.649123452631482,0.535079646492036,0.8641262,0.532142153214215,0.540007322999634,0.668151766815176,0.7536029,0.7350011,0.525319823734009,0.619128623825725,0.933327096666355,0.747984287399214,0.95633520436648,0.9005408,0.77189541140523,0.7385598,0.8287598,0.8553946,0.615783819210809,0.614687619265619,0.880965288096529,0.911449686717453,0.877733224453355,0.77219275695181,0.8895511,0.780971678097168,0.810608,0.6533245,0.947635194763519,0.749319237602115,0.92707960364602,0.5384625,0.805615080561508,0.6143701,0.777315622268438,0.555690722215464,0.557061222146939,0.550923222453839,0.5862415,0.8214602,0.458693,0.621097713670686,0.788815668322351,0.7232297
"IG108",0.833940166788034,0.84976299248815,0.68593632148408,0.563319256331925,0.880780164234049,0.854157170831434,0.396120409418061,0,0.857567864391967,0.894437589443759,0.892729183909378,0.854465578169836,0.971976588790635,0.979893595978719,0.96192079619208,0.944916791737519,0.9535941,0.608795721759144,0.704315285215764,0.735310573531058,0.9472399,0.787626446906611,0.605341781602534,0.976822995364599,0.940052991007949,0.803056690152835,0.960865898043295,0.943984591597689,0.884684482702673,0.799852789992639,0.797745379774538,0.92276828069207,0.856661378499207,0.930751882687971,0.568496956849696,0.746561974656197,0.875800581370088,0.840324768064954,0.866833280024992,0.8438489,0.951141492671224,0.946881884064565,1,0.734706046941209,0.837350783735078,0.889266,0.944584886146221,0.96758209675821,0.873826881074032,0.932552586510517,0.737421360613204,0.850491470098294,0.897913074478269,0.710497,0.566227678311384,0.903157285473593,0.634053908513477,0.627927662792766,0.69229292307323,0.912267786840169,0.725087658763149,0.524506252450625,0.583264954142734,0.9846254969251,0.719224143844829,0.96156819807841,0.956694793504219,0.806912180691218,0.74699006204851,0.890851683627753,0.875047881257182,0.584166158416616,0.706273370627337,0.91308187827047,0.955336386600916,0.92878620356069,0.761940123805988,0.903907485586123,0.748461637115409,0.839548375932256,0.656836348525452,0.974384993596248,0.880932,0.97177719717772,0.585312237796835,0.937666784416696,0.599143439871516,0.774429088721455,0.569585256958526,0.649627564962757,0.633056363305636,0.587002438050366,0.919281387892208,0.276338891450834,0.664132650380102,0.935575480672644,0.828375074256261
"IG114",0.726539958980994,0.7018483,0.75086525017305,0.829231891461595,0.789718547429637,0.841618876242831,0.780686378068638,0.857567864391967,0,0.932813296640665,0.95281269528127,0.801477980147798,0.942537779888223,0.973226695984004,0.889103294455164,0.896839989683999,0.96788360160582,0.748238562235784,0.9368811,0.983404499170225,0.919563504021825,0.882162676432535,0.893316073329018,0.975598096339714,0.944442094444209,0.908533,0.966569,0.96870889687089,0.751941575194158,0.9727667,0.931725696586285,0.848355269671054,0.817606481760648,0.711502342300469,0.752539187626959,0.87723919386196,0.869374786937479,0.914858387228758,0.9562029956203,0.775367411231629,0.96967949696795,0.983330295832574,0.99806689980669,0.675622851343428,0.747566087378304,0.656052117197395,0.841553868310774,0.983619999181,0.95353259535326,0.719425157913774,0.575178657517865,0.900902585135388,0.793470658694132,0.725141413742929,0.7660359,0.770604977060498,0.74913154982631,0.615017180750859,0.834546166909233,0.806191280619128,0.917994491799449,0.841578692078935,0.955841686752506,0.77327826599174,0.900032685004903,0.9897515,0.701949770194977,0.91439759571988,0.96975239697524,0.635453763545376,0.805349380534938,0.9096879954844,0.91421299571065,0.765219153043831,0.976499394124849,0.831004916899508,0.77667713349843,0.758620875862088,0.725948245189649,0.866021886602189,0.752225475222548,0.850393370078674,0.82431780878411,0.840062292003115,0.741807674180767,0.832336866467373,0.867374486737449,0.747831,0.787267789363389,0.83248139162407,0.869708893485445,0.666179466617947,0.797933179793318,0.93548259354826,0.903230919353816,0.787483446870862,0.852072285207228
"IG116",0.9274236,0.972773104084034,0.99049539952477,0.98477430152257,0.98545419854542,0.9927839,0.89538880523056,0.894437589443759,0.932813296640665,0,0.0351200482439976,0.99285680035716,0.9996744999349,0.9865227,0.97689660231034,0.9763640011818,0.9976955004609,0.9534519,0.987796101830585,0.98885830111417,0.99516490096702,0.995925699796285,0.99293029929303,0.990246,0.989013100549345,0.99744160038376,0.995536900669465,0.992865500356725,0.978029701098515,0.989448701582695,0.94006510599349,0.961404698070235,0.994936700253165,0.983691299184565,0.99511750048825,0.98609980139002,0.956468902176555,0.9871066,0.997739300113035,0.982723103455379,0.999118900044055,0.99851049985105,0.999282900035855,0.9312577,0.954564104543589,0.949492110101578,0.96602659830133,0.98799780120022,0.99285680035716,0.970349,0.87155500642225,0.9716979,0.99112579955629,0.964296607140678,0.936149609577559,0.955634502218275,0.98416519920826,0.915568208443179,0.96910859845543,0.995281500235925,0.99498380025081,0.9745090025491,0.996460899469135,0.9769519,0.999836,0.996291700556245,0.97665620116719,0.9723480027652,0.99750240012488,0.967271301636435,0.99194160040292,0.936732506326749,0.945376005462399,0.99251539962577,0.998239999824,0.995117501220625,0.797717460684762,0.994958700252065,0.95417419770871,0.93799060310047,0.99504460024777,0.995281499764075,0.930047513990497,0.96649660335034,0.9300500034975,0.9836439991822,0.798588510070574,0.730091740486239,0.896197410380259,0.95576410442359,0.97120000288,0.9731540013423,0.97678820116059,0.99863040006848,0.994055102080714,0.96436329643633,0.943507902824605
"IG118",0.934898296744915,0.99865710013429,0.99186549918655,0.989183700540815,0.984804297720645,0.99433519971676,0.9165082,0.892729183909378,0.95281269528127,0.0351200482439976,0,0.9918655,0.99312619828155,0.99312619965631,0.992941700352915,0.9931262,0.991821701226745,0.95266719763336,0.98722210127779,0.99534980023251,0.99525880071118,0.99312619931262,0.991865498779825,0.99903119995156,0.9931262,0.99186550081345,0.99741010025899,0.9957644,0.9770384,0.98489860151014,0.93418220329089,0.98140379814038,0.9923012,0.98310739831074,0.99312620034369,0.990009100499545,0.961752,0.985471099273555,0.9918655,0.983097902535315,1,0.99209839881476,1,0.94809279740464,0.975327701233615,0.967097804935329,0.98708579870858,0.99418440029078,0.9956594,0.991865499593275,0.8960584,0.97087039854352,0.99146869914687,0.985357902196315,0.934158306584169,0.9534792,0.98145679814568,0.935450703227465,0.99090249909025,0.9931262,0.9931262,0.97180060140997,0.9918654983731,0.99283299964165,0.99312619965631,0.99325140067486,0.9927013,0.991637700418115,0.9918655,0.9883615,0.9899503,0.936732503163375,0.939383303030835,0.99186549918655,0.991865498779825,0.99312620137476,0.801157249710687,0.9930111,0.95229949522995,0.9372236,0.9931262,1,0.950137707479344,0.99493500025325,0.9285955,0.98774559877456,0.7938024,0.729693927030607,0.894786705260665,0.95414340229283,0.969990901500455,0.9891991,0.9930053,0.9919206,0.991865502440349,0.986126897919035,0.9417084
"IG025",0.734487186724359,0.767472023252798,0.465187146518715,0.829841608507919,0.690838653625798,0.346829667341484,0.8410711,0.854465578169836,0.801477980147798,0.99285680035716,0.9918655,0,0.988235597058899,0.978475698923785,0.9263440036828,0.9557746,0.946059908091014,0.78326338916317,0.909822309017769,0.907720904613955,0.911348613297708,0.846096384609638,0.848361177254176,0.972367898618395,0.9453337,0.907172209282779,0.94172280582772,0.989227,0.6666668,0.913266808673319,0.907191504640425,0.879390387939039,0.8113463,0.743237074323708,0.594343120282844,0.877559506122025,0.9097309,0.8597079929854,0.8870266,0.689707846543823,0.9151442,0.837467075620062,0.9765449,0.875046093752305,0.792034210398289,0.928572910714063,0.96683629668363,0.95843100207845,0.7839364,0.419018170950909,0.9229477,0.89607239480362,0.468885846888585,0.591503861274421,0.778932022106798,0.8426395,0.688701668870167,0.612742319362884,0.842640984264098,0.7028576,0.7995498,0.79681321015934,0.836844167368833,0.98846659942333,0.866696693334835,0.95792970420703,0.9539497,0.87468520626574,0.9029095,0.8419704,0.5374565,0.91026140448693,0.868794306560284,0.772064877206488,0.937814090672114,0.387488422502316,0.752899461775134,0.5151967,0.720486972048697,0.9178875,0.7069818,0.531241353124136,0.939189109121634,0.97792900110355,0.6039603,0.774711777471178,0.917521,0.670418632958137,0.786620010669,0.76984981150751,0.860718106964095,0.8864883,0.923178,0.8941625,0.795983761204872,0.919674387951158,0.9057998
"IG054",0.99982419994726,0.99552059932809,0.970311289608951,0.966613793322759,0.969908987963595,0.994364098309229,0.972916493229123,0.971976588790635,0.942537779888223,0.9996744999349,0.99312619828155,0.988235597058899,0,0.972523691757107,0.841524368304874,0.857041864260466,0.956915695691569,0.967659790297937,0.929445789416868,0.99786989957398,0.98987719898772,0.970008189502866,0.969379387751755,0.989957296987189,0.944876286219071,0.958072293710844,0.994873299230995,0.994475698618925,0.969885192471298,0.939626390943959,0.973550694710139,0.95921168572409,0.946305686576421,0.932718776451571,0.985685697137139,0.956647291329458,0.957324789331197,0.960877788263337,0.970496592624148,0.9614979961498,0.997201499300375,0.991163196465279,0.977703894425974,0.964744289423287,0.935083787016757,0.98648019864802,0.851506848027397,0.934901386980277,0.99413859853465,0.962315888694766,0.968095992023998,0.965455689636707,0.942231879781158,0.96231589623159,0.974532596179889,0.958568089642022,0.972188390265937,0.961001092200219,0.96106988637446,0.964262091065523,0.976740694185174,0.949315889863178,0.971294787082654,0.944818383445515,0.940977882293364,0.970762695614404,0.91700387925097,0.970907494181499,0.966304791576198,0.966659391664848,0.966984891746223,1,0.971435894287179,0.975261891341662,0.953305781322312,0.984935099246755,0.9918216,0.967131991782998,0.965662487981871,0.971192692798173,0.969273192318298,0.980419793146928,0.890821989082199,0.98876989775398,0.964132991033248,0.99726859904401,0.972587293146823,0.959919993987999,0.970636794127359,0.972587294517459,0.966388693277739,0.968206992051748,0.954380188595047,0.986686696671674,0.96775180161241,0.987825995130398,0.959783089945772
"IG056",0.99353559935356,0.956857102157145,0.953073592961039,0.9395574,0.9811324962265,0.98641619864162,0.966440498322025,0.979893595978719,0.973226695984004,0.9865227,0.99312619965631,0.978475698923785,0.972523691757107,0,0.8622821,0.830798391539919,0.96724090327591,0.98470349847035,0.91188480440576,0.9901405,0.97610880238912,0.980830297124545,0.971962894392579,0.96378359637836,0.9446159972308,0.96593760170312,0.98562440071878,0.989371499468575,0.98303639915182,0.9701740014913,0.9378853,0.961047994157199,0.959665097983255,0.942482191372329,0.9801258,0.905387,0.95605059780253,0.944333094433309,0.98334639916732,0.97337890266211,0.9916519995826,0.982094296418859,0.99994119999706,0.95157539515754,0.96549,0.96663350333665,0.955067293260094,0.9697714,0.985987299299365,0.9688559968856,0.96729239836462,0.97357249735725,0.972146295821944,0.96511830348817,0.97438020128099,0.98532939926647,0.978717496807624,0.9376278,0.946570691985604,0.954890097744505,0.990406099520305,0.9790957,0.964631691157923,0.97649119764912,0.97719559771956,0.99118020044099,0.900992495049625,0.9288956,0.97453059872653,0.9350539967527,0.94472359723618,0.9861757,0.9764365,0.969482595422389,0.978651095730219,0.978820803176879,0.977246604550679,0.93750339687517,0.968213295231994,0.95975019798751,0.9764019988201,0.99936279990442,0.923168507683149,0.981028,0.977851298892565,0.98286619742993,0.984534099226705,0.93913040304348,0.944304,0.9786307,0.9617352,0.924182896209145,0.920961696048085,0.97882639894132,0.933641116589721,0.934787486957497,0.945571497278575
"IG057",0.9866317,0.897473015379047,0.92483639624182,0.873292712670728,0.728723072872307,0.9490016,0.91941900402905,0.96192079619208,0.889103294455164,0.97689660231034,0.992941700352915,0.9263440036828,0.841524368304874,0.8622821,0,0.688925315553734,0.947648410470318,0.840737999999999,0.855383121692532,0.99088460091154,0.978680504263899,0.765458788272939,0.759869875986987,0.9186084,0.91417520429124,0.904203614369458,0.980161902975715,0.989874500506275,0.856415107179244,0.970116704482494,0.906573809342619,0.810456790522839,0.923775903811205,0.885813094290654,0.97517990248201,0.858828014117198,0.879177506041125,0.788827599999999,0.86984820650759,0.919380816123836,0.985996900700155,0.936421893642189,0.988320000584,0.8820775,0.875348412465159,0.942195611560878,0.854221892711094,0.950110504988949,0.9361780031911,0.886051999999999,0.917138104143094,0.8499841,0.91620119581006,0.885978022804395,0.963283405507489,0.91324320433784,0.902459695122985,0.783686321631368,0.841828792091439,0.755734812213259,0.920439103978045,0.916421708357829,0.812253971838096,0.9148384,0.7874195,0.99325140101229,0.804330809783459,0.895590410440959,0.969173501541325,0.752503012374849,0.88366180581691,0.9831170016883,0.95945260405474,0.941973197098659,0.96779429677943,0.962609009347748,0.938337718498685,0.94888380255581,0.943454697172735,0.91845860407707,0.89646980517651,0.986424299321215,0.74806365038727,0.945728205427179,0.96510120174494,0.987156499357825,0.761333511933324,0.7811053328342,0.840554815944518,0.847578815242118,0.826065117393488,0.822676308866184,0.692907815354609,0.977825101108745,0.724114496559926,0.924581992458199,0.734228413288579
"IG058",0.985556499277825,0.861427313857269,0.878372387837238,0.86031640698418,0.920063588009538,0.96264579813229,0.8864847,0.944916791737519,0.896839989683999,0.9763640011818,0.9931262,0.9557746,0.857041864260466,0.830798391539919,0.688925315553734,0,0.821155426826686,0.937253496862675,0.811747518825248,0.98357220082139,0.977285703407144,0.930759693075969,0.881611582241737,0.690068884503444,0.8448847,0.840752215924778,0.98078220192178,0.9578945,0.9068428,0.853621814637819,0.81024500948775,0.859093085909309,0.7982695,0.936157093615709,0.95709780214511,0.873948306302585,0.9022994,0.867962693398135,0.873502,0.930833810374929,0.9689054,0.954635793195369,0.9888253,0.795130089756505,0.83045420847729,0.880456417931537,0.851530085153009,0.95553280222336,0.948907,0.90188679509434,0.8618647,0.84523839226192,0.864810086481009,0.810403228439516,0.927218507278149,0.9240325,0.915085091508509,0.833465108326744,0.846195584619558,0.8347735,0.9831229,0.857689307115534,0.798608259721652,0.92365139618257,0.782923689146184,0.96464760353524,0.8458393,0.886222105688895,0.8548784,0.8665366,0.9173582,0.977652701117365,0.847687707615614,0.9466479946648,0.905824085873613,0.961163307767338,0.976453705886574,0.9628455,0.902501690250169,0.9097798,0.9316657,0.98984919898492,0.844180723372892,0.93471160326442,0.8639701,0.957075995707599,0.9292745,0.905792809420719,0.90836900458155,0.866370306681485,0.89040260547987,0.7150375,0.6831417,0.9485424,0.844940446517866,0.809079671361951,0.8721671
"IG059",0.99065670093433,0.960648209837947,0.902086104895695,0.955948008810398,0.9615767,0.910618108938189,0.953726706940994,0.9535941,0.96788360160582,0.9976955004609,0.991821701226745,0.946059908091014,0.956915695691569,0.96724090327591,0.947648410470318,0.821155426826686,0,0.9646030035397,0.935503116124221,0.955219008956198,0.991827702451689,0.96937260153137,0.9559936,0.99068580093142,0.921919711712043,0.888538127865468,0.985513103621724,0.991147101327935,0.911723513241473,0.793326651668337,0.844598331080334,0.948098302595085,0.79215233117715,0.963960101801995,0.973486005302799,0.935197512960497,0.962057405691389,0.954476304552369,0.885395617190657,0.965329010401297,0.975556703666494,0.9063365,0.920131311980303,0.901922409807759,0.903908619218276,0.960073711977886,0.96392900180355,0.974962305007539,0.938639009204149,0.96509040349096,0.965552205167169,0.882777711722229,0.944038502798075,0.909836227049132,0.947216013195997,0.969732504540124,0.9556040022198,0.966476006704798,0.957380002131,0.922501211624818,0.976065903590114,0.936263012747398,0.793474089673705,0.97356390264361,0.793237820676218,0.990922902269275,0.97611840358224,0.959360508127898,0.885210517218422,0.965258805211179,0.914968712754693,0.959018808196238,0.859174228165154,0.98084940095753,0.9481289,0.972274909703782,0.989427404229038,0.971703904244414,0.92505760374712,0.963498905475164,0.958702406194639,0.925325903733704,0.961382311585306,0.99163780167244,0.939563109065534,0.94426640278668,0.964045205393219,0.949508012622997,0.955546808890638,0.901726919654616,0.947582810483438,0.893050716042392,0.778022433296635,0.963104205534369,0.951602521778865,0.980654,0.951854907221764
"IG042",0.764167076416708,0.715954114202294,0.695733754360063,0.6735576,0.607479621495924,0.763766776376678,0.645186082259304,0.608795721759144,0.748238562235784,0.9534519,0.95266719763336,0.78326338916317,0.967659790297937,0.98470349847035,0.840737999999999,0.937253496862675,0.9646030035397,0,0.70842741457863,0.7269778,0.898779710122029,0.54202793130419,0.528754705750941,0.96320309632031,0.955213497760675,0.883473705826315,0.960985501950725,0.90844159542208,0.657260982863049,0.93979040301048,0.8923777,0.880309382046407,0.835801891790095,0.7569246635387,0.7133133,0.7958045,0.769679888483994,0.713779671377968,0.835576091778805,0.685354831464517,0.86255579312779,0.962710092542019,0.997578899878945,0.750558075055807,0.7246142,0.848062715193729,0.888115383217307,0.9535308,0.841934092096704,0.827034282703428,0.80475219023761,0.692415969241597,0.78536746780512,0.694812830518717,0.751062912446855,0.704420285221014,0.726931159039674,0.6430305,0.754286763143014,0.702030485101524,0.682823984141199,0.6089112,0.619378904844726,0.98369229836923,0.736232873623288,0.96052700197365,0.96724119836206,0.7556277,0.806399290319964,0.650547482527374,0.812160090608004,0.8452132,0.7833793,0.75654926348239,0.946154589230918,0.819444327083351,0.706491358701728,0.736285086814254,0.667027950054193,0.765305088265255,0.79391858969593,0.879028781854317,0.760735323926468,0.9726149,0.660558783027939,0.854413478162022,0.72889878644494,0.644856317757184,0.4318777,0.5285302,0.6045657,0.689021984451099,0.829131691456585,0.747912687395634,0.53082051729487,0.916292383258477,0.716115485805774
"IG074",0.95847280207636,0.869409326118135,0.7336612,0.602496759625486,0.90463059523153,0.753232312338385,0.696441630355837,0.704315285215764,0.9368811,0.987796101830585,0.98722210127779,0.909822309017769,0.929445789416868,0.91188480440576,0.855383121692532,0.811747518825248,0.935503116124221,0.70842741457863,0,0.768408434738735,0.951436912140772,0.7513348,0.675385283769265,0.716456014177199,0.907580709241929,0.882336823532635,0.963553107289379,0.95296210470379,0.856553314344669,0.887913722417255,0.820568026914796,0.8920199,0.865523913447609,0.8771459,0.851960222205967,0.55181306722804,0.811738618826138,0.687312715634364,0.812803318719668,0.807361348159663,0.948840005115999,0.94270099713505,0.97652920234708,0.76853821157309,0.829547125567931,0.888653827836543,0.9021202,0.930657210401418,0.897861910213809,0.865709506714525,0.857610114238988,0.844840807757959,0.8695138,0.762842659289335,0.867369026526195,0.923149607685039,0.8899915,0.835665724650141,0.7038547,0.868867413113259,0.794215020578498,0.715511042673344,0.679388867938887,0.927357903632105,0.725395413730229,0.964353307129339,0.920370407962959,0.614381757842736,0.544607245539276,0.836580616341939,0.864349913565008,0.886410317038452,0.7722593341611,0.9197507,0.93924159696208,0.946511316046605,0.867798246270614,0.905223409477659,0.8333538,0.822607817739219,0.898415710158429,0.9791917,0.842957939260515,0.972543304118504,0.782043721795628,0.9499975,0.867973713202629,0.806593238681353,0.626211456068282,0.675532348670148,0.611991658201251,0.640881235911876,0.810807618919238,0.755471524452848,0.68829262468295,0.87885479394274,0.828305517169448
"IG075",0.9507665,0.910888313366753,0.83776519188826,0.830565716943429,0.92732539273254,0.8179033,0.790597510470125,0.735310573531058,0.983404499170225,0.98885830111417,0.99534980023251,0.907720904613955,0.99786989957398,0.9901405,0.99088460091154,0.98357220082139,0.955219008956198,0.7269778,0.768408434738735,0,0.946510510697898,0.81078219053911,0.735754973575498,0.9692206,0.98185860090707,0.953662706950594,0.948879307668104,0.99370240031488,0.904073704796315,0.956551806517229,0.936097806390219,0.965468898273445,0.9789760010512,0.96038699801935,0.872487112751289,0.847913215208679,0.94445260277737,0.9143098,0.890779505461025,0.909485418102916,0.935533903223305,0.883503788350379,0.95252920237354,0.9073092,0.93565310643469,0.964462107107579,0.969368298468415,0.98063950193605,0.96085260195737,0.9730714,0.959518902024056,0.917494800000001,0.94745419737271,0.842148131570374,0.920424911936264,0.94705220264739,0.971745298587265,0.95663650433635,0.875417893770895,0.95290540235473,0.711034914448254,0.711767028823297,0.75714566357185,0.9991734,0.891429200000001,0.969150604627409,0.986096700695165,0.767385423261458,0.731779313411035,0.953239502338025,0.899511905024405,0.893963710603629,0.857129414287059,0.892687494634375,0.95908979590898,0.949419812645047,0.89059163282251,0.95380320230984,0.92949099647455,0.94016280299186,0.955360502231975,0.93854859692743,0.950843509831298,0.98629170137083,0.82468760876562,0.91951419597571,0.95731440213428,0.957218506417224,0.729710427028957,0.781973421802658,0.789329721067028,0.789357910532105,0.966773301661335,0.73600521319974,0.75146848698603,0.97484409748441,0.97061060146947
"IG081",0.649120835087916,0.945873513531622,0.924988003750599,0.941644911671017,0.8652339,0.95825080417492,0.945906408114039,0.9472399,0.919563504021825,0.99516490096702,0.99525880071118,0.911348613297708,0.98987719898772,0.97610880238912,0.978680504263899,0.977285703407144,0.991827702451689,0.898779710122029,0.951436912140772,0.946510510697898,0,0.935210503239475,0.8994084,0.98136160186384,0.980089302986604,0.960789509802622,0.964258308935423,0.997025100446235,0.77991053301342,0.969045907738523,0.980484503903099,0.949444102527795,0.940600708909894,0.814316309284184,0.901641519671696,0.931624213675157,0.633887854916821,0.866327913367209,0.981150702827395,0.88894893331532,0.961518905772164,0.9754253,0.986636902004465,0.932286206771379,0.960136707972659,0.964099910770027,0.96389220180539,0.986190702761859,0.952631107105334,0.96557330344267,0.958657806201329,0.96039160396084,0.91257580437121,0.931430420570874,0.843888739027815,0.674533848819922,0.95627420218629,0.951771509645698,0.891999505400025,0.951817607227359,0.930050210492468,0.947239910552018,0.97594739879737,0.99182770081723,0.916037908396209,0.975598606100348,0.949754107536884,0.952245709550858,0.970395104440734,0.843596123460581,0.936413909537914,0.969015406196919,0.956080308783938,0.491282625435869,0.9901524,0.959246014263895,0.910574935770026,0.687352246897163,0.559372822031359,0.660322550951617,0.945222508216623,0.971214901439255,0.87992853602144,0.979924004015199,0.912993913050913,0.95248720237564,0.962685205597219,0.945896613525846,0.941713811657238,0.798418940316212,0.937287312542537,0.964274205358869,0.978227103265935,0.960865905870114,0.945370224583399,0.9729345,0.956374706543794
"IG082",0.906937086040563,0.8536155,0.74600224920045,0.697117984855899,0.636614609153653,0.809783671467551,0.755024875502488,0.787626446906611,0.882162676432535,0.995925699796285,0.99312619931262,0.846096384609638,0.970008189502866,0.980830297124545,0.765458788272939,0.930759693075969,0.96937260153137,0.54202793130419,0.7513348,0.81078219053911,0.935210503239475,0,0.52115788028947,0.961350894202634,0.946160894616089,0.8878297,0.9725089,0.99465419946542,0.767116576711658,0.9557754,0.909530495476525,0.909675481935097,0.818257281825728,0.852212470442494,0.817766090888304,0.807014790350739,0.849319384931938,0.701470355220552,0.842297584229758,0.763624111818794,0.95148939514894,0.967938091984523,0.9998559999856,0.866216379932457,0.867779093388955,0.94799920260004,0.903355280671056,0.949226897461345,0.935565093556509,0.881313082196962,0.927766492776649,0.77378566606785,0.824693564938713,0.757892612105369,0.8556298,0.821767582176758,0.841393268278653,0.765865688293284,0.75301625060325,0.741345274134527,0.785223478522348,0.708154985407749,0.653673196101959,0.984993897749085,0.687908753186313,0.9601146,0.96574859657486,0.816653590832679,0.808231980823198,0.705725770572577,0.857238285723829,0.896404794820239,0.835431891771595,0.849761769952354,0.942441285610321,0.880795811920418,0.821852226722166,0.836355683635568,0.790611158122232,0.858526485852649,0.852170785217078,0.926125685225137,0.806931309653435,0.9833839991692,0.773155777315577,0.920574984114997,0.706811070681107,0.7188143,0.637709981885499,0.611717880585894,0.629276781463839,0.742867174286717,0.734076273407627,0.828700582870058,0.48307240338552,0.930415782603946,0.680791668079166
"IG083",0.910276782055357,0.858014692900734,0.69055332263833,0.685883468588347,0.693060907918272,0.859050771810154,0.659508248926237,0.605341781602534,0.893316073329018,0.99293029929303,0.991865498779825,0.848361177254176,0.969379387751755,0.971962894392579,0.759869875986987,0.881611582241737,0.9559936,0.528754705750941,0.675385283769265,0.735754973575498,0.8994084,0.52115788028947,0,0.945817289163458,0.925512688826903,0.822302391115119,0.927659296382965,0.97352839602926,0.816647372497106,0.867470893373545,0.817772581777258,0.881543170385792,0.81185167177775,0.889236872309218,0.761520976152098,0.720876972087697,0.799270769890615,0.648127129625426,0.811505071725761,0.7456093,0.901256985188548,0.932340179702054,0.996447699467155,0.74853314970663,0.831898983189898,0.9290437,0.889844272461068,0.945940894594089,0.906492085973813,0.943528588705718,0.836485775472866,0.76509355301871,0.802708850677213,0.7038417,0.817337490866875,0.898367784755168,0.829159257289814,0.786002578600258,0.643461110865278,0.763037464455619,0.726800659020099,0.571060757106076,0.495397723389203,0.98408509681702,0.541231108246222,0.954810097740505,0.933982490097373,0.772131677213168,0.738666960800044,0.731374659706199,0.864852579727887,0.858915985891598,0.725250872525087,0.837211259302815,0.942081782624535,0.9253740037313,0.809946119005388,0.860272179040827,0.723058630764658,0.809582771437416,0.847271677090752,0.984393696098424,0.7227729,0.97672329767233,0.688768853315327,0.936624284156071,0.692026653803998,0.740290887014544,0.576139257613926,0.538148053814806,0.513774251377425,0.586810338021551,0.714639457195918,0.638365645754847,0.417142387428642,0.923203376961013,0.679750251962537
"IG011",0.94498829449883,0.93776560311172,0.933646590046989,0.8060877,0.973626094725219,0.862062086206209,0.933300896665045,0.976822995364599,0.975598096339714,0.990246,0.99903119995156,0.972367898618395,0.989957296987189,0.96378359637836,0.9186084,0.690068884503444,0.99068580093142,0.96320309632031,0.716456014177199,0.9692206,0.98136160186384,0.961350894202634,0.945817289163458,0,0.926160096308005,0.952458902377055,0.942876702856165,0.987703299385165,0.93833479691674,0.944002702799865,0.9184645,0.928247089237063,0.90754279537714,0.901768685265303,0.9545056,0.7974419,0.961826498091325,0.834748183474818,0.95559759777988,0.954283004571699,0.98707839935392,0.958056991611398,0.997993499899675,0.943163094316309,0.9057169,0.98506970149303,0.98240119736018,0.9411543,0.95161259758063,0.890176189017619,0.95417639770882,0.937952893795289,0.936052990407949,0.930385606961439,0.946613502669325,0.96094359804718,0.934541790181268,0.9006022,0.910541586581238,0.900633695031685,0.94596559729828,0.9496789,0.947639386909847,0.911739091173909,0.928526692852669,0.99381820030909,0.98007879900394,0.8973563,0.933619996681,0.978293698914685,0.977266898863345,0.9859984,0.9532261,0.932736589910488,0.960440192088038,0.953420806986879,0.970961605807679,0.979514898975745,0.965486894823034,0.92366019618301,0.958632097931605,0.984128297619245,0.923913607608639,0.980787,0.945488697274435,0.951966092794914,0.95970479798524,0.879295606035219,0.9261569,0.9059818,0.8915796,0.913326895666345,0.898334894916745,0.9602219980111,0.934434816391296,0.824485664897133,0.908721295436065
"IG103",0.977762498888125,0.850157514984249,0.826716382671638,0.705449614727519,0.944685891702884,0.949301497465075,0.8285682,0.940052991007949,0.944442094444209,0.989013100549345,0.9931262,0.9453337,0.944876286219071,0.9446159972308,0.91417520429124,0.8448847,0.921919711712043,0.955213497760675,0.907580709241929,0.98185860090707,0.980089302986604,0.946160894616089,0.925512688826903,0.926160096308005,0,0.473133052686695,0.923784207621579,0.9858018,0.8623033,0.668685833131417,0.387269630636518,0.861513086151309,0.6640639,0.943348594334859,0.935541503222925,0.84248520787574,0.9256673,0.843263692163185,0.4185356,0.920287811956829,0.982515,0.817585072637761,0.9983973,0.713580785679039,0.651446217427689,0.949378307593254,0.784907278490728,0.951782702410865,0.9469241,0.94100079705004,0.9414051,0.722718086135904,0.808829980882998,0.857985121302231,0.907468109253189,0.9309733,0.762638276263828,0.88812160559392,0.905402590540259,0.6294952,0.9712224,0.589485420525729,0.798481459696292,0.97817239890862,0.888056294402815,0.821190317880968,0.9567274,0.87967460601627,0.8876792,0.9482486,0.9367048,0.996100900194955,0.507346824632659,0.96077359607736,0.735603160340474,0.922540615491877,0.971481907129523,0.9486211,0.910234591023459,0.8990989,0.8727146,0.98757369875737,0.680557847916323,0.97574680121266,0.8787082,0.844643384464338,0.947355,0.924044507595549,0.92163860391807,0.790264110486794,0.85331100733445,0.8384771,0.7906022,0.8874715,0.874577737626679,0.830446374566956,0.6241179
"IG104",0.92876460356177,0.906927718614457,0.7698552,0.616543657518452,0.872585393629269,0.9621620018919,0.708187329181267,0.803056690152835,0.908533,0.99744160038376,0.99186550081345,0.907172209282779,0.958072293710844,0.96593760170312,0.904203614369458,0.840752215924778,0.888538127865468,0.883473705826315,0.882336823532635,0.953662706950594,0.960789509802622,0.8878297,0.822302391115119,0.952458902377055,0.473133052686695,0,0.915163716967257,0.97782880221712,0.818073718192628,0.608954578209085,0.430735185389722,0.8400147,0.687574131242587,0.9385525,0.813054428041836,0.751198837320175,0.881684911831509,0.796883510155825,0.426961857303815,0.902111624472094,0.95456160454384,0.79436298971815,0.97351770264823,0.692813715359314,0.644338553349218,0.932543216864196,0.901474,0.957901506314774,0.927407707259229,0.952610702369465,0.94146650585335,0.639855218007239,0.7882637,0.813142846714288,0.786937042612591,0.897162610283739,0.6157394,0.76215553567667,0.8052031,0.611042738895727,0.95726020427398,0.599251960112206,0.676434567643457,0.984993900750305,0.782353310882334,0.960597707880458,0.94634240536576,0.885162817225578,0.851217914878208,0.919850308014969,0.919768908023109,0.840066223990066,0.484429677335549,0.9206904,0.87024259351213,0.926267822119654,0.95590111543461,0.942305605769439,0.8916386,0.873026312697369,0.792685120731487,0.9986468,0.790494452376387,0.977176703423495,0.759307024069298,0.8521321,0.767564223243578,0.877678124464375,0.868433919734912,0.710456243431564,0.681253947811908,0.770251422974858,0.766137923386208,0.756072924392708,0.809261576295369,0.87772759388638,0.585614141438586
"IG105",0.97155220142239,0.920811215837757,0.9232691,0.906347714047843,0.95333579766679,0.95230080238496,0.902638009736199,0.960865898043295,0.966569,0.995536900669465,0.99741010025899,0.94172280582772,0.994873299230995,0.98562440071878,0.980161902975715,0.98078220192178,0.985513103621724,0.960985501950725,0.963553107289379,0.948879307668104,0.964258308935423,0.9725089,0.927659296382965,0.942876702856165,0.923784207621579,0.915163716967257,0,0.99098740090126,0.905347809465219,0.919723816055237,0.909664113550383,0.8713919,0.914112108588789,0.9700096,0.939509709073544,0.909195313620703,0.949303105069689,0.87727620613619,0.910593008940699,0.892982726754318,0.9675640032436,0.90108959505448,0.99441860055814,0.90403540479823,0.833162225025667,0.971905907023523,0.9809259,0.98133380279993,0.95843510415649,0.977914701104265,0.9653330034667,0.901958304902085,0.8553976,0.865773233556692,0.897892520421496,0.96978880302112,0.9106133,0.941679508748074,0.8863971,0.874729412527059,0.94417010558299,0.902094314685853,0.90326419032642,0.997410100129495,0.967274901636255,0.978850904229819,0.98214750178525,0.940379908943014,0.95929260407074,0.98287320171268,0.833982216601779,0.976749003487649,0.916271612559258,0.9656087,0.93565259678263,0.931257320622804,0.941962020313293,0.96249510375049,0.9422128,0.93227830677217,0.949751705024829,0.986466,0.871571432107142,0.981356102796585,0.884748911525109,0.610345,0.96249510375049,0.957835708432858,0.899476415078538,0.874122718881592,0.873723018941547,0.93962190603781,0.927582807241719,0.907686709231329,0.893195542721783,0.837138191856909,0.865862113413789
"IG014",0.995921899796095,0.900701909929809,0.98238409823841,0.94859100257045,0.98978259846739,0.99262259963113,0.9682579,0.943984591597689,0.96870889687089,0.992865500356725,0.9957644,0.989227,0.994475698618925,0.989371499468575,0.989874500506275,0.9578945,0.991147101327935,0.90844159542208,0.95296210470379,0.99370240031488,0.997025100446235,0.99465419946542,0.97352839602926,0.987703299385165,0.9858018,0.97782880221712,0.99098740090126,0,0.9658266,0.98717370128263,0.98334320083284,0.97112989711299,0.9790759,0.98795979879598,0.984300000785,0.97790300110485,0.9406309,0.96987219849361,0.9816155,0.983204102519385,0.9930896,0.98961639844246,1,0.91487899574395,0.87006540649673,0.798874430168835,0.97558059755806,0.97395060130247,0.7928366,0.97964499898225,0.7468634,0.855721292786065,0.96327629632763,0.941676608748509,0.98724950127505,0.984611,0.927501692750169,0.96217640189118,0.9666129966613,0.9366635,0.9915071,0.98969680051516,0.979485595897119,0.99153739957687,0.93859239692962,0.99692090030791,0.9674525,0.976239701188015,0.9590716,0.9629351,0.9964089,1,0.980865900956705,0.97803139780314,0.988623498293525,0.99049110190178,0.990746602313349,0.9962229,0.97801779780178,0.9848542,0.9891335,0.99942159994216,0.963896505415524,0.971364501431775,0.9545622,0.99279639927964,0.9593464,0.95938990406101,0.908149704592515,0.99060240046988,0.980200700989965,0.9395444,0.9849567,0.9808692,0.982285605314318,0.980286097042914,0.9456149
"IG017",0.595962579798129,0.731194826880517,0.626930362693036,0.7263880136806,0.601831940274791,0.687370384368519,0.7979681,0.884684482702673,0.751941575194158,0.978029701098515,0.9770384,0.6666668,0.969885192471298,0.98303639915182,0.856415107179244,0.9068428,0.911723513241473,0.657260982863049,0.856553314344669,0.904073704796315,0.77991053301342,0.767116576711658,0.816647372497106,0.93833479691674,0.8623033,0.818073718192628,0.905347809465219,0.9658266,0,0.862995713700429,0.8356120082194,0.821112882111289,0.7566532,0.594935759493577,0.604580019770999,0.821810008909499,0.6349176,0.693138684656935,0.7938228,0.590639461404081,0.8766103,0.77624706643706,0.9536581,0.803931690196585,0.702768514861574,0.942139608679059,0.893107389310739,0.884680605765969,0.880763599999999,0.683843584192179,0.8862152,0.661583183079159,0.564305256430526,0.542177568673365,0.704634929536507,0.5147365,0.587538858753886,0.591364820431759,0.826793182679318,0.5822389,0.8866146,0.746668612666569,0.75407065081413,0.98199859909993,0.827824891391245,0.9708680029132,0.9701512,0.88883740555813,0.8931513,0.5684885,0.6457043,0.94199040290048,0.822998108850095,0.622659862265987,0.903598785539818,0.629800574039885,0.717483170629207,0.5281484,0.542696754269675,0.6704376,0.7293902,0.736895573689557,0.738178039273294,0.962590901870455,0.6664322,0.667348066734807,0.8222399,0.613389738661026,0.656569017171549,0.544677022766149,0.682061315896934,0.8440708,0.8052186,0.8675106,0.686477694056692,0.822753973413096,0.7271042
"IG026",0.93098100345095,0.866756026648795,0.7926205,0.7700093344986,0.942539097126955,0.931214503439275,0.779334022066598,0.799852789992639,0.9727667,0.989448701582695,0.98489860151014,0.913266808673319,0.939626390943959,0.9701740014913,0.970116704482494,0.853621814637819,0.793326651668337,0.93979040301048,0.887913722417255,0.956551806517229,0.969045907738523,0.9557754,0.867470893373545,0.944002702799865,0.668685833131417,0.608954578209085,0.919723816055237,0.98717370128263,0.862995713700429,0,0.496401875539719,0.8702957,0.599260540073946,0.9745648,0.838578824213176,0.846553123017032,0.93663870633613,0.84700900764955,0.631686336831367,0.895380826154794,0.95870480412952,0.79511358975568,0.9909070009093,0.644242417787879,0.621878756718186,0.914133621466594,0.9765857,0.815024627746305,0.902158609784139,0.98163900091805,0.892412510758749,0.730765013461749,0.8636137,0.751028262242934,0.863213627357274,0.96334760366524,0.7588086,0.925109211233619,0.8992639,0.674549632545037,0.94297390570261,0.636488954526657,0.542884854288486,0.994992700250365,0.656652317167384,0.967206806558639,0.96869940313006,0.905011014248348,0.799029220097078,0.96116440388356,0.910727108927289,0.907443913883413,0.494276775858483,0.9691176,0.915002495750125,0.937662918701124,0.890245638414026,0.97409950259005,0.8131866,0.886666511333349,0.921050307894969,0.9924515,0.865737433565642,0.99032480145128,0.830617716938228,0.8356015,0.925959307404069,0.915502516899497,0.879854518021822,0.712048643192704,0.793688030946795,0.686917731308227,0.665861733413827,0.685818331418167,0.81287017485193,0.86833699341685,0.679139332086067
"IG106",0.9059351,0.845977823103327,0.776341688817085,0.699914930008507,0.93594959359496,0.9310457,0.716301714184915,0.797745379774538,0.931725696586285,0.94006510599349,0.93418220329089,0.907191504640425,0.973550694710139,0.9378853,0.906573809342619,0.81024500948775,0.844598331080334,0.8923777,0.820568026914796,0.936097806390219,0.980484503903099,0.909530495476525,0.817772581777258,0.9184645,0.387269630636518,0.430735185389722,0.909664113550383,0.98334320083284,0.8356120082194,0.496401875539719,0,0.867432893371645,0.717019614149019,0.954533897726695,0.855127214487279,0.803247319675268,0.869925706503715,0.7862687,0.373017931349103,0.860360627927874,0.969850301507485,0.774587377458738,0.99570240021488,0.5766918,0.587328341267166,0.877889424422115,0.958292697914635,0.95977610402239,0.921350903932455,0.9643407,0.815553909222305,0.6410057,0.81323219066161,0.75386634922673,0.79316853102472,0.91951320402434,0.753776787688839,0.842655915734408,0.849976492498825,0.620715518964224,0.90636280468186,0.594003440599656,0.592760338914051,0.9847007,0.7603164,0.965276505208524,0.94071980296401,0.851660914833909,0.78334761083262,0.941498702925065,0.89590080520496,0.870352212964779,0.326630867336913,0.94968459748423,0.895949589594959,0.929721717569571,0.827472051758384,0.965370501731475,0.79060938953047,0.8039300098035,0.90277780486111,0.998543699927185,0.780446543910691,0.99619570038043,0.743888912805554,0.839968291998415,0.865109706744515,0.846334423049837,0.792392820760718,0.641930135806986,0.746368525363148,0.705783514710824,0.739186213040689,0.7882780105861,0.788656673970164,0.835410383541038,0.584407320779634
"IG027",0.939356290903443,0.8171575,0.878423675684736,0.768234288411714,0.620798005199501,0.912848986927348,0.763365876336588,0.92276828069207,0.848355269671054,0.961404698070235,0.98140379814038,0.879390387939039,0.95921168572409,0.961047994157199,0.810456790522839,0.859093085909309,0.948098302595085,0.880309382046407,0.8920199,0.965468898273445,0.949444102527795,0.909675481935097,0.881543170385792,0.928247089237063,0.861513086151309,0.8400147,0.8713919,0.97112989711299,0.821112882111289,0.8702957,0.867432893371645,0,0.800157280015728,0.903071080614216,0.919340295967015,0.79744758987238,0.834169883416988,0.807029371054406,0.763450376345038,0.857263507136825,0.96233209623321,0.855407363851841,0.9828059982806,0.728968159345224,0.731250286562514,0.8901020054949,0.873048674609735,0.89391459469573,0.878088287808829,0.871781580767237,0.861547386154739,0.820555473083321,0.793219158643832,0.777972111101394,0.8531184,0.900714990071499,0.774710354942071,0.814270290713515,0.833536366707274,0.768518476851847,0.748010374801037,0.826454891322744,0.847812354343707,0.924682088702313,0.910297486544623,0.9844869,0.865372286537229,0.87092439354622,0.919132391913239,0.858059085805909,0.726863372686337,0.967293098364655,0.85767839288392,0.936304487260898,0.924523381130846,0.935926806407319,0.917180912422863,0.915354691535469,0.881003176200635,0.861009386100939,0.882032888203289,0.973684594736919,0.721341913932905,0.92023319601166,0.861696286169628,0.833606966721393,0.871200487120049,0.8996106,0.820102091005105,0.777120488856024,0.764875088243755,0.810762281076228,0.821878382187838,0.848102784810279,0.861491627701674,0.815256753814188,0.764767976476798
"IG019",0.83731959186598,0.759915624008438,0.689813068981307,0.625138818743059,0.814006772101015,0.84243439212172,0.6938881,0.856661378499207,0.817606481760648,0.994936700253165,0.9923012,0.8113463,0.946305686576421,0.959665097983255,0.923775903811205,0.7982695,0.79215233117715,0.835801891790095,0.865523913447609,0.9789760010512,0.940600708909894,0.818257281825728,0.81185167177775,0.90754279537714,0.6640639,0.687574131242587,0.914112108588789,0.9790759,0.7566532,0.599260540073946,0.717019614149019,0.800157280015728,0,0.840590584059059,0.785894410705279,0.752170812391459,0.8369225,0.749488887474444,0.7550048,0.795433330685001,0.9433645,0.829366374404956,0.9900177,0.723943686197185,0.658702117064894,0.944702208294669,0.843735484373549,0.914263104286845,0.9016428,0.838108391905419,0.9132927,0.704233885211695,0.680758768075877,0.699720145041978,0.762170923782908,0.8391632,0.646768864676887,0.768513611574319,0.810590381059038,0.6441348,0.9127084,0.597090320145484,0.669086533817307,0.984032099201605,0.643608682180434,0.882920411707959,0.9232938,0.86747180662641,0.7996495,0.8464173,0.8207226,0.942994502850275,0.68327721583614,0.815092581509258,0.787626168143925,0.832611433477713,0.860689034827741,0.8112401,0.759278775927877,0.8743079,0.7699209,0.897406189740619,0.686791946981208,0.98137420093129,0.7209459,0.742047074204707,0.8707273,0.820354117964588,0.780821110958944,0.681722815913859,0.723927113803644,0.7767649,0.6330582,0.8179728,0.785944264216721,0.811392271708841,0.7277466
"IG020",0.682225352333803,0.8286958,0.724469244893849,0.86869519343476,0.751325237831309,0.77759566663935,0.903735490373549,0.930751882687971,0.711502342300469,0.983691299184565,0.98310739831074,0.743237074323708,0.932718776451571,0.942482191372329,0.885813094290654,0.936157093615709,0.963960101801995,0.7569246635387,0.8771459,0.96038699801935,0.814316309284184,0.852212470442494,0.889236872309218,0.901768685265303,0.943348594334859,0.9385525,0.9700096,0.98795979879598,0.594935759493577,0.9745648,0.954533897726695,0.903071080614216,0.840590584059059,0,0.721988086099404,0.770006788500339,0.741511874151187,0.863629779544467,0.94749979474998,0.692330615383469,0.98501219850122,0.976197094049273,0.9871009987101,0.921908588286288,0.778325288916265,0.96582760170862,0.892829078565815,0.965704498285225,0.953014795301479,0.727868359180254,0.926316992631699,0.884678682701802,0.692893938578787,0.695833315208334,0.7664479,0.681462468146246,0.73704514740903,0.719702585985129,0.865678773135755,0.747811974781197,0.907858490785849,0.8794539939727,0.946086983826095,0.906333585950038,0.876610581491587,0.9815669,0.823890782389078,0.927498496374925,0.96522659652266,0.531707353170735,0.693415669341567,0.98881439944072,0.94132499706625,0.648081829616366,0.964550791137698,0.764426723557328,0.778667433199885,0.508391350839135,0.634402926880586,0.802583480258348,0.767052076705208,0.786394957278992,0.753574712321264,0.9545819977291,0.744707774470777,0.787610757522152,0.929314192931419,0.6193255,0.77180718859036,0.76099558804978,0.909868095493405,0.9388369938837,0.941401894140189,0.9722589972259,0.860097127980575,0.91731707932927,0.871931287193128
"IG029",0.6964227,0.689517846572323,0.474906173745309,0.574119042588096,0.737259873725987,0.6139903,0.568537121573144,0.568496956849696,0.752539187626959,0.99511750048825,0.99312620034369,0.594343120282844,0.985685697137139,0.9801258,0.97517990248201,0.95709780214511,0.973486005302799,0.7133133,0.851960222205967,0.872487112751289,0.901641519671696,0.817766090888304,0.761520976152098,0.9545056,0.935541503222925,0.813054428041836,0.939509709073544,0.984300000785,0.604580019770999,0.838578824213176,0.855127214487279,0.919340295967015,0.785894410705279,0.721988086099404,0,0.794530520546948,0.86680900665955,0.8162693,0.878436506078175,0.638110872377825,0.854525007273749,0.895218789521879,0.988800900559955,0.7970114,0.736824726317527,0.943243511351298,0.95479639773982,0.927585607241439,0.890755505462225,0.6982861,0.875471906226405,0.893214,0.671541783577089,0.468558206288359,0.541561168765825,0.75869481206526,0.488870174443508,0.482397651760235,0.720516186025809,0.726120913693954,0.820876708956165,0.717356028264397,0.782131767319765,0.9856857,0.7470069,0.931853510221973,0.951690902415455,0.827589917241009,0.823722108813895,0.776277511186124,0.639138118043094,0.700982429901757,0.759280424071958,0.703661685183085,0.936251493625149,0.642382889404278,0.703622788913163,0.630082218495889,0.617679180883959,0.848176307591185,0.549512022524399,0.735402586770129,0.909564618087076,0.97993140200686,0.420182428990878,0.768901688445084,0.732410613379469,0.693565445965183,0.718028828197117,0.693972130602787,0.696655630334437,0.747627712618614,0.912481104375945,0.583559220822039,0.717375698918505,0.899600289960029,0.8932160053392
"IG030",0.9111098,0.79697633045355,0.635054381752719,0.550031744996826,0.880043888004389,0.7307497,0.673885116305744,0.746561974656197,0.87723919386196,0.98609980139002,0.990009100499545,0.877559506122025,0.956647291329458,0.905387,0.858828014117198,0.873948306302585,0.935197512960497,0.7958045,0.55181306722804,0.847913215208679,0.931624213675157,0.807014790350739,0.720876972087697,0.7974419,0.84248520787574,0.751198837320175,0.909195313620703,0.97790300110485,0.821810008909499,0.846553123017032,0.803247319675268,0.79744758987238,0.752170812391459,0.770006788500339,0.794530520546948,0,0.832077208396139,0.7092743,0.742992112850395,0.832627933474413,0.9162560041872,0.876951987695198,0.98043520097824,0.6794709,0.786197321380268,0.903581219283756,0.900884295044215,0.941765705823429,0.924360303781985,0.8845306,0.89297220535139,0.8294057,0.822858691142935,0.735826152834769,0.790301731454741,0.928858903557055,0.805978490298924,0.826533217346678,0.709399185469959,0.85019480749026,0.873703106314845,0.708105829189417,0.699383054907458,0.9719894,0.751755,0.965003005249549,0.724198713790064,0.753802724619728,0.767027511648624,0.76217281189136,0.848791507560425,0.830329716967028,0.730226826977317,0.91122679556134,0.889960588996059,0.92243251939187,0.821850153444953,0.791411310429434,0.857870092893505,0.8260700086965,0.80510580974471,0.984430899221545,0.708327258334548,0.97350720264928,0.736556613172169,0.888112794405639,0.790908010454599,0.836520524521921,0.726669327333067,0.659757434024256,0.583468641653136,0.697262115136894,0.788083610595819,0.716397614180119,0.720753297736345,0.894453889445389,0.81881640905918
"IG033",0.650184182509209,0.847481615251838,0.858057785805779,0.783104910844754,0.724895358734303,0.95266839763342,0.8685853,0.875800581370088,0.869374786937479,0.956468902176555,0.961752,0.9097309,0.957324789331197,0.95605059780253,0.879177506041125,0.9022994,0.962057405691389,0.769679888483994,0.811738618826138,0.94445260277737,0.633887854916821,0.849319384931938,0.799270769890615,0.961826498091325,0.9256673,0.881684911831509,0.949303105069689,0.9406309,0.6349176,0.93663870633613,0.869925706503715,0.834169883416988,0.8369225,0.741511874151187,0.86680900665955,0.832077208396139,0,0.638976181948809,0.8733872,0.700851644872253,0.9181805,0.941304791195719,0.9982127,0.824578491228924,0.858601707069915,0.907791313831303,0.876139887613989,0.884922305753884,0.9457119,0.935494296774715,0.8679684,0.802567090128355,0.794604579460458,0.831952925207061,0.800213719978628,0.5503418,0.869273886927389,0.843425707828715,0.793456179345618,0.8579648,0.9295412,0.870260606486969,0.853372070674414,0.978659298932965,0.81770019088501,0.97695850230415,0.9130766,0.83624320818784,0.87945,0.688594,0.8997226,0.9582680020866,0.89506220524689,0.608332360833236,0.930696689604504,0.893259821348036,0.770554757361311,0.6158587,0.568722356872236,0.5544592,0.9112867,0.99297339929734,0.742459738631039,0.96596180170191,0.8671286,0.94486029448603,0.866775,0.836318716368128,0.769517111524145,0.705503714724814,0.741607012919649,0.8645938,0.863123,0.9368325,0.823493152952054,0.928638489295773,0.8131586
"IG036",0.931873093187309,0.743783512810825,0.76596366489455,0.6370912,0.680007236001447,0.839637383963738,0.78949718947486,0.840324768064954,0.914858387228758,0.9871066,0.985471099273555,0.8597079929854,0.960877788263337,0.944333094433309,0.788827599999999,0.867962693398135,0.954476304552369,0.713779671377968,0.687312715634364,0.9143098,0.866327913367209,0.701470355220552,0.648127129625426,0.834748183474818,0.843263692163185,0.796883510155825,0.87727620613619,0.96987219849361,0.693138684656935,0.84700900764955,0.7862687,0.807029371054406,0.749488887474444,0.863629779544467,0.8162693,0.7092743,0.638976181948809,0,0.80318959015948,0.583042841695716,0.865212293260615,0.886156277231256,0.99696959984848,0.776025077602508,0.7717927,0.913300808669919,0.886193882929082,0.9007035,0.902575495128775,0.862977186297718,0.860224293011215,0.673062067306206,0.695200854280128,0.696033530396648,0.798174710091265,0.820981291049065,0.810748071612211,0.7257599,0.681045152156773,0.69748898487445,0.914209095710455,0.7533466,0.664090916022729,0.975123997512399,0.650659165065916,0.9535100023245,0.94975539748777,0.7717173,0.789554689477734,0.673396283669814,0.85361939268097,0.9392975,0.7954291,0.813093171963976,0.893714778742956,0.855875321618702,0.767252746549451,0.83071579153579,0.707087256063088,0.785047689252385,0.866987493349375,0.980400397060059,0.644716535528346,0.9670259,0.7855359892768,0.855521678328252,0.759047287952365,0.75408761229562,0.6870267,0.6310666,0.5091185,0.7296519864826,0.705865185293259,0.83125779156289,0.634751891312027,0.807929361585872,0.619333880966694
"IG038",0.96862979843149,0.840117715988229,0.782134578213458,0.643626617818669,0.883813382572007,0.848665492433275,0.7449588,0.866833280024992,0.9562029956203,0.997739300113035,0.9918655,0.8870266,0.970496592624148,0.98334639916732,0.86984820650759,0.873502,0.885395617190657,0.835576091778805,0.812803318719668,0.890779505461025,0.981150702827395,0.842297584229758,0.811505071725761,0.95559759777988,0.4185356,0.426961857303815,0.910593008940699,0.9816155,0.7938228,0.631686336831367,0.373017931349103,0.763450376345038,0.7550048,0.94749979474998,0.878436506078175,0.742992112850395,0.8733872,0.80318959015948,0,0.901016014847598,0.9655296,0.762198964329845,0.9668011,0.624796081239804,0.624446818777659,0.923265311510203,0.918765391876539,0.91046920447654,0.8927272,0.95844039792202,0.9417824,0.659358982967949,0.820600482060048,0.755260836710874,0.878690512130949,0.9194625,0.703213770321377,0.88810920559454,0.833581983358198,0.5716712,0.8603964,0.591063520446824,0.661513732302747,0.98480339924017,0.790741489537074,0.96517230348277,0.9765645,0.848020507598975,0.8159727,0.9262222,0.8852667,0.90521240473938,0.448268927586553,0.97202659720266,0.894582684187402,0.938567212286557,0.91489672127582,0.9702722,0.905072290507229,0.8900533,0.8860399,0.9733629973363,0.798984230152365,0.986379500681025,0.836036,0.845897284589728,0.8616651,0.885653311434669,0.76552321172384,0.680249915987504,0.740736512963174,0.7546921,0.8064635,0.7972511,0.769022869293139,0.881115582167337,0.626374899999999
"IG039",0.762398323760168,0.655751686062078,0.620305218984739,0.793074341385132,0.6838693,0.758576324142368,0.807380628892906,0.8438489,0.775367411231629,0.982723103455379,0.983097902535315,0.689707846543823,0.9614979961498,0.97337890266211,0.919380816123836,0.930833810374929,0.965329010401297,0.685354831464517,0.807361348159663,0.909485418102916,0.88894893331532,0.763624111818794,0.7456093,0.954283004571699,0.920287811956829,0.902111624472094,0.892982726754318,0.983204102519385,0.590639461404081,0.895380826154794,0.860360627927874,0.857263507136825,0.795433330685001,0.692330615383469,0.638110872377825,0.832627933474413,0.700851644872253,0.583042841695716,0.901016014847598,0,0.759290636106404,0.87721,0.985319902202015,0.833761116623889,0.686862362627527,0.936432019070394,0.908916504554175,0.923064015387197,0.911397813290328,0.744478425552157,0.844636723304492,0.825499917450009,0.594786720260664,0.577264326820702,0.733698466575384,0.704007344398898,0.739594913020254,0.709230158153968,0.703363614831819,0.724387841341824,0.885275017208747,0.786665642666871,0.844528092226405,0.97428720257128,0.796616220338378,0.950529512367622,0.949863207520519,0.846816830636634,0.852859822071027,0.663294550505817,0.618278457258231,0.950680909863818,0.841110031777993,0.704332914783355,0.9299477,0.66715031649739,0.576503869398452,0.628815855677622,0.562232521888374,0.782077032688445,0.725708541143719,0.814327809283609,0.77838836648349,0.976208004758399,0.618210457268431,0.698064715096764,0.889912016513198,0.710334172416457,0.688889062222187,0.704161059167788,0.696177560764487,0.847984822802277,0.900759514886073,0.876473718528942,0.67870964458066,0.8047737,0.808975828653625
"IG040",0.95312519765626,0.877062912293709,0.869998786999879,0.932136503393175,0.869534380430157,0.93901919695096,0.9451927,0.951141492671224,0.96967949696795,0.999118900044055,1,0.9151442,0.997201499300375,0.9916519995826,0.985996900700155,0.9689054,0.975556703666494,0.86255579312779,0.948840005115999,0.935533903223305,0.961518905772164,0.95148939514894,0.901256985188548,0.98707839935392,0.982515,0.95456160454384,0.9675640032436,0.9930896,0.8766103,0.95870480412952,0.969850301507485,0.96233209623321,0.9433645,0.98501219850122,0.854525007273749,0.9162560041872,0.9181805,0.865212293260615,0.9655296,0.759290636106404,0,0.650904647635697,0.9765389,0.936072096803605,0.9085460045727,0.991418701287195,0.97707079770708,0.948465502576725,0.9566566,0.97388039869402,0.9748339,0.95766079788304,0.9551139955114,0.894686715796992,0.936305206369479,0.8984787,0.95229619522962,0.952679502366025,0.94963549496355,0.9615062,0.9743471,0.930344903482755,0.942638888527778,0.997201499860075,0.9497059974853,0.97094190290581,0.9678775,0.946420502678975,0.9669317,0.882332,0.8977925,0.963073301846335,0.92103720394814,0.880736388073639,0.961840494276074,0.868047626390475,0.833094241726439,0.8910818,0.893730089373009,0.904523,0.9485947,0.97674049767405,0.943373408493989,0.99117060044147,0.9150718,0.93510129351013,0.9643877,0.97283210271679,0.9550500022475,0.878730106063494,0.867046906647655,0.9473473,0.9687387,0.9362252,0.869092939272118,0.834424875163731,0.9673423
"IG041",0.959622391924479,0.91076759553838,0.853438963359741,0.806618680661868,0.906160871848262,0.822779964555993,0.850593377589007,0.946881884064565,0.983330295832574,0.99851049985105,0.99209839881476,0.837467075620062,0.991163196465279,0.982094296418859,0.936421893642189,0.954635793195369,0.9063365,0.962710092542019,0.94270099713505,0.883503788350379,0.9754253,0.967938091984523,0.932340179702054,0.958056991611398,0.817585072637761,0.79436298971815,0.90108959505448,0.98961639844246,0.77624706643706,0.79511358975568,0.774587377458738,0.855407363851841,0.829366374404956,0.976197094049273,0.895218789521879,0.876951987695198,0.941304791195719,0.886156277231256,0.762198964329845,0.87721,0.650904647635697,0,0.924904488735673,0.781436456287292,0.775950877595088,0.9612088,0.986863896715974,0.96461429646143,0.887693783154067,0.955811491162298,0.953348493002274,0.75989225197845,0.832956258239064,0.7881,0.910862295543115,0.912152186822828,0.820856655214164,0.95175669517567,0.937087084271771,0.765478764821815,0.900653285097993,0.774115977411598,0.795368128378845,0.99143219828644,0.946528889305778,0.97162319858116,0.980959097143864,0.917561091756109,0.936513690477054,0.969863795479569,0.810903771635566,0.96705129670513,0.770489677048968,0.944757086189272,0.913935674180703,0.85234540738273,0.895648710435129,0.977327696599155,0.941193285298321,0.914500187175028,0.922723588408538,0.92543708135927,0.8784601,0.99039779903978,0.902963585444538,0.785164146291036,0.951412592711889,0.95267879763394,0.889208988920899,0.786542278654228,0.869316886931688,0.917163387574508,0.905395285809293,0.856917578537637,0.797782630332606,0.730184219055266,0.81898427284764
"IG047",0.979819298990965,0.99364050063595,0.99455719945572,0.993518300324085,0.97464699619705,0.90477279523864,1,1,0.99806689980669,0.999282900035855,1,0.9765449,0.977703894425974,0.99994119999706,0.988320000584,0.9888253,0.920131311980303,0.997578899878945,0.97652920234708,0.95252920237354,0.986636902004465,0.9998559999856,0.996447699467155,0.997993499899675,0.9983973,0.97351770264823,0.99441860055814,1,0.9536581,0.9909070009093,0.99570240021488,0.9828059982806,0.9900177,0.9871009987101,0.988800900559955,0.98043520097824,0.9982127,0.99696959984848,0.9668011,0.985319902202015,0.9765389,0.924904488735673,0,0.971462498573125,0.98704040064798,0.997142900428565,1,0.98560540071973,0.9771379,0.98673579933679,0.9985943,0.971568498578425,0.99550819955082,0.977174703423794,0.98127720187228,0.9880952,0.99607659960766,1,0.99241559924156,0.9800688,0.9790146,1,0.99128009825602,0.977703898885195,1,1,1,0.99595580020221,0.9985453,1,0.9471194,0.995866900206655,0.98335340083233,0.99741669974167,0.997216899582535,0.9950045009991,0.990414402396399,0.9962107,0.99044159904416,0.9978301,0.9921023,0.534463253446325,0.99806500029025,0.999661500016925,0.9929185,0.94610709461071,0.9987209,0.99791120020888,1,0.983219500839025,0.98245940087703,1,0.9804728,0.9832542,0.9952710014187,0.99682079952312,0.9981469
"IG077",0.894690089469009,0.593968520301574,0.680561152084173,0.5816844,0.880576176115235,0.856829585682958,0.593094279654714,0.734706046941209,0.675622851343428,0.9312577,0.94809279740464,0.875046093752305,0.964744289423287,0.95157539515754,0.8820775,0.795130089756505,0.901922409807759,0.750558075055807,0.76853821157309,0.9073092,0.932286206771379,0.866216379932457,0.74853314970663,0.943163094316309,0.713580785679039,0.692813715359314,0.90403540479823,0.91487899574395,0.803931690196585,0.644242417787879,0.5766918,0.728968159345224,0.723943686197185,0.921908588286288,0.7970114,0.6794709,0.824578491228924,0.776025077602508,0.624796081239804,0.833761116623889,0.936072096803605,0.781436456287292,0.971462498573125,0,0.5133364,0.590822640917736,0.860655679098352,0.9368744,0.827329891366494,0.843000284300028,0.559049177952459,0.626637962663796,0.806539970980996,0.629137637086237,0.77979041101048,0.88466779423339,0.671616150742423,0.7253968,0.764255164638275,0.676592883829644,0.88815019440751,0.5911851,0.614391303597826,0.786341678634168,0.734994973499497,0.965276501736175,0.719041785952089,0.8003988,0.769486888474345,0.74846958742348,0.856704292835215,0.8516798,0.5411732,0.945636091845414,0.896019879203976,0.921721011741848,0.828705734258853,0.935560296778015,0.763697164554575,0.804935290246764,0.845800292290015,0.97530279629542,0.691720430827957,0.8781471,0.719857485992874,0.817998572699786,0.815376290768815,0.802000909899954,0.6917572,0.5916257,0.6772522,0.467214973360749,0.602692480134624,0.728171586408579,0.733162766709308,0.833161666632333,0.657464082873204
"IG012",0.8336061,0.629291755606237,0.685752084287604,0.672171732782827,0.807549180754918,0.8058149,0.650250217487489,0.837350783735078,0.747566087378304,0.954564104543589,0.975327701233615,0.792034210398289,0.935083787016757,0.96549,0.875348412465159,0.83045420847729,0.903908619218276,0.7246142,0.829547125567931,0.93565310643469,0.960136707972659,0.867779093388955,0.831898983189898,0.9057169,0.651446217427689,0.644338553349218,0.833162225025667,0.87006540649673,0.702768514861574,0.621878756718186,0.587328341267166,0.731250286562514,0.658702117064894,0.778325288916265,0.736824726317527,0.786197321380268,0.858601707069915,0.7717927,0.624446818777659,0.686862362627527,0.9085460045727,0.775950877595088,0.98704040064798,0.5133364,0,0.75003924999215,0.85619119280956,0.949960405003959,0.779029911048504,0.7585749,0.712819014359049,0.5626337,0.649448882472444,0.545499290900142,0.742965338555199,0.809677009516149,0.562922278146114,0.690910230908977,0.764795688239784,0.492018325399084,0.898847705057615,0.559411344058866,0.725374158806124,0.9112555,0.8174211,0.945867108119934,0.890091105495445,0.868736913126309,0.84250960787452,0.760592511970375,0.706487014675649,0.94470150552985,0.571251842874816,0.79038378951919,0.884245388424539,0.800261649934588,0.799757960072612,0.82217900889105,0.700529385026469,0.85013620749319,0.794112010294399,0.86940059347003,0.681363363727328,0.93720180627982,0.662747616862619,0.653224782661239,0.88473940576303,0.707357543896368,0.657692234230777,0.660011833998817,0.746409425359058,0.735092313245384,0.765343311732834,0.814531909273405,0.753435386297615,0.732199173219917,0.553560222321988
"IG078",0.94827420517258,0.732719466820133,0.90516140474193,0.901652019669596,0.9482446,0.951499904850009,0.841161223825817,0.889266,0.656052117197395,0.949492110101578,0.967097804935329,0.928572910714063,0.98648019864802,0.96663350333665,0.942195611560878,0.880456417931537,0.960073711977886,0.848062715193729,0.888653827836543,0.964462107107579,0.964099910770027,0.94799920260004,0.9290437,0.98506970149303,0.949378307593254,0.932543216864196,0.971905907023523,0.798874430168835,0.942139608679059,0.914133621466594,0.877889424422115,0.8901020054949,0.944702208294669,0.96582760170862,0.943243511351298,0.903581219283756,0.907791313831303,0.913300808669919,0.923265311510203,0.936432019070394,0.991418701287195,0.9612088,0.997142900428565,0.590822640917736,0.75003924999215,0,0.91836680408166,0.967622006475599,0.741128638830704,0.873859312614069,0.409386688591997,0.819659918034008,0.939886103005695,0.845457046362886,0.904240623939844,0.952178707173194,0.91229780438511,0.824987235002553,0.90598540470073,0.925208511218723,0.961565305765204,0.905891918821616,0.90160039508002,0.792170720782928,0.906744409325559,0.962456709385823,0.707271843909223,0.920373715925257,0.903520114471983,0.798743630188455,0.951628407255739,0.940681111863778,0.889588022082396,0.964308501784575,0.9553375,0.96403751258687,0.928844928462028,0.979285903107115,0.89486840525658,0.926614411007838,0.946485008027249,0.998295300085235,0.89342013197396,0.884407723118456,0.879166518125022,0.966480701675965,0.901854114721883,0.871190132202467,0.854214129157174,0.895205920958816,0.893362221327555,0.618693757195937,0.76324413551338,0.931935710209643,0.934224829598827,0.9468014,0.906513614022958
"IG080",0.971392495708874,0.9274036,0.910453582090717,0.89297959464898,0.902321775580444,0.979576296936444,0.898142089814209,0.944584886146221,0.841553868310774,0.96602659830133,0.98708579870858,0.96683629668363,0.851506848027397,0.955067293260094,0.854221892711094,0.851530085153009,0.96392900180355,0.888115383217307,0.9021202,0.969368298468415,0.96389220180539,0.903355280671056,0.889844272461068,0.98240119736018,0.784907278490728,0.901474,0.9809259,0.97558059755806,0.893107389310739,0.9765857,0.958292697914635,0.873048674609735,0.843735484373549,0.892829078565815,0.95479639773982,0.900884295044215,0.876139887613989,0.886193882929082,0.918765391876539,0.908916504554175,0.97707079770708,0.986863896715974,1,0.860655679098352,0.85619119280956,0.91836680408166,0,0.96485639824282,0.97125379712538,0.898236984735548,0.889758788975879,0.892884383932658,0.894137478827496,0.86809680659516,0.9440565,0.877317987731798,0.904047280809456,0.845899692294985,0.855907871181574,0.919545991954599,0.98234849823485,0.82398619119931,0.917994275398283,0.923983388597509,0.905315685797353,0.6114474,0.875742487574249,0.923491896174595,0.94416119441612,0.832430783243078,0.898585689858569,0.9861079993054,0.957940097897005,0.947122389424478,0.589614397403599,0.96595430340457,0.950979207353119,0.92764079276408,0.931700586340117,0.918733091873309,0.935218493521849,0.99383179876636,0.70302881484856,0.856315492815775,0.932856193285619,0.973557194711439,0.917719291771929,0.8859861,0.8834619941731,0.914661695733085,0.89795459489773,0.860739686073969,0.860464786046479,0.97494849749485,0.913046017390797,0.944904886226222,0.889380088938009
"IG085",0.9760975,0.917503712374443,0.94502379725119,0.872640312735969,0.918350291835029,0.9639834,0.93355120332244,0.96758209675821,0.983619999181,0.98799780120022,0.99418440029078,0.95843100207845,0.934901386980277,0.9697714,0.950110504988949,0.95553280222336,0.974962305007539,0.9535308,0.930657210401418,0.98063950193605,0.986190702761859,0.949226897461345,0.945940894594089,0.9411543,0.951782702410865,0.957901506314774,0.98133380279993,0.97395060130247,0.884680605765969,0.815024627746305,0.95977610402239,0.89391459469573,0.914263104286845,0.965704498285225,0.927585607241439,0.941765705823429,0.884922305753884,0.9007035,0.91046920447654,0.923064015387197,0.948465502576725,0.96461429646143,0.98560540071973,0.9368744,0.949960405003959,0.967622006475599,0.96485639824282,0,0.84662320766884,0.9256825,0.982260700886965,0.9327626,0.949894697494735,0.945816610836678,0.968294504755824,0.902291304885434,0.94415659720783,0.957417304258269,0.9378459968923,0.89761700511915,0.96927660153617,0.97875250212475,0.958851493827724,0.987206,0.9714995,0.992196301170555,0.977488301125585,0.95375360462464,0.948191502590425,0.93229020338549,0.961176701941165,0.99737840026216,0.954979004502099,0.951857697592885,0.95747949574795,0.932986516753371,0.938382518485244,0.95962820201859,0.954096297704815,0.96506360174682,0.977520701123965,0.984108499205425,0.924413215117357,0.97279230272077,0.96156460192177,0.96385459819273,0.97509040124548,0.971749304237604,0.908559509144049,0.93286780671322,0.921718507828149,0.95301900234905,0.946993502650325,0.98561300071935,0.946273418804303,0.95151209515121,0.926618903669054
"IG084",0.92132099606605,0.817298018270198,0.861660386166039,0.877207906139605,0.834102675115401,0.861003893050195,0.8789285,0.873826881074032,0.95353259535326,0.99285680035716,0.9956594,0.7839364,0.99413859853465,0.985987299299365,0.9361780031911,0.948907,0.938639009204149,0.841934092096704,0.897861910213809,0.96085260195737,0.952631107105334,0.935565093556509,0.906492085973813,0.95161259758063,0.9469241,0.927407707259229,0.95843510415649,0.7928366,0.880763599999999,0.902158609784139,0.921350903932455,0.878088287808829,0.9016428,0.953014795301479,0.890755505462225,0.924360303781985,0.9457119,0.902575495128775,0.8927272,0.911397813290328,0.9566566,0.887693783154067,0.9771379,0.827329891366494,0.779029911048504,0.741128638830704,0.97125379712538,0.84662320766884,0,0.941792097089605,0.7461602,0.81536579076829,0.907611090761109,0.836805324479201,0.887334211266579,0.9545873,0.880336188033619,0.917058904147055,0.864816186481619,0.8680896,0.8521507,0.889711305514435,0.862854072570814,0.995692099784605,0.90372419518621,0.96632170336783,0.9657531,0.925002503749875,0.8870925,0.924246,0.834482,0.944086102795695,0.90215960489202,0.93898229389823,0.960804894120734,0.927650314469937,0.880171729957068,0.9440417,0.876944387694439,0.9394793,0.8891343,0.95451629545163,0.950297407455389,0.97257680137116,0.8554482,0.928713892871389,0.92713,0.879114312088569,0.846895207655239,0.843088207845589,0.89945700502715,0.8812186,0.9139305,0.9253235,0.8946073316178,0.935890490383574,0.908740899999999
"IG070",0.810327881032788,0.721646113917694,0.55205073280761,0.8181201,0.834137266827453,0.408957240895724,0.842975492148775,0.932552586510517,0.719425157913774,0.970349,0.991865499593275,0.419018170950909,0.962315888694766,0.9688559968856,0.886051999999999,0.90188679509434,0.96509040349096,0.827034282703428,0.865709506714525,0.9730714,0.96557330344267,0.881313082196962,0.943528588705718,0.890176189017619,0.94100079705004,0.952610702369465,0.977914701104265,0.97964499898225,0.683843584192179,0.98163900091805,0.9643407,0.871781580767237,0.838108391905419,0.727868359180254,0.6982861,0.8845306,0.935494296774715,0.862977186297718,0.95844039792202,0.744478425552157,0.97388039869402,0.955811491162298,0.98673579933679,0.843000284300028,0.7585749,0.873859312614069,0.898236984735548,0.9256825,0.941792097089605,0,0.84419839220992,0.913856691385669,0.491500823725124,0.643499235650076,0.871277106436145,0.795090889754544,0.711801956770294,0.521373,0.877120081568012,0.742945487147274,0.929978496498925,0.9036557,0.951302187825547,0.869731086973109,0.94254079425408,0.985440100727995,0.860343893017195,0.904447,0.934037096701855,0.748692487434624,0.632224081611204,0.9958043,0.9513599,0.805402970810445,0.961913292382658,0.32134520179822,0.843486531302693,0.570021478501074,0.79632526944879,0.948291497414575,0.780040489002025,0.539717230957584,0.898698510130149,0.8831671,0.722393986119699,0.799433369915005,0.937597696879885,0.675877916206104,0.8312701,0.8659734,0.9013931,0.85707719285386,0.859526092976305,0.980538099026905,0.889791327552168,0.894092778818556,0.90074419503721
"IG101",0.878880093944005,0.713479628652037,0.856722785672279,0.88721040563948,0.908050086207513,0.940204697010235,0.7478173,0.737421360613204,0.575178657517865,0.87155500642225,0.8960584,0.9229477,0.968095992023998,0.96729239836462,0.917138104143094,0.8618647,0.965552205167169,0.80475219023761,0.857610114238988,0.959518902024056,0.958657806201329,0.927766492776649,0.836485775472866,0.95417639770882,0.9414051,0.94146650585335,0.9653330034667,0.7468634,0.8862152,0.892412510758749,0.815553909222305,0.861547386154739,0.9132927,0.926316992631699,0.875471906226405,0.89297220535139,0.8679684,0.860224293011215,0.9417824,0.844636723304492,0.9748339,0.953348493002274,0.9985943,0.559049177952459,0.712819014359049,0.409386688591997,0.889758788975879,0.982260700886965,0.7461602,0.84419839220992,0,0.780761789038089,0.886832888683289,0.718261742260738,0.836192016380799,0.9020344,0.872345087234509,0.737331413133429,0.759248475924848,0.8879002,0.9538274,0.853673707316315,0.874487074897415,0.785653889282695,0.792373389618669,0.96568370343163,0.7012092,0.861568706921565,0.8699829,0.716379,0.8858907,0.90650660467467,0.82596920870154,0.934693693469369,0.968576995286549,0.944186411162718,0.785657853585537,0.936748,0.780379678037968,0.8380161,0.9060398,0.98543479854348,0.844217223367416,0.862579506871025,0.7542152,0.95183939518394,0.8066062,0.774328822567118,0.714498114275095,0.8169900091505,0.831195708440215,0.5692984,0.7777096,0.8828678,0.862479741256078,0.921880988282148,0.8397701
"IG060",0.9261629926163,0.793015010349249,0.809939071490861,0.6865949,0.77616145523229,0.899778489977849,0.764940888247044,0.850491470098294,0.900902585135388,0.9716979,0.97087039854352,0.89607239480362,0.965455689636707,0.97357249735725,0.8499841,0.84523839226192,0.882777711722229,0.692415969241597,0.844840807757959,0.917494800000001,0.96039160396084,0.77378566606785,0.76509355301871,0.937952893795289,0.722718086135904,0.639855218007239,0.901958304902085,0.855721292786065,0.661583183079159,0.730765013461749,0.6410057,0.820555473083321,0.704233885211695,0.884678682701802,0.893214,0.8294057,0.802567090128355,0.673062067306206,0.659358982967949,0.825499917450009,0.95766079788304,0.75989225197845,0.971568498578425,0.626637962663796,0.5626337,0.819659918034008,0.892884383932658,0.9327626,0.81536579076829,0.913856691385669,0.780761789038089,0,0.696079954411993,0.706931829306817,0.848492507575374,0.830192291509614,0.650326947549042,0.7238624,0.855031978254796,0.573279178663959,0.85624759281238,0.6307226,0.654516513629128,0.98170019817002,0.743963574396357,0.96727640163618,0.959352897967645,0.8809258,0.848982692449135,0.7728479886424,0.854726892736345,0.9668455,0.6787486,0.882197682329652,0.871524874304975,0.883590517461422,0.887058522588295,0.91632719581636,0.80471167070675,0.840121892006095,0.885212094260605,0.939271690890754,0.685891331410867,0.9727884,0.802496490124825,0.77237746585662,0.77920838896042,0.739091313045434,0.6770555,0.6195315,0.6793997,0.760008788000439,0.738156986907849,0.86904219345211,0.708758072810482,0.831420166284033,0.560608778030439
"IG061",0.80181807027271,0.755968,0.49594419918884,0.753968787698439,0.798964949741237,0.502991125448669,0.783114578311458,0.897913074478269,0.793470658694132,0.99112579955629,0.99146869914687,0.468885846888585,0.942231879781158,0.972146295821944,0.91620119581006,0.864810086481009,0.944038502798075,0.78536746780512,0.8695138,0.94745419737271,0.91257580437121,0.824693564938713,0.802708850677213,0.936052990407949,0.808829980882998,0.7882637,0.8553976,0.96327629632763,0.564305256430526,0.8636137,0.81323219066161,0.793219158643832,0.680758768075877,0.692893938578787,0.671541783577089,0.822858691142935,0.794604579460458,0.695200854280128,0.820600482060048,0.594786720260664,0.9551139955114,0.832956258239064,0.99550819955082,0.806539970980996,0.649448882472444,0.939886103005695,0.894137478827496,0.949894697494735,0.907611090761109,0.491500823725124,0.886832888683289,0.696079954411993,0,0.527938023603099,0.7797542,0.793412279341228,0.600054120010825,0.556286177814309,0.774624754924951,0.618074861807486,0.894632289463229,0.729549886477494,0.809252942775883,0.979250496887575,0.817155972573396,0.9376441,0.95736309573631,0.87708179385409,0.881292788129279,0.785387178538718,0.555255355525536,0.98617819930891,0.825396491269825,0.73921494784299,0.868763067190767,0.465068853493115,0.76963393455491,0.513503951350395,0.658063231612646,0.858674885867488,0.734958673495868,0.549943809988762,0.68310701584465,0.975308498765425,0.564761556476156,0.672816034563207,0.902102090210209,0.635796200000001,0.724854886242744,0.746055887302794,0.760098588004929,0.842025384202539,0.850158285015829,0.857754485775449,0.75909364818127,0.789431547357887,0.727728172772817
"IG062",0.771483522851648,0.624297893925527,0.430611928469404,0.691315461736908,0.7615797,0.602237039776296,0.649123452631482,0.710497,0.725141413742929,0.964296607140678,0.985357902196315,0.591503861274421,0.96231589623159,0.96511830348817,0.885978022804395,0.810403228439516,0.909836227049132,0.694812830518717,0.762842659289335,0.842148131570374,0.931430420570874,0.757892612105369,0.7038417,0.930385606961439,0.857985121302231,0.813142846714288,0.865773233556692,0.941676608748509,0.542177568673365,0.751028262242934,0.75386634922673,0.777972111101394,0.699720145041978,0.695833315208334,0.468558206288359,0.735826152834769,0.831952925207061,0.696033530396648,0.755260836710874,0.577264326820702,0.894686715796992,0.7881,0.977174703423794,0.629137637086237,0.545499290900142,0.845457046362886,0.86809680659516,0.945816610836678,0.836805324479201,0.643499235650076,0.718261742260738,0.706931829306817,0.527938023603099,0,0.712973371756657,0.77783753332437,0.611356919432154,0.564575687084862,0.648201517589924,0.594643560803466,0.832126725180991,0.640196871960626,0.617920480896024,0.925746707425329,0.654560034543997,0.943397414150646,0.902326214651068,0.790278941944212,0.77696773345484,0.722466641630004,0.571280064307991,0.881631323673735,0.681652263669548,0.75460121226994,0.8724042,0.662477018133044,0.705225817909673,0.687667946849808,0.566998121650094,0.825515826172626,0.708181043772843,0.752277012386149,0.748719175384248,0.931227313754537,0.460441280933808,0.670507516474624,0.855690121646482,0.613450096637476,0.601300679739864,0.575544384891123,0.655426768914646,0.5798246630263,0.76571893514216,0.705947044107943,0.592399283420323,0.8011745,0.764677335298399
"IG063",0.672932216353389,0.774169345166131,0.7196334,0.607946358808046,0.760153488007674,0.83127660843617,0.535079646492036,0.566227678311384,0.7660359,0.936149609577559,0.934158306584169,0.778932022106798,0.974532596179889,0.97438020128099,0.963283405507489,0.927218507278149,0.947216013195997,0.751062912446855,0.867369026526195,0.920424911936264,0.843888739027815,0.8556298,0.817337490866875,0.946613502669325,0.907468109253189,0.786937042612591,0.897892520421496,0.98724950127505,0.704634929536507,0.863213627357274,0.79316853102472,0.8531184,0.762170923782908,0.7664479,0.541561168765825,0.790301731454741,0.800213719978628,0.798174710091265,0.878690512130949,0.733698466575384,0.936305206369479,0.910862295543115,0.98127720187228,0.77979041101048,0.742965338555199,0.904240623939844,0.9440565,0.968294504755824,0.887334211266579,0.871277106436145,0.836192016380799,0.848492507575374,0.7797542,0.712973371756657,0,0.739110626088938,0.4767564,0.565734365139845,0.7357538,0.811093918890608,0.867994613200539,0.744478838328174,0.854992385499239,0.984700700764965,0.812497109375145,0.960737007852599,0.9429490057051,0.852611222108317,0.859462014053799,0.768563323143668,0.773495722650428,0.402049989692502,0.77365353395197,0.7563601,0.9082319954116,0.842323847302846,0.749400587709794,0.753546324645368,0.6483797,0.738629526137047,0.353553264644674,0.8994002,0.831842542039364,0.98222320266652,0.558504844149516,0.7883781,0.655269534473047,0.772011945597611,0.719940042008994,0.651788852231672,0.701834544724818,0.814639118536088,0.885340411465959,0.617273538272646,0.799478580208568,0.85283979264199,0.786330821366918
"IG064",0.307810165390508,0.816434818356518,0.778348577834858,0.8281660085917,0.683951452592718,0.873641093682055,0.8641262,0.903157285473593,0.770604977060498,0.955634502218275,0.9534792,0.8426395,0.958568089642022,0.98532939926647,0.91324320433784,0.9240325,0.969732504540124,0.704420285221014,0.923149607685039,0.94705220264739,0.674533848819922,0.821767582176758,0.898367784755168,0.96094359804718,0.9309733,0.897162610283739,0.96978880302112,0.984611,0.5147365,0.96334760366524,0.91951320402434,0.900714990071499,0.8391632,0.681462468146246,0.75869481206526,0.928858903557055,0.5503418,0.820981291049065,0.9194625,0.704007344398898,0.8984787,0.912152186822828,0.9880952,0.88466779423339,0.809677009516149,0.952178707173194,0.877317987731798,0.902291304885434,0.9545873,0.795090889754544,0.9020344,0.830192291509614,0.793412279341228,0.77783753332437,0.739110626088938,0,0.787896378789638,0.747769412611529,0.878217487821749,0.7755866,0.9069051,0.828342208582889,0.910739082147817,0.980888899044445,0.911914695595735,0.97962590203741,0.9766164,0.92834660358267,0.9578881,0.662642,0.7637101,0.95988980200551,0.909687704515615,0.492869349286935,0.933618990042849,0.74823735035253,0.772658556835361,0.5980304,0.561990156199015,0.3602549,0.8291307,0.878234387823439,0.814070027889496,0.98022080098896,0.7964732,0.835857783585778,0.8690019,0.765334923466508,0.74666821266659,0.672989316350534,0.837677308116135,0.9073034,0.9048915,0.9728653,0.794294361711691,0.871066380659957,0.8117362
"IG065",0.743975561596334,0.7320903,0.609024221804844,0.459234072961704,0.77288064322016,0.727209059081359,0.532142153214215,0.634053908513477,0.74913154982631,0.98416519920826,0.98145679814568,0.688701668870167,0.972188390265937,0.978717496807624,0.902459695122985,0.915085091508509,0.9556040022198,0.726931159039674,0.8899915,0.971745298587265,0.95627420218629,0.841393268278653,0.829159257289814,0.934541790181268,0.762638276263828,0.6157394,0.9106133,0.927501692750169,0.587538858753886,0.7588086,0.753776787688839,0.774710354942071,0.646768864676887,0.73704514740903,0.488870174443508,0.805978490298924,0.869273886927389,0.810748071612211,0.703213770321377,0.739594913020254,0.95229619522962,0.820856655214164,0.99607659960766,0.671616150742423,0.562922278146114,0.91229780438511,0.904047280809456,0.94415659720783,0.880336188033619,0.711801956770294,0.872345087234509,0.650326947549042,0.600054120010825,0.611356919432154,0.4767564,0.787896378789638,0,0.387341369367068,0.780249356049871,0.490399649039965,0.911433991143399,0.617742080887104,0.788887936666381,0.984700697705105,0.836253475438021,0.9829082,0.94805719480572,0.886661694333085,0.923892492389249,0.785772378577238,0.684817868481787,0.629180981459049,0.744870487243525,0.799545759909152,0.92279648069912,0.694370830562917,0.830788425381736,0.700108270010827,0.75399055079811,0.874942287494229,0.394565139456514,0.75650915130183,0.773997711300114,0.97071479853574,0.557880255788025,0.673603134720627,0.646602364660236,0.6173053,0.661810083090504,0.732322886616144,0.701991085099554,0.807588780758878,0.851618585161859,0.635604563560456,0.786074342785131,0.820516355129089,0.642599864259986
"IG067",0.708537,0.687378546893218,0.521288076064404,0.567692443230756,0.717301071730107,0.6477437,0.540007322999634,0.627927662792766,0.615017180750859,0.915568208443179,0.935450703227465,0.612742319362884,0.961001092200219,0.9376278,0.783686321631368,0.833465108326744,0.966476006704798,0.6430305,0.835665724650141,0.95663650433635,0.951771509645698,0.765865688293284,0.786002578600258,0.9006022,0.88812160559392,0.76215553567667,0.941679508748074,0.96217640189118,0.591364820431759,0.925109211233619,0.842655915734408,0.814270290713515,0.768513611574319,0.719702585985129,0.482397651760235,0.826533217346678,0.843425707828715,0.7257599,0.88810920559454,0.709230158153968,0.952679502366025,0.95175669517567,1,0.7253968,0.690910230908977,0.824987235002553,0.845899692294985,0.957417304258269,0.917058904147055,0.521373,0.737331413133429,0.7238624,0.556286177814309,0.564575687084862,0.565734365139845,0.747769412611529,0.387341369367068,0,0.741229787061489,0.608365519581724,0.922895503855225,0.767521023247898,0.825889373883406,0.8782674,0.7700538,0.976332503550124,0.86382360680882,0.842910715708929,0.91683520415824,0.627842818607859,0.624516518774174,0.705365629463437,0.840933415906658,0.775666488783324,0.924563592456359,0.604337298915675,0.772847368145789,0.606650519667474,0.713685485684274,0.810444709477764,0.521952023902399,0.672501483625074,0.712826057434789,0.888913611108639,0.503601824819909,0.780638689031935,0.546871622656419,0.494557375816394,0.626675637332436,0.739778126022187,0.669255833074416,0.691358415432079,0.699098615045069,0.717595114120244,0.779075177323688,0.827930582793058,0.668142616592869
"IG068",0.866892480033872,0.8424511,0.700743540148708,0.623437381171869,0.831590457897614,0.835212275281841,0.668151766815176,0.69229292307323,0.834546166909233,0.96910859845543,0.99090249909025,0.842640984264098,0.96106988637446,0.946570691985604,0.841828792091439,0.846195584619558,0.957380002131,0.754286763143014,0.7038547,0.875417893770895,0.891999505400025,0.75301625060325,0.643461110865278,0.910541586581238,0.905402590540259,0.8052031,0.8863971,0.9666129966613,0.826793182679318,0.8992639,0.849976492498825,0.833536366707274,0.810590381059038,0.865678773135755,0.720516186025809,0.709399185469959,0.793456179345618,0.681045152156773,0.833581983358198,0.703363614831819,0.94963549496355,0.937087084271771,0.99241559924156,0.764255164638275,0.764795688239784,0.90598540470073,0.855907871181574,0.9378459968923,0.864816186481619,0.877120081568012,0.759248475924848,0.855031978254796,0.774624754924951,0.648201517589924,0.7357538,0.878217487821749,0.780249356049871,0.741229787061489,0,0.825636882563688,0.844387684438768,0.706967085348354,0.750433625130087,0.951455992718399,0.631995144799272,0.9596714,0.901985790198579,0.72123718606186,0.753885075388508,0.828730582873058,0.777341777734178,0.803652190182609,0.789990089499504,0.833535566707113,0.961294790323697,0.914928308507169,0.829346525598021,0.855615285561529,0.75866565173313,0.839580383958038,0.784914778491477,0.962567492513498,0.776760111161995,0.92229739611487,0.549696654969665,0.858928371785674,0.800898280089828,0.8284412,0.732688586634429,0.694113784705689,0.611263480563174,0.652694365269436,0.841149084114909,0.720379272037927,0.73108205378359,0.811256052814013,0.757943775794377
"IG069",0.79323458966173,0.714112128588787,0.668398966839896,0.609124019543799,0.668104350215652,0.734884986744249,0.7536029,0.912267786840169,0.806191280619128,0.995281500235925,0.9931262,0.7028576,0.964262091065523,0.954890097744505,0.755734812213259,0.8347735,0.922501211624818,0.702030485101524,0.868867413113259,0.95290540235473,0.951817607227359,0.741345274134527,0.763037464455619,0.900633695031685,0.6294952,0.611042738895727,0.874729412527059,0.9366635,0.5822389,0.674549632545037,0.620715518964224,0.768518476851847,0.6441348,0.747811974781197,0.726120913693954,0.85019480749026,0.8579648,0.69748898487445,0.5716712,0.724387841341824,0.9615062,0.765478764821815,0.9800688,0.676592883829644,0.492018325399084,0.925208511218723,0.919545991954599,0.89761700511915,0.8680896,0.742945487147274,0.8879002,0.573279178663959,0.618074861807486,0.594643560803466,0.811093918890608,0.7755866,0.490399649039965,0.608365519581724,0.825636882563688,0,0.8642466,0.577067221146639,0.654644430928886,0.984993899249695,0.722705386135269,0.97573580242642,0.9520168,0.876967906151605,0.8934002,0.7326265,0.7017365,0.97345240132738,0.635408518229574,0.813666981366698,0.879958181993727,0.732494453501109,0.817441645639588,0.7810089,0.732006373200638,0.8695298,0.7121917,0.792246079224608,0.734974739753789,0.9793880010306,0.6884849,0.678632967863297,0.805583,0.606678739332126,0.643883817805809,0.619004019049799,0.709994714500264,0.7577952,0.7025228,0.8682083,0.692547292235812,0.804461370669206,0.4813116
"IG045",0.878607893930395,0.839627716037229,0.826958082695809,0.7825920108704,0.671856150778422,0.79438718971936,0.7350011,0.725087658763149,0.917994491799449,0.99498380025081,0.9931262,0.7995498,0.976740694185174,0.990406099520305,0.920439103978045,0.9831229,0.976065903590114,0.682823984141199,0.794215020578498,0.711034914448254,0.930050210492468,0.785223478522348,0.726800659020099,0.94596559729828,0.9712224,0.95726020427398,0.94417010558299,0.9915071,0.8866146,0.94297390570261,0.90636280468186,0.748010374801037,0.9127084,0.907858490785849,0.820876708956165,0.873703106314845,0.9295412,0.914209095710455,0.8603964,0.885275017208747,0.9743471,0.900653285097993,0.9790146,0.88815019440751,0.898847705057615,0.961565305765204,0.98234849823485,0.96927660153617,0.8521507,0.929978496498925,0.9538274,0.85624759281238,0.894632289463229,0.832126725180991,0.867994613200539,0.9069051,0.911433991143399,0.922895503855225,0.844387684438768,0.8642466,0,0.684911315754434,0.75703475140695,0.98060759903038,0.880856894042845,0.96376120362388,0.9842409,0.868907106554645,0.8371806,0.9139045,0.7708652,0.89771780511411,0.851887107405645,0.895137089513709,0.969805695470855,0.918123516375297,0.831679042080239,0.9149459,0.884029888402989,0.9356061,0.8845766,0.921225692122569,0.955468806679679,0.984915300754235,0.7815278,0.935177993517799,0.9575041,0.921680607831939,0.695192815240359,0.755562512221874,0.80895120955244,0.7955838,0.9611429,0.7467726,0.736893078932076,0.937919490687924,0.9442629
"IG102",0.8566091,0.792029231195615,0.640704082035204,0.539741946025805,0.795059679505968,0.8047362,0.525319823734009,0.524506252450625,0.841578692078935,0.9745090025491,0.97180060140997,0.79681321015934,0.949315889863178,0.9790957,0.916421708357829,0.857689307115534,0.936263012747398,0.6089112,0.715511042673344,0.711767028823297,0.947239910552018,0.708154985407749,0.571060757106076,0.9496789,0.589485420525729,0.599251960112206,0.902094314685853,0.98969680051516,0.746668612666569,0.636488954526657,0.594003440599656,0.826454891322744,0.597090320145484,0.8794539939727,0.717356028264397,0.708105829189417,0.870260606486969,0.7533466,0.591063520446824,0.786665642666871,0.930344903482755,0.774115977411598,1,0.5911851,0.559411344058866,0.905891918821616,0.82398619119931,0.97875250212475,0.889711305514435,0.9036557,0.853673707316315,0.6307226,0.729549886477494,0.640196871960626,0.744478838328174,0.828342208582889,0.617742080887104,0.767521023247898,0.706967085348354,0.577067221146639,0.684911315754434,0,0.486133122919969,0.9847007,0.6820733,0.870379919443012,0.95340640232968,0.794773020522698,0.712938914353055,0.842190707890465,0.818198709090064,0.840110615988938,0.483137351686265,0.88052239402612,0.791541779154178,0.864350833912292,0.813928055821583,0.86779520661024,0.747738887386944,0.823641908817904,0.807133109643345,0.939099696954985,0.665019766996047,0.98270320172968,0.613564719321764,0.77740238887012,0.821876508906174,0.788178631773205,0.559008944099105,0.472705952729405,0.569965843003416,0.583464720826764,0.803319309834034,0.529707523514624,0.558894754386836,0.817864581786458,0.595405220229739
"IG021",0.966633691658423,0.829990982999098,0.632235189670557,0.621356043203407,0.789590326356614,0.858213364553341,0.619128623825725,0.583264954142734,0.955841686752506,0.996460899469135,0.9918654983731,0.836844167368833,0.971294787082654,0.964631691157923,0.812253971838096,0.798608259721652,0.793474089673705,0.619378904844726,0.679388867938887,0.75714566357185,0.97594739879737,0.653673196101959,0.495397723389203,0.947639386909847,0.798481459696292,0.676434567643457,0.90326419032642,0.979485595897119,0.75407065081413,0.542884854288486,0.592760338914051,0.847812354343707,0.669086533817307,0.946086983826095,0.782131767319765,0.699383054907458,0.853372070674414,0.664090916022729,0.661513732302747,0.844528092226405,0.942638888527778,0.795368128378845,0.99128009825602,0.614391303597826,0.725374158806124,0.90160039508002,0.917994275398283,0.958851493827724,0.862854072570814,0.951302187825547,0.874487074897415,0.654516513629128,0.809252942775883,0.617920480896024,0.854992385499239,0.910739082147817,0.788887936666381,0.825889373883406,0.750433625130087,0.654644430928886,0.75703475140695,0.486133122919969,0,0.984993896248474,0.50634467658617,0.96467859646786,0.958993891798778,0.815571672335751,0.667787533557507,0.805239561047912,0.870988774197755,0.859350078902512,0.5406813311022,0.964614689384407,0.883654959279235,0.9196714,0.87948780602561,0.943361688672337,0.797406839222052,0.843231468646294,0.894780878956176,0.99438289831487,0.760598088029905,0.983498297524745,0.740380848076169,0.858020557406167,0.782362556472511,0.757301275730127,0.579775636966345,0.376829206524381,0.494582324187348,0.463654792730959,0.572406114481223,0.541955308391062,0.482730851726915,0.863163852107349,0.682532836506567
"IG113",0.99970679997068,0.86719900664005,0.981988297298245,0.9794461,0.983233296646659,0.99559589955959,0.933327096666355,0.9846254969251,0.77327826599174,0.9769519,0.99283299964165,0.98846659942333,0.944818383445515,0.97649119764912,0.9148384,0.92365139618257,0.97356390264361,0.98369229836923,0.927357903632105,0.9991734,0.99182770081723,0.984993897749085,0.98408509681702,0.911739091173909,0.97817239890862,0.984993900750305,0.997410100129495,0.99153739957687,0.98199859909993,0.994992700250365,0.9847007,0.924682088702313,0.984032099201605,0.906333585950038,0.9856857,0.9719894,0.978659298932965,0.975123997512399,0.98480339924017,0.97428720257128,0.997201499860075,0.99143219828644,0.977703898885195,0.786341678634168,0.9112555,0.792170720782928,0.923983388597509,0.987206,0.995692099784605,0.869731086973109,0.785653889282695,0.98170019817002,0.979250496887575,0.925746707425329,0.984700700764965,0.980888899044445,0.984700697705105,0.8782674,0.951455992718399,0.984993899249695,0.98060759903038,0.9847007,0.984993896248474,0,0.931236893123689,0.99335560033222,0.786915289345765,0.9668148,0.97566419878321,0.818511190925559,0.984700699235035,0.9997068,0.9772268,0.948433892265084,0.984993896998779,0.984935102259735,0.9965565006887,0.98182299909115,0.978994896849234,0.984230699211535,0.982721899136095,0.98041979706297,0.93539820646018,0.8761548,0.987091699354585,0.998925899838885,0.984700699235035,0.8566440071678,0.9847007,0.9847007,0.9847007,0.789819689490984,0.83617359180868,0.986393499319675,0.983534804116299,0.964875792975159,0.984700699235035
"IG119",0.912962391296239,0.851129207443539,0.675999651399948,0.7380536,0.75720005144001,0.870811487081149,0.747984287399214,0.719224143844829,0.900032685004903,0.999836,0.99312619965631,0.866696693334835,0.940977882293364,0.97719559771956,0.7874195,0.782923689146184,0.793237820676218,0.736232873623288,0.725395413730229,0.891429200000001,0.916037908396209,0.687908753186313,0.541231108246222,0.928526692852669,0.888056294402815,0.782353310882334,0.967274901636255,0.93859239692962,0.827824891391245,0.656652317167384,0.7603164,0.910297486544623,0.643608682180434,0.876610581491587,0.7470069,0.751755,0.81770019088501,0.650659165065916,0.790741489537074,0.796616220338378,0.9497059974853,0.946528889305778,1,0.734994973499497,0.8174211,0.906744409325559,0.905315685797353,0.9714995,0.90372419518621,0.94254079425408,0.792373389618669,0.743963574396357,0.817155972573396,0.654560034543997,0.812497109375145,0.911914695595735,0.836253475438021,0.7700538,0.631995144799272,0.722705386135269,0.880856894042845,0.6820733,0.50634467658617,0.931236893123689,0,0.951398502430075,0.932385696619285,0.8154959,0.663854483192724,0.7647899882395,0.880325694016285,0.8365592,0.653952,0.836866475529971,0.918925083785017,0.948908907663664,0.874118525176295,0.92007759600388,0.709905756485863,0.881280494064025,0.850576492528825,0.99942159991324,0.777172622282738,0.9891624,0.662842483142124,0.960846794127019,0.724282986214149,0.698633115068344,0.6729431,0.6261321,0.5985275,0.582318179115909,0.566097078304854,0.718087285904364,0.620747894813027,0.961180992236198,0.749979887498994
"IG120",0.978324301083785,0.964398307120339,0.9573013,0.961434605784809,0.97235859861793,0.96157560192122,0.95633520436648,0.96156819807841,0.9897515,0.996291700556245,0.99325140067486,0.95792970420703,0.970762695614404,0.99118020044099,0.99325140101229,0.96464760353524,0.990922902269275,0.96052700197365,0.964353307129339,0.969150604627409,0.975598606100348,0.9601146,0.954810097740505,0.99381820030909,0.821190317880968,0.960597707880458,0.978850904229819,0.99692090030791,0.9708680029132,0.967206806558639,0.965276505208524,0.9844869,0.882920411707959,0.9815669,0.931853510221973,0.965003005249549,0.97695850230415,0.9535100023245,0.96517230348277,0.950529512367622,0.97094190290581,0.97162319858116,1,0.965276501736175,0.945867108119934,0.962456709385823,0.6114474,0.992196301170555,0.96632170336783,0.985440100727995,0.96568370343163,0.96727640163618,0.9376441,0.943397414150646,0.960737007852599,0.97962590203741,0.9829082,0.976332503550124,0.9596714,0.97573580242642,0.96376120362388,0.870379919443012,0.96467859646786,0.99335560033222,0.951398502430075,0,0.99294130070587,0.961232805815079,0.95219540478046,0.98964730103527,0.97426250257375,0.97323020401547,0.949243207613519,0.952004,0.203232160161608,0.978050906584728,0.96330151284447,0.98631880136812,0.955797,0.96842150315785,0.96407660359234,0.9963959,0.883334829166293,0.99248740112689,0.933137306686269,0.9932844,0.96515760348424,0.971592505681499,0.960632705905094,0.961506305774054,0.961232805815079,0.961248503875149,0.96490910350909,0.96527650347235,0.958831916467233,0.987471899373595,0.98198270180173
"IG055",0.97119959855998,0.765251523474848,0.928654192865419,0.926704703664765,0.947585292137794,0.98773219938661,0.9005408,0.956694793504219,0.701949770194977,0.97665620116719,0.9927013,0.9539497,0.91700387925097,0.900992495049625,0.804330809783459,0.8458393,0.97611840358224,0.96724119836206,0.920370407962959,0.986096700695165,0.949754107536884,0.96574859657486,0.933982490097373,0.98007879900394,0.9567274,0.94634240536576,0.98214750178525,0.9674525,0.9701512,0.96869940313006,0.94071980296401,0.865372286537229,0.9232938,0.823890782389078,0.951690902415455,0.724198713790064,0.9130766,0.94975539748777,0.9765645,0.949863207520519,0.9678775,0.980959097143864,1,0.719041785952089,0.890091105495445,0.707271843909223,0.875742487574249,0.977488301125585,0.9657531,0.860343893017195,0.7012092,0.959352897967645,0.95736309573631,0.902326214651068,0.9429490057051,0.9766164,0.94805719480572,0.86382360680882,0.901985790198579,0.9520168,0.9842409,0.95340640232968,0.958993891798778,0.786915289345765,0.932385696619285,0.99294130070587,0,0.918041904097905,0.9371021,0.6935834,0.9354165,0.975339701233015,0.941645902917704,0.944778394477839,0.969988895498334,0.967059606588078,0.897831625542094,0.8175494,0.93871639387164,0.9530988,0.9408942,0.99942159994216,0.809148528627721,0.873496706325165,0.9242811,0.97611119761112,0.9588434,0.914162308583769,0.92162180391891,0.94587900270605,0.93617640319118,0.6789032,0.8076704,0.9453623,0.960415111875466,0.949036192355429,0.9476298
"IG072",0.928854,0.846532523020122,0.773487288674365,0.738684926131507,0.853781885378188,0.852869,0.77189541140523,0.806912180691218,0.91439759571988,0.9723480027652,0.991637700418115,0.87468520626574,0.970907494181499,0.9288956,0.895590410440959,0.886222105688895,0.959360508127898,0.7556277,0.614381757842736,0.767385423261458,0.952245709550858,0.816653590832679,0.772131677213168,0.8973563,0.87967460601627,0.885162817225578,0.940379908943014,0.976239701188015,0.88883740555813,0.905011014248348,0.851660914833909,0.87092439354622,0.86747180662641,0.927498496374925,0.827589917241009,0.753802724619728,0.83624320818784,0.7717173,0.848020507598975,0.846816830636634,0.946420502678975,0.917561091756109,0.99595580020221,0.8003988,0.868736913126309,0.920373715925257,0.923491896174595,0.95375360462464,0.925002503749875,0.904447,0.861568706921565,0.8809258,0.87708179385409,0.790278941944212,0.852611222108317,0.92834660358267,0.886661694333085,0.842910715708929,0.72123718606186,0.876967906151605,0.868907106554645,0.794773020522698,0.815571672335751,0.9668148,0.8154959,0.961232805815079,0.918041904097905,0,0.517643824117809,0.914718704264065,0.91701360414932,0.877697112230289,0.800367219963278,0.9235579961779,0.933546693354669,0.91143012214247,0.900193229942031,0.901434204928289,0.884559494227975,0.853242207337889,0.876626506168675,0.98497539924877,0.880958323808335,0.9563010043699,0.798332810083359,0.941548297077415,0.869059306547035,0.898876415168538,0.787301021269898,0.787037921296208,0.761618423838158,0.746225112688744,0.848565307571735,0.822624108868795,0.769557280654952,0.887227088722709,0.843183307840834
"IG073",0.96151899807595,0.853118914688109,0.743985374398538,0.731490513425474,0.936268790440319,0.8366879918344,0.7385598,0.74699006204851,0.96975239697524,0.99750240012488,0.9918655,0.9029095,0.966304791576198,0.97453059872653,0.969173501541325,0.8548784,0.885210517218422,0.806399290319964,0.544607245539276,0.731779313411035,0.970395104440734,0.808231980823198,0.738666960800044,0.933619996681,0.8876792,0.851217914878208,0.95929260407074,0.9590716,0.8931513,0.799029220097078,0.78334761083262,0.919132391913239,0.7996495,0.96522659652266,0.823722108813895,0.767027511648624,0.87945,0.789554689477734,0.8159727,0.852859822071027,0.9669317,0.936513690477054,0.9985453,0.769486888474345,0.84250960787452,0.903520114471983,0.94416119441612,0.948191502590425,0.8870925,0.934037096701855,0.8699829,0.848982692449135,0.881292788129279,0.77696773345484,0.859462014053799,0.9578881,0.923892492389249,0.91683520415824,0.753885075388508,0.8934002,0.8371806,0.712938914353055,0.667787533557507,0.97566419878321,0.663854483192724,0.95219540478046,0.9371021,0.517643824117809,0,0.9204613,0.9054613,0.8817900059105,0.693497315325134,0.95594889559489,0.914673587201038,0.941210911757818,0.890696827325793,0.9608846,0.827848182784819,0.8824145,0.9117793,0.99942159994216,0.918373612243958,0.978627501068625,0.699096,0.95301339530134,0.9021717,0.908726209127379,0.681263515936824,0.675911616204419,0.585877720706114,0.6414939,0.8186131,0.7486592,0.754724473582658,0.945192491778874,0.888457999999999
"IG015",0.7515519875776,0.600572339942766,0.782913078291308,0.81521280923936,0.55680373352056,0.860942093047105,0.8287598,0.890851683627753,0.635453763545376,0.967271301636435,0.9883615,0.8419704,0.966659391664848,0.9350539967527,0.752503012374849,0.8665366,0.965258805211179,0.650547482527374,0.836580616341939,0.953239502338025,0.843596123460581,0.705725770572577,0.731374659706199,0.978293698914685,0.9482486,0.919850308014969,0.98287320171268,0.9629351,0.5684885,0.96116440388356,0.941498702925065,0.858059085805909,0.8464173,0.531707353170735,0.776277511186124,0.76217281189136,0.688594,0.673396283669814,0.9262222,0.663294550505817,0.882332,0.969863795479569,1,0.74846958742348,0.760592511970375,0.798743630188455,0.832430783243078,0.93229020338549,0.924246,0.748692487434624,0.716379,0.7728479886424,0.785387178538718,0.722466641630004,0.768563323143668,0.662642,0.785772378577238,0.627842818607859,0.828730582873058,0.7326265,0.9139045,0.842190707890465,0.805239561047912,0.818511190925559,0.7647899882395,0.98964730103527,0.6935834,0.914718704264065,0.9204613,0,0.7708343,0.9964960001752,0.95385500230725,0.722049172204917,0.963358394503759,0.822573535485293,0.708398272900432,0.5866577,0.666563466656346,0.7791116,0.8302257,0.884691188469119,0.714763042785544,0.867057306647135,0.8132032,0.859746785974678,0.7799007,0.632410136758986,0.654735717263214,0.68229521588524,0.726094613695269,0.7132125,0.6411293,0.9611368,0.708140687557794,0.890755783613368,0.7248772
"IG016",0.781874989093749,0.786269321373068,0.494086749408675,0.856511907174405,0.664828349724252,0.553025977651299,0.8553946,0.875047881257182,0.805349380534938,0.99194160040292,0.9899503,0.5374565,0.966984891746223,0.94472359723618,0.88366180581691,0.9173582,0.914968712754693,0.812160090608004,0.864349913565008,0.899511905024405,0.936413909537914,0.857238285723829,0.864852579727887,0.977266898863345,0.9367048,0.919768908023109,0.833982216601779,0.9964089,0.6457043,0.910727108927289,0.89590080520496,0.726863372686337,0.8207226,0.693415669341567,0.639138118043094,0.848791507560425,0.8997226,0.85361939268097,0.8852667,0.618278457258231,0.8977925,0.810903771635566,0.9471194,0.856704292835215,0.706487014675649,0.951628407255739,0.898585689858569,0.961176701941165,0.834482,0.632224081611204,0.8858907,0.854726892736345,0.555255355525536,0.571280064307991,0.773495722650428,0.7637101,0.684817868481787,0.624516518774174,0.777341777734178,0.7017365,0.7708652,0.818198709090064,0.870988774197755,0.984700699235035,0.880325694016285,0.97426250257375,0.9354165,0.91701360414932,0.9054613,0.7708343,0,0.96734920163254,0.893820505308975,0.821136982113698,0.941562891234434,0.592855281428944,0.741631364592159,0.5900842,0.697540169754017,0.890888,0.7268532,0.633794863379486,0.852145122178231,0.98421420078929,0.5994166,0.600292160029216,0.9349991,0.612173238782676,0.743343112832844,0.800950309952485,0.84945660752717,0.8801979,0.9076106,0.8950182,0.734423079673076,0.771528565729285,0.8430702
"IG018",0.8582623,0.940100508984924,0.82398959119948,0.691980630801937,0.94838889483889,0.8928445,0.615783819210809,0.584166158416616,0.9096879954844,0.936732506326749,0.936732503163375,0.91026140448693,1,0.9861757,0.9831170016883,0.977652701117365,0.959018808196238,0.8452132,0.886410317038452,0.893963710603629,0.969015406196919,0.896404794820239,0.858915985891598,0.9859984,0.996100900194955,0.840066223990066,0.976749003487649,1,0.94199040290048,0.907443913883413,0.870352212964779,0.967293098364655,0.942994502850275,0.98881439944072,0.700982429901757,0.830329716967028,0.9582680020866,0.9392975,0.90521240473938,0.950680909863818,0.963073301846335,0.96705129670513,0.995866900206655,0.8516798,0.94470150552985,0.940681111863778,0.9861079993054,0.99737840026216,0.944086102795695,0.9958043,0.90650660467467,0.9668455,0.98617819930891,0.881631323673735,0.402049989692502,0.95988980200551,0.629180981459049,0.705365629463437,0.803652190182609,0.97345240132738,0.89771780511411,0.840110615988938,0.859350078902512,0.9997068,0.8365592,0.97323020401547,0.975339701233015,0.877697112230289,0.8817900059105,0.9964960001752,0.96734920163254,0,0.810507818949218,0.958277097913855,0.98121369812137,0.979209505197624,0.882623635212909,0.974882701255865,0.911536695576835,0.91254820437259,0.386355030682249,0.986312699315635,0.950070709985858,0.99412910058709,0.697927315103634,0.978368298918415,0.695221115238944,0.912319713152043,0.829839617016038,0.828858317114168,0.773829522617048,0.85110520744474,0.943168902841555,0.651135417443229,0.885138540201511,0.99295359929536,0.925644503717775
"IG051",0.8860103,0.826599226010116,0.714384985719249,0.641550335844966,0.907153690715369,0.8630376,0.614687619265619,0.706273370627337,0.91421299571065,0.945376005462399,0.939383303030835,0.868794306560284,0.971435894287179,0.9764365,0.95945260405474,0.847687707615614,0.859174228165154,0.7833793,0.7722593341611,0.857129414287059,0.956080308783938,0.835431891771595,0.725250872525087,0.9532261,0.507346824632659,0.484429677335549,0.916271612559258,0.980865900956705,0.822998108850095,0.494276775858483,0.326630867336913,0.85767839288392,0.68327721583614,0.94132499706625,0.759280424071958,0.730226826977317,0.89506220524689,0.7954291,0.448268927586553,0.841110031777993,0.92103720394814,0.770489677048968,0.98335340083233,0.5411732,0.571251842874816,0.889588022082396,0.957940097897005,0.954979004502099,0.90215960489202,0.9513599,0.82596920870154,0.6787486,0.825396491269825,0.681652263669548,0.77365353395197,0.909687704515615,0.744870487243525,0.840933415906658,0.789990089499504,0.635408518229574,0.851887107405645,0.483137351686265,0.5406813311022,0.9772268,0.653952,0.949243207613519,0.941645902917704,0.800367219963278,0.693497315325134,0.95385500230725,0.893820505308975,0.810507818949218,0,0.918044495902225,0.899505489950549,0.91570912107272,0.829574051127784,0.946370502681475,0.775764588788229,0.825808908709555,0.89979280501036,0.9856659992833,0.784905843018831,0.98881520111848,0.650800317459984,0.818110090905504,0.861330906933455,0.851973422203987,0.733520426647958,0.545749145425086,0.662909133709087,0.642793517860324,0.771628311418585,0.683618215819089,0.702476504133223,0.792264079226408,0.603622319818884
"IG052",0.459277818891673,0.794372,0.774875154975031,0.8523019926151,0.744819036204759,0.835307375296106,0.880965288096529,0.91308187827047,0.765219153043831,0.99251539962577,0.99186549918655,0.772064877206488,0.975261891341662,0.969482595422389,0.941973197098659,0.9466479946648,0.98084940095753,0.75654926348239,0.9197507,0.892687494634375,0.491282625435869,0.849761769952354,0.837211259302815,0.932736589910488,0.96077359607736,0.9206904,0.9656087,0.97803139780314,0.622659862265987,0.9691176,0.94968459748423,0.936304487260898,0.815092581509258,0.648081829616366,0.703661685183085,0.91122679556134,0.608332360833236,0.813093171963976,0.97202659720266,0.704332914783355,0.880736388073639,0.944757086189272,0.99741669974167,0.945636091845414,0.79038378951919,0.964308501784575,0.947122389424478,0.951857697592885,0.93898229389823,0.805402970810445,0.934693693469369,0.882197682329652,0.73921494784299,0.75460121226994,0.7563601,0.492869349286935,0.799545759909152,0.775666488783324,0.833535566707113,0.813666981366698,0.895137089513709,0.88052239402612,0.964614689384407,0.948433892265084,0.836866475529971,0.952004,0.944778394477839,0.9235579961779,0.95594889559489,0.722049172204917,0.821136982113698,0.958277097913855,0.918044495902225,0,0.960222590055647,0.797738820226118,0.758536836219475,0.532667253266726,0.382806676561336,0.576408057640806,0.791846379184638,0.857594271518854,0.86061640696918,0.9765779988289,0.739304873930488,0.827859365571873,0.933639393363939,0.7888502,0.84486859224343,0.76310938815547,0.88315499415775,0.917665691766569,0.96712089671209,0.93973609397361,0.868305126338975,0.918513179628295,0.904481790448179
"IG037",0.99182109836422,0.92641559632078,0.902656275664069,0.900811990081199,0.927443978233193,0.960427692085538,0.911449686717453,0.955336386600916,0.976499394124849,0.998239999824,0.991865498779825,0.937814090672114,0.953305781322312,0.978651095730219,0.96779429677943,0.905824085873613,0.9481289,0.946154589230918,0.93924159696208,0.95908979590898,0.9901524,0.942441285610321,0.942081782624535,0.960440192088038,0.735603160340474,0.87024259351213,0.93565259678263,0.988623498293525,0.903598785539818,0.915002495750125,0.895949589594959,0.924523381130846,0.787626168143925,0.964550791137698,0.936251493625149,0.889960588996059,0.930696689604504,0.893714778742956,0.894582684187402,0.9299477,0.961840494276074,0.913935674180703,0.997216899582535,0.896019879203976,0.884245388424539,0.9553375,0.589614397403599,0.95747949574795,0.960804894120734,0.961913292382658,0.968576995286549,0.871524874304975,0.868763067190767,0.8724042,0.9082319954116,0.933618990042849,0.92279648069912,0.924563592456359,0.961294790323697,0.879958181993727,0.969805695470855,0.791541779154178,0.883654959279235,0.984993896998779,0.918925083785017,0.203232160161608,0.969988895498334,0.933546693354669,0.914673587201038,0.963358394503759,0.941562891234434,0.98121369812137,0.899505489950549,0.960222590055647,0,0.91400900429955,0.972390202760979,0.963237694485654,0.92007408001852,0.922346788352018,0.947457592118639,0.992585898146475,0.8067149,0.99443569944357,0.895512084326813,0.938319684579921,0.946722892008434,0.94044919702246,0.914428391442839,0.882215288221529,0.888515188851519,0.902457385368608,0.881067082160062,0.930806089620913,0.887665516850173,0.939286081785825,0.901080885162133
"IG028",0.805700929144861,0.77191516842545,0.508108649189135,0.852424136893966,0.797418710129064,0.453383181992523,0.877733224453355,0.92878620356069,0.831004916899508,0.995117501220625,0.99312620137476,0.387488422502316,0.984935099246755,0.978820803176879,0.962609009347748,0.961163307767338,0.972274909703782,0.819444327083351,0.946511316046605,0.949419812645047,0.959246014263895,0.880795811920418,0.9253740037313,0.953420806986879,0.922540615491877,0.926267822119654,0.931257320622804,0.99049110190178,0.629800574039885,0.937662918701124,0.929721717569571,0.935926806407319,0.832611433477713,0.764426723557328,0.642382889404278,0.92243251939187,0.893259821348036,0.855875321618702,0.938567212286557,0.66715031649739,0.868047626390475,0.85234540738273,0.9950045009991,0.921721011741848,0.800261649934588,0.96403751258687,0.96595430340457,0.932986516753371,0.927650314469937,0.32134520179822,0.944186411162718,0.883590517461422,0.465068853493115,0.662477018133044,0.842323847302846,0.74823735035253,0.694370830562917,0.604337298915675,0.914928308507169,0.732494453501109,0.918123516375297,0.864350833912292,0.9196714,0.984935102259735,0.948908907663664,0.978050906584728,0.967059606588078,0.91143012214247,0.941210911757818,0.822573535485293,0.592855281428944,0.979209505197624,0.91570912107272,0.797738820226118,0.91400900429955,0,0.789177794869992,0.535066692986662,0.773869622613038,0.918421716315657,0.76414164717167,0.550670444932955,0.899217735273793,0.979515405121149,0.663166867366626,0.749088925091107,0.947766510446698,0.697001390899583,0.806649048337738,0.871865932033517,0.867504133123967,0.928742314251537,0.925517814896437,0.928109914378017,0.7989190005405,0.849599707520015,0.887425622514875
"IG031",0.74285815142837,0.664310017491494,0.718081442287784,0.838984148304755,0.726360927363907,0.76076284784743,0.77219275695181,0.761940123805988,0.77667713349843,0.797717460684762,0.801157249710687,0.752899461775134,0.9918216,0.977246604550679,0.938337718498685,0.976453705886574,0.989427404229038,0.706491358701728,0.867798246270614,0.89059163282251,0.910574935770026,0.821852226722166,0.809946119005388,0.970961605807679,0.971481907129523,0.95590111543461,0.941962020313293,0.990746602313349,0.717483170629207,0.890245638414026,0.827472051758384,0.917180912422863,0.860689034827741,0.778667433199885,0.703622788913163,0.821850153444953,0.770554757361311,0.767252746549451,0.91489672127582,0.576503869398452,0.833094241726439,0.895648710435129,0.990414402396399,0.828705734258853,0.799757960072612,0.928844928462028,0.950979207353119,0.938382518485244,0.880171729957068,0.843486531302693,0.785657853585537,0.887058522588295,0.76963393455491,0.705225817909673,0.749400587709794,0.772658556835361,0.830788425381736,0.772847368145789,0.829346525598021,0.817441645639588,0.831679042080239,0.813928055821583,0.87948780602561,0.9965565006887,0.874118525176295,0.96330151284447,0.897831625542094,0.900193229942031,0.890696827325793,0.708398272900432,0.741631364592159,0.882623635212909,0.829574051127784,0.758536836219475,0.972390202760979,0.789177794869992,0,0.731521667119583,0.647419352887097,0.803763549059113,0.798665150333712,0.859088121136782,0.865047653980939,0.981757805472658,0.659745585063604,0.814019327897101,0.76196155950961,0.616661734168393,0.648096305571108,0.740800077759977,0.771689468493159,0.880764729808818,0.958887110278222,0.884199328950168,0.778472721840002,0.903990409600959,0.886133028466742
"IG110",0.570167778508389,0.781511021848898,0.539246553924656,0.854044507297775,0.704627255694088,0.588798179439909,0.8895511,0.903907485586123,0.758620875862088,0.994958700252065,0.9930111,0.5151967,0.967131991782998,0.93750339687517,0.94888380255581,0.9628455,0.971703904244414,0.736285086814254,0.905223409477659,0.95380320230984,0.687352246897163,0.836355683635568,0.860272179040827,0.979514898975745,0.9486211,0.942305605769439,0.96249510375049,0.9962229,0.5281484,0.97409950259005,0.965370501731475,0.915354691535469,0.8112401,0.508391350839135,0.630082218495889,0.791411310429434,0.6158587,0.83071579153579,0.9702722,0.628815855677622,0.8910818,0.977327696599155,0.9962107,0.935560296778015,0.82217900889105,0.979285903107115,0.92764079276408,0.95962820201859,0.9440417,0.570021478501074,0.936748,0.91632719581636,0.513503951350395,0.687667946849808,0.753546324645368,0.5980304,0.700108270010827,0.606650519667474,0.855615285561529,0.7810089,0.9149459,0.86779520661024,0.943361688672337,0.98182299909115,0.92007759600388,0.98631880136812,0.8175494,0.901434204928289,0.9608846,0.5866577,0.5900842,0.974882701255865,0.946370502681475,0.532667253266726,0.963237694485654,0.535066692986662,0.731521667119583,0,0.475762447576245,0.6739557,0.7585949,0.602705760270576,0.789856931521461,0.980945700952715,0.6600472,0.788143178814318,0.9434986,0.651135734886427,0.804777109761145,0.716536414173179,0.85537960723102,0.9381998,0.9599285,0.9416705,0.840375547887335,0.918381787757268,0.8937889
"IG034",0.525897828884674,0.705770600000001,0.634551326910265,0.81558679077934,0.721514630378657,0.77947626692144,0.780971678097168,0.748461637115409,0.725948245189649,0.95417419770871,0.95229949522995,0.720486972048697,0.965662487981871,0.968213295231994,0.943454697172735,0.902501690250169,0.92505760374712,0.667027950054193,0.8333538,0.92949099647455,0.559372822031359,0.790611158122232,0.723058630764658,0.965486894823034,0.910234591023459,0.8916386,0.9422128,0.97801779780178,0.542696754269675,0.8131866,0.79060938953047,0.881003176200635,0.759278775927877,0.634402926880586,0.617679180883959,0.857870092893505,0.568722356872236,0.707087256063088,0.905072290507229,0.562232521888374,0.893730089373009,0.941193285298321,0.99044159904416,0.763697164554575,0.700529385026469,0.89486840525658,0.931700586340117,0.954096297704815,0.876944387694439,0.79632526944879,0.780379678037968,0.80471167070675,0.658063231612646,0.566998121650094,0.6483797,0.561990156199015,0.75399055079811,0.713685485684274,0.75866565173313,0.732006373200638,0.884029888402989,0.747738887386944,0.797406839222052,0.978994896849234,0.709905756485863,0.955797,0.93871639387164,0.884559494227975,0.827848182784819,0.666563466656346,0.697540169754017,0.911536695576835,0.775764588788229,0.382806676561336,0.92007408001852,0.773869622613038,0.647419352887097,0.475762447576245,0,0.559778455977846,0.743260374326037,0.834597466919493,0.789188210540589,0.98032579901629,0.591400659140066,0.770522554104511,0.875362287536229,0.7010716,0.710340285517014,0.547308277365414,0.760745688037284,0.773076277307628,0.886242188624219,0.826887182688718,0.73920085215983,0.890445972611493,0.828408682840868
"IG035",0.370418868520943,0.879360612063939,0.837273083727308,0.825083308745834,0.824695773704366,0.94086679704334,0.810608,0.839548375932256,0.866021886602189,0.93799060310047,0.9372236,0.9178875,0.971192692798173,0.95975019798751,0.91845860407707,0.9097798,0.963498905475164,0.765305088265255,0.822607817739219,0.94016280299186,0.660322550951617,0.858526485852649,0.809582771437416,0.92366019618301,0.8990989,0.873026312697369,0.93227830677217,0.9848542,0.6704376,0.886666511333349,0.8039300098035,0.861009386100939,0.8743079,0.802583480258348,0.848176307591185,0.8260700086965,0.5544592,0.785047689252385,0.8900533,0.782077032688445,0.904523,0.914500187175028,0.9978301,0.804935290246764,0.85013620749319,0.926614411007838,0.918733091873309,0.96506360174682,0.9394793,0.948291497414575,0.8380161,0.840121892006095,0.858674885867488,0.825515826172626,0.738629526137047,0.3602549,0.874942287494229,0.810444709477764,0.839580383958038,0.8695298,0.9356061,0.823641908817904,0.843231468646294,0.984230699211535,0.881280494064025,0.96842150315785,0.9530988,0.853242207337889,0.8824145,0.7791116,0.890888,0.91254820437259,0.825808908709555,0.576408057640806,0.922346788352018,0.918421716315657,0.803763549059113,0.6739557,0.559778455977846,0,0.8934521,0.99187689918769,0.837020524446922,0.976924501153775,0.8206276,0.918026391802639,0.8365138,0.845114815488518,0.790967810451609,0.618767519061624,0.770150111492494,0.8277693,0.8521074,0.8866689,0.803157459052762,0.895057784258668,0.8074021
"IG099",0.738576686928834,0.711894828810517,0.596421959642196,0.583173120841344,0.78053326707999,0.734231186711559,0.6533245,0.656836348525452,0.752225475222548,0.99504460024777,0.9931262,0.7069818,0.969273192318298,0.9764019988201,0.89646980517651,0.9316657,0.958702406194639,0.79391858969593,0.898415710158429,0.955360502231975,0.945222508216623,0.852170785217078,0.847271677090752,0.958632097931605,0.8727146,0.792685120731487,0.949751705024829,0.9891335,0.7293902,0.921050307894969,0.90277780486111,0.882032888203289,0.7699209,0.767052076705208,0.549512022524399,0.80510580974471,0.9112867,0.866987493349375,0.8860399,0.725708541143719,0.9485947,0.922723588408538,0.9921023,0.845800292290015,0.794112010294399,0.946485008027249,0.935218493521849,0.977520701123965,0.8891343,0.780040489002025,0.9060398,0.885212094260605,0.734958673495868,0.708181043772843,0.353553264644674,0.8291307,0.394565139456514,0.521952023902399,0.784914778491477,0.7121917,0.8845766,0.807133109643345,0.894780878956176,0.982721899136095,0.850576492528825,0.96407660359234,0.9408942,0.876626506168675,0.9117793,0.8302257,0.7268532,0.386355030682249,0.89979280501036,0.791846379184638,0.947457592118639,0.76414164717167,0.798665150333712,0.7585949,0.743260374326037,0.8934521,0,0.812986681298668,0.828827225675916,0.98090320095484,0.6213354,0.791447079144708,0.6977154,0.734899926510007,0.79211961039402,0.842498507875075,0.78551321072434,0.8649126,0.8673594,0.6887769,0.849052745284177,0.912871986930798,0.869772
"IG044",0.809007471351121,0.8507363,0.625950825190165,0.93100899655045,0.873484468371117,0.463410919511638,0.947635194763519,0.974384993596248,0.850393370078674,0.995281499764075,1,0.531241353124136,0.980419793146928,0.99936279990442,0.986424299321215,0.98984919898492,0.925325903733704,0.879028781854317,0.9791917,0.93854859692743,0.971214901439255,0.926125685225137,0.984393696098424,0.984128297619245,0.98757369875737,0.9986468,0.986466,0.99942159994216,0.736895573689557,0.9924515,0.998543699927185,0.973684594736919,0.897406189740619,0.786394957278992,0.735402586770129,0.984430899221545,0.99297339929734,0.980400397060059,0.9733629973363,0.814327809283609,0.97674049767405,0.92543708135927,0.534463253446325,0.97530279629542,0.86940059347003,0.998295300085235,0.99383179876636,0.984108499205425,0.95451629545163,0.539717230957584,0.98543479854348,0.939271690890754,0.549943809988762,0.752277012386149,0.8994002,0.878234387823439,0.75650915130183,0.672501483625074,0.962567492513498,0.792246079224608,0.921225692122569,0.939099696954985,0.99438289831487,0.98041979706297,0.99942159991324,0.9963959,0.99942159994216,0.98497539924877,0.99942159994216,0.884691188469119,0.633794863379486,0.986312699315635,0.9856659992833,0.857594271518854,0.992585898146475,0.550670444932955,0.859088121136782,0.602705760270576,0.834597466919493,0.99187689918769,0.812986681298668,0,0.987683900615805,0.992039899601995,0.744695474469547,0.779608755921751,0.99814249981425,0.7436613,0.88467379423369,0.94691059734553,0.981814099090705,0.99942159994216,0.99660989966099,0.98696939869694,0.945756010848798,0.950991687747922,0.96298929629893
"IG076",0.932742906725709,0.778671155332211,0.790512710474365,0.699022060195588,0.807838,0.951705204829479,0.749319237602115,0.880932,0.82431780878411,0.930047513990497,0.950137707479344,0.939189109121634,0.890821989082199,0.923168507683149,0.74806365038727,0.844180723372892,0.961382311585306,0.760735323926468,0.842957939260515,0.950843509831298,0.87992853602144,0.806931309653435,0.7227729,0.923913607608639,0.680557847916323,0.790494452376387,0.871571432107142,0.963896505415524,0.738178039273294,0.865737433565642,0.780446543910691,0.721341913932905,0.686791946981208,0.753574712321264,0.909564618087076,0.708327258334548,0.742459738631039,0.644716535528346,0.798984230152365,0.77838836648349,0.943373408493989,0.8784601,0.99806500029025,0.691720430827957,0.681363363727328,0.89342013197396,0.70302881484856,0.924413215117357,0.950297407455389,0.898698510130149,0.844217223367416,0.685891331410867,0.68310701584465,0.748719175384248,0.831842542039364,0.814070027889496,0.773997711300114,0.712826057434789,0.776760111161995,0.734974739753789,0.955468806679679,0.665019766996047,0.760598088029905,0.93539820646018,0.777172622282738,0.883334829166293,0.809148528627721,0.880958323808335,0.918373612243958,0.714763042785544,0.852145122178231,0.950070709985858,0.784905843018831,0.86061640696918,0.8067149,0.899217735273793,0.865047653980939,0.789856931521461,0.789188210540589,0.837020524446922,0.828827225675916,0.987683900615805,0,0.948963210207358,0.77807413328888,0.824632008768399,0.787889031816645,0.723298169175457,0.718786156242769,0.690155361968928,0.670106165978767,0.798009830298525,0.737208039418795,0.875030718745392,0.75405651067457,0.804976100000001,0.621379556793067
"IG079",0.9818619,0.875472918679062,0.97640579882029,0.96521390347861,0.9778829977883,0.9848754,0.92707960364602,0.97177719717772,0.840062292003115,0.96649660335034,0.99493500025325,0.97792900110355,0.98876989775398,0.981028,0.945728205427179,0.93471160326442,0.99163780167244,0.9726149,0.972543304118504,0.98629170137083,0.979924004015199,0.9833839991692,0.97672329767233,0.980787,0.97574680121266,0.977176703423495,0.981356102796585,0.971364501431775,0.962590901870455,0.99032480145128,0.99619570038043,0.92023319601166,0.98137420093129,0.9545819977291,0.97993140200686,0.97350720264928,0.96596180170191,0.9670259,0.986379500681025,0.976208004758399,0.99117060044147,0.99039779903978,0.999661500016925,0.8781471,0.93720180627982,0.884407723118456,0.856315492815775,0.97279230272077,0.97257680137116,0.8831671,0.862579506871025,0.9727884,0.975308498765425,0.931227313754537,0.98222320266652,0.98022080098896,0.97071479853574,0.888913611108639,0.92229739611487,0.9793880010306,0.984915300754235,0.98270320172968,0.983498297524745,0.8761548,0.9891624,0.99248740112689,0.873496706325165,0.9563010043699,0.978627501068625,0.867057306647135,0.98421420078929,0.99412910058709,0.98881520111848,0.9765779988289,0.99443569944357,0.979515405121149,0.981757805472658,0.980945700952715,0.98032579901629,0.976924501153775,0.98090320095484,0.992039899601995,0.948963210207358,0,0.97914080104296,0.984453499222675,0.986951700652415,0.980467102929934,0.97845320215468,0.98270320172968,0.9794980020502,0.87909380604531,0.883173705841315,0.99032480048376,0.981059606629138,0.95613059561306,0.966156501692175
"IG111",0.668729583436479,0.669703033029696,0.455096445509644,0.600279319986034,0.79560766934115,0.616048680802434,0.5384625,0.585312237796835,0.741807674180767,0.9300500034975,0.9285955,0.6039603,0.964132991033248,0.977851298892565,0.96510120174494,0.8639701,0.939563109065534,0.660558783027939,0.782043721795628,0.82468760876562,0.912993913050913,0.773155777315577,0.688768853315327,0.945488697274435,0.8787082,0.759307024069298,0.884748911525109,0.9545622,0.6664322,0.830617716938228,0.743888912805554,0.861696286169628,0.7209459,0.744707774470777,0.420182428990878,0.736556613172169,0.8671286,0.7855359892768,0.836036,0.618210457268431,0.9150718,0.902963585444538,0.9929185,0.719857485992874,0.662747616862619,0.879166518125022,0.932856193285619,0.96156460192177,0.8554482,0.722393986119699,0.7542152,0.802496490124825,0.564761556476156,0.460441280933808,0.558504844149516,0.7964732,0.557880255788025,0.503601824819909,0.549696654969665,0.6884849,0.7815278,0.613564719321764,0.740380848076169,0.987091699354585,0.662842483142124,0.933137306686269,0.9242811,0.798332810083359,0.699096,0.8132032,0.5994166,0.697927315103634,0.650800317459984,0.739304873930488,0.895512084326813,0.663166867366626,0.659745585063604,0.6600472,0.591400659140066,0.8206276,0.6213354,0.744695474469547,0.77807413328888,0.97914080104296,0,0.711255771125577,0.7455586,0.598200440179956,0.600724319963784,0.630306218484689,0.600401419979929,0.6470419,0.8790717,0.6342722,0.705945688216293,0.843776976566546,0.7776235
"IG087",0.788157768223665,0.8021969,0.74678594935719,0.78576178928809,0.854644863661216,0.758574163786125,0.805615080561508,0.937666784416696,0.832336866467373,0.9836439991822,0.98774559877456,0.774711777471178,0.99726859904401,0.98286619742993,0.987156499357825,0.957075995707599,0.94426640278668,0.854413478162022,0.9499975,0.91951419597571,0.95248720237564,0.920574984114997,0.936624284156071,0.951966092794914,0.844643384464338,0.8521321,0.610345,0.99279639927964,0.667348066734807,0.8356015,0.839968291998415,0.833606966721393,0.742047074204707,0.787610757522152,0.768901688445084,0.888112794405639,0.94486029448603,0.855521678328252,0.845897284589728,0.698064715096764,0.93510129351013,0.785164146291036,0.94610709461071,0.817998572699786,0.653224782661239,0.966480701675965,0.973557194711439,0.96385459819273,0.928713892871389,0.799433369915005,0.95183939518394,0.77237746585662,0.672816034563207,0.670507516474624,0.7883781,0.835857783585778,0.673603134720627,0.780638689031935,0.858928371785674,0.678632967863297,0.935177993517799,0.77740238887012,0.858020557406167,0.998925899838885,0.960846794127019,0.9932844,0.97611119761112,0.941548297077415,0.95301339530134,0.859746785974678,0.600292160029216,0.978368298918415,0.818110090905504,0.827859365571873,0.938319684579921,0.749088925091107,0.814019327897101,0.788143178814318,0.770522554104511,0.918026391802639,0.791447079144708,0.779608755921751,0.824632008768399,0.984453499222675,0.711255771125577,0,0.96142289614229,0.7808663,0.822556091127804,0.776159788807989,0.83794579189729,0.931462593146259,0.929408292940829,0.866258686625869,0.818597536280493,0.723804730951183,0.750080375008037
"IG089",0.862238493111925,0.924815507518449,0.828735982873598,0.661348616932569,0.703576155536423,0.9421279971064,0.6143701,0.599143439871516,0.867374486737449,0.798588510070574,0.7938024,0.917521,0.972587293146823,0.984534099226705,0.761333511933324,0.9292745,0.964045205393219,0.72889878644494,0.867973713202629,0.95731440213428,0.962685205597219,0.706811070681107,0.692026653803998,0.95970479798524,0.947355,0.767564223243578,0.96249510375049,0.9593464,0.8222399,0.925959307404069,0.865109706744515,0.871200487120049,0.8707273,0.929314192931419,0.732410613379469,0.790908010454599,0.866775,0.759047287952365,0.8616651,0.889912016513198,0.9643877,0.951412592711889,0.9987209,0.815376290768815,0.88473940576303,0.901854114721883,0.917719291771929,0.97509040124548,0.92713,0.937597696879885,0.8066062,0.77920838896042,0.902102090210209,0.855690121646482,0.655269534473047,0.8690019,0.646602364660236,0.546871622656419,0.800898280089828,0.805583,0.9575041,0.821876508906174,0.782362556472511,0.984700699235035,0.724282986214149,0.96515760348424,0.9588434,0.869059306547035,0.9021717,0.7799007,0.9349991,0.695221115238944,0.861330906933455,0.933639393363939,0.946722892008434,0.947766510446698,0.76196155950961,0.9434986,0.875362287536229,0.8365138,0.6977154,0.99814249981425,0.787889031816645,0.986951700652415,0.7455586,0.96142289614229,0,0.569932543006746,0.686906115654694,0.75107241244638,0.670169816491509,0.8165256,0.742089,0.7280174,0.705090288472913,0.957150393572559,0.5983718
"IG090",0.734606513269675,0.774894145021171,0.6056406,0.801603029759546,0.676966983848349,0.700975914951204,0.777315622268438,0.774429088721455,0.747831,0.730091740486239,0.729693927030607,0.670418632958137,0.959919993987999,0.93913040304348,0.7811053328342,0.905792809420719,0.949508012622997,0.644856317757184,0.806593238681353,0.957218506417224,0.945896613525846,0.7188143,0.740290887014544,0.879295606035219,0.924044507595549,0.877678124464375,0.957835708432858,0.95938990406101,0.613389738661026,0.915502516899497,0.846334423049837,0.8996106,0.820354117964588,0.6193255,0.693565445965183,0.836520524521921,0.836318716368128,0.75408761229562,0.885653311434669,0.710334172416457,0.97283210271679,0.95267879763394,0.99791120020888,0.802000909899954,0.707357543896368,0.871190132202467,0.8859861,0.971749304237604,0.879114312088569,0.675877916206104,0.774328822567118,0.739091313045434,0.635796200000001,0.613450096637476,0.772011945597611,0.765334923466508,0.6173053,0.494557375816394,0.8284412,0.606678739332126,0.921680607831939,0.788178631773205,0.757301275730127,0.8566440071678,0.698633115068344,0.971592505681499,0.914162308583769,0.898876415168538,0.908726209127379,0.632410136758986,0.612173238782676,0.912319713152043,0.851973422203987,0.7888502,0.94044919702246,0.697001390899583,0.616661734168393,0.651135734886427,0.7010716,0.845114815488518,0.734899926510007,0.7436613,0.723298169175457,0.980467102929934,0.598200440179956,0.7808663,0.569932543006746,0,0.547775167833725,0.725755941136609,0.752265037160244,0.824709717529028,0.747698325230167,0.932655806734419,0.704230818307672,0.911347495567374,0.674246232575377
"IG091",0.7869828,0.679007748148837,0.649193782459689,0.639763636023636,0.705823270582327,0.7416131,0.555690722215464,0.569585256958526,0.787267789363389,0.896197410380259,0.894786705260665,0.786620010669,0.970636794127359,0.944304,0.840554815944518,0.90836900458155,0.955546808890638,0.4318777,0.626211456068282,0.729710427028957,0.941713811657238,0.637709981885499,0.576139257613926,0.9261569,0.92163860391807,0.868433919734912,0.899476415078538,0.908149704592515,0.656569017171549,0.879854518021822,0.792392820760718,0.820102091005105,0.780821110958944,0.77180718859036,0.718028828197117,0.726669327333067,0.769517111524145,0.6870267,0.76552321172384,0.688889062222187,0.9550500022475,0.889208988920899,1,0.6917572,0.657692234230777,0.854214129157174,0.8834619941731,0.908559509144049,0.846895207655239,0.8312701,0.714498114275095,0.6770555,0.724854886242744,0.601300679739864,0.719940042008994,0.74666821266659,0.661810083090504,0.626675637332436,0.732688586634429,0.643883817805809,0.695192815240359,0.559008944099105,0.579775636966345,0.9847007,0.6729431,0.960632705905094,0.92162180391891,0.787301021269898,0.681263515936824,0.654735717263214,0.743343112832844,0.829839617016038,0.733520426647958,0.84486859224343,0.914428391442839,0.806649048337738,0.648096305571108,0.804777109761145,0.710340285517014,0.790967810451609,0.79211961039402,0.88467379423369,0.718786156242769,0.97845320215468,0.600724319963784,0.822556091127804,0.686906115654694,0.547775167833725,0,0.524866147513385,0.504580249541975,0.629922618503869,0.792933010353349,0.706654514667274,0.537849761752583,0.882069488206949,0.705470614726469
"IG092",0.7426828,0.776987433451885,0.592099679604984,0.578733442126656,0.671932367193237,0.7845173,0.557061222146939,0.649627564962757,0.83248139162407,0.95576410442359,0.95414340229283,0.76984981150751,0.972587294517459,0.9786307,0.847578815242118,0.866370306681485,0.901726919654616,0.5285302,0.675532348670148,0.781973421802658,0.798418940316212,0.611717880585894,0.538148053814806,0.9059818,0.790264110486794,0.710456243431564,0.874122718881592,0.99060240046988,0.544677022766149,0.712048643192704,0.641930135806986,0.777120488856024,0.681722815913859,0.76099558804978,0.693972130602787,0.659757434024256,0.705503714724814,0.6310666,0.680249915987504,0.704161059167788,0.878730106063494,0.786542278654228,0.983219500839025,0.5916257,0.660011833998817,0.895205920958816,0.914661695733085,0.93286780671322,0.843088207845589,0.8659734,0.8169900091505,0.6195315,0.746055887302794,0.575544384891123,0.651788852231672,0.672989316350534,0.732322886616144,0.739778126022187,0.694113784705689,0.619004019049799,0.755562512221874,0.472705952729405,0.376829206524381,0.9847007,0.6261321,0.961506305774054,0.94587900270605,0.787037921296208,0.675911616204419,0.68229521588524,0.800950309952485,0.828858317114168,0.545749145425086,0.76310938815547,0.882215288221529,0.871865932033517,0.740800077759977,0.716536414173179,0.547308277365414,0.618767519061624,0.842498507875075,0.94691059734553,0.690155361968928,0.98270320172968,0.630306218484689,0.776159788807989,0.75107241244638,0.725755941136609,0.524866147513385,0,0.432906656709334,0.584157620792119,0.718560914071955,0.646374317681284,0.458740589440794,0.801876480187648,0.629555118522244
"IG093",0.8762205,0.777823033326545,0.650206182510309,0.510360448963955,0.707474770747477,0.8112906,0.550923222453839,0.633056363305636,0.869708893485445,0.97120000288,0.969990901500455,0.860718106964095,0.966388693277739,0.9617352,0.826065117393488,0.89040260547987,0.947582810483438,0.6045657,0.611991658201251,0.789329721067028,0.937287312542537,0.629276781463839,0.513774251377425,0.8915796,0.85331100733445,0.681253947811908,0.873723018941547,0.980200700989965,0.682061315896934,0.793688030946795,0.746368525363148,0.764875088243755,0.723927113803644,0.909868095493405,0.696655630334437,0.583468641653136,0.741607012919649,0.5091185,0.740736512963174,0.696177560764487,0.867046906647655,0.869316886931688,0.98245940087703,0.6772522,0.746409425359058,0.893362221327555,0.89795459489773,0.921718507828149,0.89945700502715,0.9013931,0.831195708440215,0.6793997,0.760098588004929,0.655426768914646,0.701834544724818,0.837677308116135,0.701991085099554,0.669255833074416,0.611263480563174,0.709994714500264,0.80895120955244,0.569965843003416,0.494582324187348,0.9847007,0.5985275,0.961232805815079,0.93617640319118,0.761618423838158,0.585877720706114,0.726094613695269,0.84945660752717,0.773829522617048,0.662909133709087,0.88315499415775,0.888515188851519,0.867504133123967,0.771689468493159,0.85537960723102,0.760745688037284,0.770150111492494,0.78551321072434,0.981814099090705,0.670106165978767,0.9794980020502,0.600401419979929,0.83794579189729,0.670169816491509,0.752265037160244,0.504580249541975,0.432906656709334,0,0.603121719843914,0.698709815064509,0.606616519669174,0.544228459520039,0.836148183614818,0.639656218017188
"IG094",0.93265679663284,0.669159933084007,0.649357164935716,0.633710518314474,0.861780579267087,0.877089693854485,0.5862415,0.587002438050366,0.666179466617947,0.9731540013423,0.9891991,0.8864883,0.968206992051748,0.924182896209145,0.822676308866184,0.7150375,0.893050716042392,0.689021984451099,0.640881235911876,0.789357910532105,0.964274205358869,0.742867174286717,0.586810338021551,0.913326895666345,0.8384771,0.770251422974858,0.93962190603781,0.9395444,0.8440708,0.686917731308227,0.705783514710824,0.810762281076228,0.7767649,0.9388369938837,0.747627712618614,0.697262115136894,0.8645938,0.7296519864826,0.7546921,0.847984822802277,0.9473473,0.917163387574508,1,0.467214973360749,0.735092313245384,0.618693757195937,0.860739686073969,0.95301900234905,0.8812186,0.85707719285386,0.5692984,0.760008788000439,0.842025384202539,0.5798246630263,0.814639118536088,0.9073034,0.807588780758878,0.691358415432079,0.652694365269436,0.7577952,0.7955838,0.583464720826764,0.463654792730959,0.789819689490984,0.582318179115909,0.961248503875149,0.6789032,0.746225112688744,0.6414939,0.7132125,0.8801979,0.85110520744474,0.642793517860324,0.917665691766569,0.902457385368608,0.928742314251537,0.880764729808818,0.9381998,0.773076277307628,0.8277693,0.8649126,0.99942159994216,0.798009830298525,0.87909380604531,0.6470419,0.931462593146259,0.8165256,0.824709717529028,0.629922618503869,0.584157620792119,0.603121719843914,0,0.5602988,0.5665961,0.607563617730915,0.869285080392762,0.7667526
"IG095",0.969126898456345,0.728068427193157,0.782732978273298,0.738432313078384,0.741762161264324,0.92223439611172,0.8214602,0.919281387892208,0.797933179793318,0.97678820116059,0.9930053,0.923178,0.954380188595047,0.920961696048085,0.692907815354609,0.6831417,0.778022433296635,0.829131691456585,0.810807618919238,0.966773301661335,0.978227103265935,0.734076273407627,0.714639457195918,0.898334894916745,0.7906022,0.766137923386208,0.927582807241719,0.9849567,0.8052186,0.665861733413827,0.739186213040689,0.821878382187838,0.6330582,0.941401894140189,0.912481104375945,0.788083610595819,0.863123,0.705865185293259,0.8064635,0.900759514886073,0.9687387,0.905395285809293,0.9804728,0.602692480134624,0.765343311732834,0.76324413551338,0.860464786046479,0.946993502650325,0.9139305,0.859526092976305,0.7777096,0.738156986907849,0.850158285015829,0.76571893514216,0.885340411465959,0.9048915,0.851618585161859,0.699098615045069,0.841149084114909,0.7025228,0.9611429,0.803319309834034,0.572406114481223,0.83617359180868,0.566097078304854,0.96490910350909,0.8076704,0.848565307571735,0.8186131,0.6411293,0.9076106,0.943168902841555,0.771628311418585,0.96712089671209,0.881067082160062,0.925517814896437,0.958887110278222,0.9599285,0.886242188624219,0.8521074,0.8673594,0.99660989966099,0.737208039418795,0.883173705841315,0.8790717,0.929408292940829,0.742089,0.747698325230167,0.792933010353349,0.718560914071955,0.698709815064509,0.5602988,0,0.9012019,0.67395469781359,0.852329577849437,0.6603981
"IG048",0.91530579576529,0.865080313491969,0.721582572158257,0.543269522836524,0.936908890536333,0.86893779344689,0.458693,0.276338891450834,0.93548259354826,0.99863040006848,0.9919206,0.8941625,0.986686696671674,0.97882639894132,0.977825101108745,0.9485424,0.963104205534369,0.747912687395634,0.755471524452848,0.73600521319974,0.960865905870114,0.828700582870058,0.638365645754847,0.9602219980111,0.8874715,0.756072924392708,0.907686709231329,0.9808692,0.8675106,0.685818331418167,0.7882780105861,0.848102784810279,0.8179728,0.9722589972259,0.583559220822039,0.716397614180119,0.9368325,0.83125779156289,0.7972511,0.876473718528942,0.9362252,0.856917578537637,0.9832542,0.728171586408579,0.814531909273405,0.931935710209643,0.97494849749485,0.98561300071935,0.9253235,0.980538099026905,0.8828678,0.86904219345211,0.857754485775449,0.705947044107943,0.617273538272646,0.9728653,0.635604563560456,0.717595114120244,0.720379272037927,0.8682083,0.7467726,0.529707523514624,0.541955308391062,0.986393499319675,0.718087285904364,0.96527650347235,0.9453623,0.822624108868795,0.7486592,0.9611368,0.8950182,0.651135417443229,0.683618215819089,0.93973609397361,0.930806089620913,0.928109914378017,0.884199328950168,0.9416705,0.826887182688718,0.8866689,0.6887769,0.98696939869694,0.875030718745392,0.99032480048376,0.6342722,0.866258686625869,0.7280174,0.932655806734419,0.706654514667274,0.646374317681284,0.606616519669174,0.5665961,0.9012019,0,0.658562002431399,0.874887381233107,0.8568211
"IG049",0.91974072006482,0.81218147512741,0.601608279678344,0.661967218311474,0.609025358646196,0.805489648627588,0.621097713670686,0.664132650380102,0.903230919353816,0.994055102080714,0.991865502440349,0.795983761204872,0.96775180161241,0.933641116589721,0.724114496559926,0.844940446517866,0.951602521778865,0.53082051729487,0.68829262468295,0.75146848698603,0.945370224583399,0.48307240338552,0.417142387428642,0.934434816391296,0.874577737626679,0.809261576295369,0.893195542721783,0.982285605314318,0.686477694056692,0.81287017485193,0.788656673970164,0.861491627701674,0.785944264216721,0.860097127980575,0.717375698918505,0.720753297736345,0.823493152952054,0.634751891312027,0.769022869293139,0.67870964458066,0.869092939272118,0.797782630332606,0.9952710014187,0.733162766709308,0.753435386297615,0.934224829598827,0.913046017390797,0.946273418804303,0.8946073316178,0.889791327552168,0.862479741256078,0.708758072810482,0.75909364818127,0.592399283420323,0.799478580208568,0.794294361711691,0.786074342785131,0.779075177323688,0.73108205378359,0.692547292235812,0.736893078932076,0.558894754386836,0.482730851726915,0.983534804116299,0.620747894813027,0.958831916467233,0.960415111875466,0.769557280654952,0.754724473582658,0.708140687557794,0.734423079673076,0.885138540201511,0.702476504133223,0.868305126338975,0.887665516850173,0.7989190005405,0.778472721840002,0.840375547887335,0.73920085215983,0.803157459052762,0.849052745284177,0.945756010848798,0.75405651067457,0.981059606629138,0.705945688216293,0.818597536280493,0.705090288472913,0.704230818307672,0.537849761752583,0.458740589440794,0.544228459520039,0.607563617730915,0.67395469781359,0.658562002431399,0,0.804981629252756,0.625499712350086
"IG112",0.936220387244077,0.87113659355683,0.858644364661091,0.770632277063228,0.918654775596433,0.923094784618957,0.788815668322351,0.935575480672644,0.787483446870862,0.96436329643633,0.986126897919035,0.919674387951158,0.987825995130398,0.934787486957497,0.924581992458199,0.809079671361951,0.980654,0.916292383258477,0.87885479394274,0.97484409748441,0.9729345,0.930415782603946,0.923203376961013,0.824485664897133,0.830446374566956,0.87772759388638,0.837138191856909,0.980286097042914,0.822753973413096,0.86833699341685,0.835410383541038,0.815256753814188,0.811392271708841,0.91731707932927,0.899600289960029,0.894453889445389,0.928638489295773,0.807929361585872,0.881115582167337,0.8047737,0.834424875163731,0.730184219055266,0.99682079952312,0.833161666632333,0.732199173219917,0.9468014,0.944904886226222,0.95151209515121,0.935890490383574,0.894092778818556,0.921880988282148,0.831420166284033,0.789431547357887,0.8011745,0.85283979264199,0.871066380659957,0.820516355129089,0.827930582793058,0.811256052814013,0.804461370669206,0.937919490687924,0.817864581786458,0.863163852107349,0.964875792975159,0.961180992236198,0.987471899373595,0.949036192355429,0.887227088722709,0.945192491778874,0.890755783613368,0.771528565729285,0.99295359929536,0.792264079226408,0.918513179628295,0.939286081785825,0.849599707520015,0.903990409600959,0.918381787757268,0.890445972611493,0.895057784258668,0.912871986930798,0.950991687747922,0.804976100000001,0.95613059561306,0.843776976566546,0.723804730951183,0.957150393572559,0.911347495567374,0.882069488206949,0.801876480187648,0.836148183614818,0.869285080392762,0.852329577849437,0.874887381233107,0.804981629252756,0,0.740527261079089
"IG066",0.883168094158405,0.889461611053839,0.832136683213668,0.642840217857989,0.678746951812042,0.937468296873415,0.7232297,0.828375074256261,0.852072285207228,0.943507902824605,0.9417084,0.9057998,0.959783089945772,0.945571497278575,0.734228413288579,0.8721671,0.951854907221764,0.716115485805774,0.828305517169448,0.97061060146947,0.956374706543794,0.680791668079166,0.679750251962537,0.908721295436065,0.6241179,0.585614141438586,0.865862113413789,0.9456149,0.7271042,0.679139332086067,0.584407320779634,0.764767976476798,0.7277466,0.871931287193128,0.8932160053392,0.81881640905918,0.8131586,0.619333880966694,0.626374899999999,0.808975828653625,0.9673423,0.81898427284764,0.9981469,0.657464082873204,0.553560222321988,0.906513614022958,0.889380088938009,0.926618903669054,0.908740899999999,0.90074419503721,0.8397701,0.560608778030439,0.727728172772817,0.764677335298399,0.786330821366918,0.8117362,0.642599864259986,0.668142616592869,0.757943775794377,0.4813116,0.9442629,0.595405220229739,0.682532836506567,0.984700699235035,0.749979887498994,0.98198270180173,0.9476298,0.843183307840834,0.888457999999999,0.7248772,0.8430702,0.925644503717775,0.603622319818884,0.904481790448179,0.901080885162133,0.887425622514875,0.886133028466742,0.8937889,0.828408682840868,0.8074021,0.869772,0.96298929629893,0.621379556793067,0.966156501692175,0.7776235,0.750080375008037,0.5983718,0.674246232575377,0.705470614726469,0.629555118522244,0.639656218017188,0.7667526,0.6603981,0.8568211,0.625499712350086,0.740527261079089,0
