"","IG046","IG096","IG013","IG022","IG023","IG024","IG107","IG108","IG114","IG116","IG118","IG025","IG054","IG056","IG057","IG058","IG059","IG042","IG074","IG075","IG081","IG082","IG083","IG011","IG103","IG104","IG105","IG014","IG017","IG026","IG106","IG027","IG019","IG020","IG029","IG030","IG033","IG036","IG038","IG039","IG040","IG041","IG047","IG077","IG012","IG078","IG080","IG085","IG084","IG070","IG101","IG060","IG061","IG062","IG063","IG064","IG065","IG067","IG068","IG069","IG045","IG102","IG021","IG113","IG119","IG120","IG055","IG072","IG073","IG015","IG016","IG018","IG051","IG052","IG037","IG028","IG031","IG110","IG034","IG035","IG099","IG044","IG076","IG079","IG111","IG087","IG089","IG090","IG091","IG092","IG093","IG094","IG095","IG048","IG049","IG112","IG066"
"IG046",0,0.848484848484848,0.868421052631579,0.846153846153846,0.838709677419355,0.74,0.847826086956522,0.833333333333333,0.950617283950617,0.837837837837838,0.9375,0.764705882352941,0.989130434782609,0.947826086956522,0.93859649122807,0.917808219178082,0.884615384615385,0.879518072289157,0.844155844155844,0.8125,0.865671641791045,0.946236559139785,0.852631578947368,0.803921568627451,0.897959183673469,0.93421052631579,0.866666666666667,0.962264150943396,0.816901408450704,0.826086956521739,0.854545454545455,0.830769230769231,0.893333333333333,0.894736842105263,0.787234042553192,0.901960784313726,0.875,0.878787878787879,0.847826086956522,0.875,0.890625,0.903614457831325,0.947368421052632,0.875,0.855072463768116,0.904109589041096,0.91578947368421,0.91044776119403,0.851851851851852,0.865384615384615,0.8,0.925373134328358,0.915966386554622,0.830985915492958,0.783333333333333,0.859154929577465,0.808510638297872,0.884615384615385,0.779661016949152,0.830188679245283,0.708333333333333,0.822222222222222,0.847457627118644,0.981132075471698,0.88235294117647,0.933333333333333,0.928571428571429,0.86,0.918032786885246,0.833333333333333,0.74,0.833333333333333,0.838235294117647,0.829787234042553,0.924242424242424,0.883333333333333,0.83495145631068,0.849056603773585,0.83495145631068,0.816901408450704,0.787234042553192,0.914893617021277,0.927007299270073,0.928571428571429,0.8,0.833333333333333,0.877551020408163,0.857142857142857,0.808823529411765,0.854545454545455,0.857142857142857,0.854545454545455,0.89041095890411,0.833333333333333,0.885057471264368,0.862068965517241,0.9
"IG096",0.848484848484848,0,0.717948717948718,0.691176470588235,0.815533980582524,0.796875,0.711538461538462,0.793103448275862,0.912087912087912,0.903846153846154,0.933333333333333,0.833333333333333,0.971153846153846,0.846153846153846,0.884297520661157,0.865853658536585,0.8,0.83695652173913,0.829545454545454,0.888888888888889,0.91566265060241,0.912621359223301,0.794117647058823,0.790322580645161,0.785714285714286,0.82716049382716,0.738461538461538,0.85,0.804878048780488,0.763636363636364,0.777777777777778,0.695652173913044,0.802469135802469,0.870967741935484,0.775862068965517,0.714285714285714,0.84070796460177,0.798076923076923,0.803571428571429,0.822916666666667,0.819444444444444,0.870967741935484,0.972222222222222,0.696969696969697,0.708333333333333,0.712328767123288,0.885714285714286,0.87012987012987,0.793650793650794,0.783333333333333,0.786885245901639,0.82089552238806,0.874015748031496,0.772151898734177,0.739130434782609,0.869047619047619,0.679245283018868,0.736842105263158,0.753623188405797,0.711864406779661,0.865671641791045,0.824561403508772,0.71875,0.953846153846154,0.816666666666667,0.892857142857143,0.833333333333333,0.780952380952381,0.823529411764706,0.833333333333333,0.850746268656717,0.857142857142857,0.743243243243243,0.830188679245283,0.866666666666667,0.859154929577465,0.824561403508772,0.846153846153846,0.770642201834862,0.743589743589744,0.732142857142857,0.934426229508197,0.824817518248175,0.901234567901235,0.716049382716049,0.833333333333333,0.789473684210526,0.716417910447761,0.782051282051282,0.737704918032787,0.740740740740741,0.625,0.75,0.764705882352941,0.819148936170213,0.75,0.818181818181818
"IG013",0.868421052631579,0.717948717948718,0,0.68,0.777777777777778,0.681818181818182,0.737704918032787,0.787878787878788,0.931372549019608,0.919354838709677,0.964285714285714,0.698795180722892,0.973684210526316,0.858267716535433,0.917910447761194,0.855555555555556,0.828571428571429,0.83,0.744444444444444,0.837209302325581,0.901098901098901,0.85981308411215,0.733333333333333,0.768115942028985,0.818181818181818,0.75,0.73972602739726,0.887323943661972,0.786516853932584,0.78125,0.808219178082192,0.823529411764706,0.784090909090909,0.863636363636364,0.734375,0.704761904761905,0.815126050420168,0.714285714285714,0.833333333333333,0.77,0.79746835443038,0.838383838383838,0.962962962962963,0.702702702702703,0.7125,0.716049382716049,0.905172413793104,0.845238095238095,0.837837837837838,0.779411764705882,0.833333333333333,0.746268656716418,0.83206106870229,0.710843373493976,0.756410256410256,0.820224719101124,0.787878787878788,0.811594202898551,0.784810126582278,0.788732394366197,0.883116883116883,0.796875,0.647058823529412,0.973684210526316,0.826086956521739,0.892307692307692,0.878260869565217,0.767857142857143,0.767123287671233,0.841269841269841,0.791666666666667,0.9,0.773809523809524,0.803571428571429,0.79746835443038,0.753424657534246,0.789915966386555,0.866666666666667,0.690909090909091,0.597402597402597,0.734375,0.928571428571429,0.828767123287671,0.923913043478261,0.774193548387097,0.757142857142857,0.803030303030303,0.702702702702703,0.764705882352941,0.661538461538462,0.634146341463415,0.757142857142857,0.734939759036145,0.82258064516129,0.712765957446808,0.783783783783784,0.797619047619048
"IG022",0.846153846153846,0.691176470588235,0.68,0,0.801980198019802,0.733333333333333,0.653061224489796,0.767857142857143,0.886363636363636,0.833333333333333,0.931818181818182,0.845238095238095,0.95049504950495,0.834782608695652,0.883333333333333,0.82051282051282,0.873015873015873,0.752941176470588,0.657894736842105,0.873417721518987,0.914634146341463,0.819148936170213,0.71578947368421,0.766666666666667,0.711538461538462,0.794871794871795,0.808823529411765,0.827586206896552,0.817073170731707,0.781818181818182,0.754098360655738,0.746478873239437,0.647887323943662,0.811965811965812,0.793103448275862,0.737373737373737,0.725490196078431,0.747474747474748,0.754716981132076,0.769230769230769,0.88,0.893617021276596,0.957142857142857,0.671875,0.73972602739726,0.726027397260274,0.851485148514851,0.696969696969697,0.770491803278689,0.736842105263158,0.82258064516129,0.792307692307692,0.816666666666667,0.753246753246753,0.735294117647059,0.810126582278481,0.673076923076923,0.732142857142857,0.671875,0.660714285714286,0.846153846153846,0.8,0.714285714285714,0.953125,0.793103448275862,0.87037037037037,0.808080808080808,0.704081632653061,0.746031746031746,0.851851851851852,0.848484848484848,0.9,0.722222222222222,0.805825242718447,0.746268656716418,0.805970149253731,0.8125,0.84375,0.768518518518519,0.723684210526316,0.627450980392157,0.950819672131147,0.769230769230769,0.91358024691358,0.773809523809524,0.8125,0.666666666666667,0.629032258064516,0.763157894736842,0.733333333333333,0.597222222222222,0.642857142857143,0.657142857142857,0.807692307692308,0.791208791208791,0.725806451612903,0.714285714285714
"IG023",0.838709677419355,0.815533980582524,0.777777777777778,0.801980198019802,0,0.761363636363636,0.862068965517241,0.827586206896552,0.934959349593496,0.914634146341463,0.961038961038961,0.673469387755102,0.97037037037037,0.908496732026144,0.92258064516129,0.903508771929825,0.893617021276596,0.712962962962963,0.836206896551724,0.815533980582524,0.826923076923077,0.809917355371901,0.739837398373984,0.885416666666667,0.888888888888889,0.79047619047619,0.8125,0.936842105263158,0.737864077669903,0.876404494382023,0.864583333333333,0.85981308411215,0.805555555555556,0.797202797202797,0.829545454545454,0.82089552238806,0.765151515151515,0.723577235772358,0.887640449438202,0.669724770642202,0.864077669902913,0.818965517241379,0.95049504950495,0.854368932038835,0.831775700934579,0.833333333333333,0.888059701492537,0.844660194174757,0.863157894736842,0.846153846153846,0.835164835164835,0.75,0.784722222222222,0.683673469387755,0.760416666666667,0.778846153846154,0.866666666666667,0.869565217391304,0.795918367346939,0.838709677419355,0.786516853932584,0.835294117647059,0.8,0.969072164948454,0.816091954022989,0.853658536585366,0.913669064748201,0.796992481203007,0.891089108910891,0.869047619047619,0.827956989247312,0.91358024691358,0.75,0.689075630252101,0.818181818181818,0.730337078651685,0.692913385826772,0.770114942528736,0.703125,0.796296296296296,0.802325581395349,0.945652173913044,0.786163522012579,0.947826086956522,0.740740740740741,0.827956989247312,0.825581395348837,0.74468085106383,0.766990291262136,0.802197802197802,0.759259259259259,0.864583333333333,0.824074074074074,0.908045977011494,0.675925925925926,0.868686868686869,0.850467289719626
"IG024",0.74,0.796875,0.681818181818182,0.733333333333333,0.761363636363636,0,0.772727272727273,0.787234042553192,0.963855421686747,0.871794871794872,0.939393939393939,0.712121212121212,0.978260869565217,0.929824561403509,0.929824561403509,0.857142857142857,0.82,0.839506172839506,0.831168831168831,0.796875,0.915492957746479,0.887640449438202,0.804347826086956,0.807692307692308,0.75,0.811594202898551,0.767857142857143,0.923076923076923,0.768115942028985,0.75,0.814814814814815,0.815384615384615,0.782608695652174,0.876106194690265,0.711111111111111,0.835051546391753,0.854368932038835,0.821052631578947,0.714285714285714,0.850574712643678,0.838709677419355,0.805194805194805,0.890909090909091,0.76271186440678,0.75,0.842857142857143,0.927835051546392,0.825396825396825,0.74,0.723404255319149,0.87037037037037,0.84,0.859649122807018,0.707692307692308,0.724137931034483,0.811594202898551,0.760869565217391,0.82,0.741379310344828,0.6875,0.788461538461539,0.772727272727273,0.69811320754717,0.981481481481482,0.816326530612245,0.833333333333333,0.95049504950495,0.826530612244898,0.803571428571429,0.888888888888889,0.72,0.837837837837838,0.769230769230769,0.806451612903226,0.736842105263158,0.716981132075472,0.801980198019802,0.872727272727273,0.801980198019802,0.768115942028985,0.651162790697674,0.869565217391304,0.895522388059701,0.944444444444444,0.77027027027027,0.72,0.782608695652174,0.741379310344828,0.794117647058823,0.72,0.746478873239437,0.836363636363636,0.757575757575757,0.780487804878049,0.759493670886076,0.781818181818182,0.8
"IG107",0.847826086956522,0.711538461538462,0.737704918032787,0.653061224489796,0.862068965517241,0.772727272727273,0,0.657142857142857,0.914285714285714,0.785714285714286,0.863636363636364,0.846153846153846,0.975609756097561,0.912621359223301,0.943396226415094,0.888888888888889,0.86046511627907,0.833333333333333,0.787878787878788,0.864406779661017,0.901639344262295,0.927710843373494,0.823529411764706,0.761904761904762,0.783783783783784,0.819672131147541,0.770833333333333,0.82051282051282,0.863636363636364,0.75,0.826086956521739,0.759259259259259,0.806451612903226,0.906542056074766,0.736842105263158,0.842696629213483,0.863157894736842,0.853932584269663,0.777777777777778,0.81578947368421,0.872727272727273,0.876712328767123,1,0.74,0.727272727272727,0.754385964912281,0.894117647058823,0.836363636363636,0.767441860465116,0.68421052631579,0.785714285714286,0.875,0.846153846153846,0.786885245901639,0.745098039215686,0.892307692307692,0.657142857142857,0.710526315789474,0.74,0.738095238095238,0.822222222222222,0.705882352941176,0.717391304347826,0.928571428571429,0.8,0.818181818181818,0.883720930232558,0.820224719101124,0.787234042553192,0.787878787878788,0.851063829787234,0.862068965517241,0.813559322033898,0.877777777777778,0.851851851851852,0.84,0.878787878787879,0.869565217391304,0.86734693877551,0.770491803278689,0.736842105263158,0.923076923076923,0.85,0.88135593220339,0.808823529411765,0.8,0.722222222222222,0.74,0.779661016949152,0.744186046511628,0.765625,0.65,0.8,0.75,0.810810810810811,0.760869565217391,0.807017543859649
"IG108",0.833333333333333,0.793103448275862,0.787878787878788,0.767857142857143,0.827586206896552,0.787234042553192,0.657142857142857,0,0.917808219178082,0.878787878787879,0.88,0.818181818181818,0.964285714285714,0.915094339622642,0.925233644859813,0.893939393939394,0.844444444444444,0.824324324324324,0.761194029850746,0.923076923076923,0.939393939393939,0.930232558139535,0.842696629213483,0.804347826086956,0.8,0.80952380952381,0.807692307692308,0.86046511627907,0.885714285714286,0.736842105263158,0.787234042553192,0.813559322033898,0.815384615384615,0.878504672897196,0.785714285714286,0.835164835164835,0.855670103092784,0.846153846153846,0.825,0.8375,0.859649122807018,0.881578947368421,1,0.754716981132076,0.82258064516129,0.806451612903226,0.922222222222222,0.901639344262295,0.808510638297872,0.795454545454545,0.772727272727273,0.85,0.850467289719626,0.758064516129032,0.824561403508772,0.880597014925373,0.75,0.761904761904762,0.777777777777778,0.782608695652174,0.833333333333333,0.61764705882353,0.652173913043478,0.933333333333333,0.813953488372093,0.864864864864865,0.887640449438202,0.813186813186813,0.846153846153846,0.837837837837838,0.836734693877551,0.875,0.76271186440678,0.831460674157303,0.859649122807018,0.803921568627451,0.836734693877551,0.75,0.836734693877551,0.78125,0.75609756097561,0.953488372093023,0.872,0.921875,0.8,0.86,0.775,0.730769230769231,0.790322580645161,0.704545454545455,0.757575757575757,0.760869565217391,0.790322580645161,0.837837837837838,0.802631578947368,0.846153846153846,0.854838709677419
"IG114",0.950617283950617,0.912087912087912,0.931372549019608,0.886363636363636,0.934959349593496,0.963855421686747,0.914285714285714,0.917808219178082,0,0.918032786885246,0.963636363636364,0.961165048543689,0.905660377358491,0.948905109489051,0.909090909090909,0.948453608247423,0.961538461538461,0.91588785046729,0.891089108910891,0.957894736842105,0.912087912087912,0.965811965811966,0.918032786885246,0.95,0.9,0.96,0.929411764705882,0.869565217391304,0.919191919191919,0.959459459459459,0.938271604938272,0.9,0.95049504950495,0.862595419847328,0.947368421052632,0.865546218487395,0.89763779527559,0.936507936507936,0.972972972972973,0.890909090909091,0.955555555555556,0.963636363636364,0.98780487804878,0.908045977011494,0.891304347826087,0.927083333333333,0.833333333333333,0.945054945054945,0.9375,0.935064935064935,0.847222222222222,0.92258064516129,0.898550724637681,0.88421052631579,0.933333333333333,0.938775510204082,0.932432432432432,0.875,0.82716049382716,0.924050632911392,0.9375,0.944444444444444,0.954022988505747,0.867647058823529,0.947368421052632,0.971014492753623,0.87719298245614,0.912698412698413,0.965116279069767,0.892307692307692,0.938271604938272,0.968253968253968,0.948453608247423,0.91869918699187,0.978260869565217,0.953488372093023,0.891472868217054,0.88,0.924812030075188,0.919191919191919,0.918918918918919,0.972222222222222,0.859060402684564,0.833333333333333,0.923809523809524,0.938271604938272,0.931506849315069,0.88235294117647,0.927835051546392,0.938271604938272,0.922330097087379,0.897435897435897,0.916666666666667,0.956521739130435,0.928571428571429,0.927710843373494,0.91304347826087
"IG116",0.837837837837838,0.903846153846154,0.919354838709677,0.833333333333333,0.914634146341463,0.871794871794872,0.785714285714286,0.878787878787879,0.918032786885246,0,0.846153846153846,0.934426229508197,0.986301369863014,0.98,0.96969696969697,0.947368421052632,0.945945945945946,0.911764705882353,0.90625,0.88235294117647,0.924528301886792,0.974025974025974,0.928571428571429,0.864864864864865,0.90625,0.966666666666667,0.934782608695652,0.909090909090909,0.916666666666667,0.939393939393939,0.9,0.88235294117647,0.933333333333333,0.919191919191919,0.914285714285714,0.918604651162791,0.886363636363636,0.942528735632184,0.96969696969697,0.888888888888889,0.96,0.956521739130435,0.975,0.895833333333333,0.909090909090909,0.910714285714286,0.923076923076923,0.897959183673469,0.897435897435897,0.857142857142857,0.828571428571429,0.940677966101695,0.932038834951456,0.896551724137931,0.92,0.931034482758621,0.911764705882353,0.916666666666667,0.822222222222222,0.951219512195122,0.925,0.903225806451613,0.886363636363636,0.939393939393939,0.972972972972973,0.925925925925926,0.963855421686747,0.895348837209302,0.931818181818182,0.75,0.9,0.954545454545454,0.928571428571429,0.929411764705882,0.980392156862745,0.933333333333333,0.925531914893617,0.864864864864865,0.936842105263158,0.879310344827586,0.88235294117647,0.933333333333333,0.950819672131147,0.901960784313726,0.907692307692308,0.9,0.838709677419355,0.895833333333333,0.912280701754386,0.842105263157895,0.887096774193548,0.9,0.931034482758621,0.928571428571429,0.945945945945946,0.853658536585366,0.925925925925926
"IG118",0.9375,0.933333333333333,0.964285714285714,0.931818181818182,0.961038961038961,0.939393939393939,0.863636363636364,0.88,0.963636363636364,0.846153846153846,0,0.962962962962963,0.984375,0.989130434782609,0.978021978021978,0.98,0.888888888888889,0.951612903225806,0.948275862068966,0.956521739130435,0.978723404255319,0.985507246376812,0.974683544303797,0.96875,0.96,0.96078431372549,0.974358974358974,0.92,0.943396226415094,0.916666666666667,0.939393939393939,0.933333333333333,0.962264150943396,0.968421052631579,0.964285714285714,0.962962962962963,0.965116279069767,0.9625,0.91304347826087,0.955882352941176,1,0.967213114754098,1,0.952380952380952,0.959183673469388,0.96,0.958333333333333,0.953488372093023,0.9375,0.931034482758621,0.933333333333333,0.973451327433628,0.969387755102041,0.962264150943396,0.953488372093023,0.94,0.923076923076923,0.928571428571429,0.926829268292683,0.96969696969697,0.96969696969697,0.91304347826087,0.947368421052632,0.916666666666667,0.964285714285714,0.888888888888889,0.973333333333333,0.963855421686747,0.944444444444444,0.833333333333333,0.939393939393939,0.923076923076923,0.9375,0.975,0.951219512195122,0.973684210526316,0.966292134831461,0.935483870967742,0.977777777777778,0.943396226415094,0.964285714285714,1,0.974137931034483,0.955555555555556,0.949152542372881,0.939393939393939,0.875,0.926829268292683,0.94,0.939393939393939,0.947368421052632,0.90625,0.96078431372549,0.894736842105263,0.970149253731343,0.914285714285714,0.934782608695652
"IG025",0.764705882352941,0.833333333333333,0.698795180722892,0.845238095238095,0.673469387755102,0.712121212121212,0.846153846153846,0.818181818181818,0.961165048543689,0.934426229508197,0.962962962962963,0,0.982300884955752,0.924812030075188,0.948529411764706,0.913978494623656,0.888888888888889,0.861386138613861,0.855670103092784,0.847058823529412,0.819277108433735,0.888888888888889,0.775700934579439,0.847222222222222,0.88235294117647,0.816091954022989,0.783783783783784,0.945205479452055,0.781609195402299,0.830769230769231,0.851351351351351,0.873563218390805,0.846153846153846,0.870229007633588,0.765625,0.864406779661017,0.851239669421488,0.790909090909091,0.863636363636364,0.752577319587629,0.822784810126582,0.78494623655914,0.921052631578947,0.825,0.783132530120482,0.827586206896552,0.940677966101695,0.908045977011494,0.833333333333333,0.842857142857143,0.845070422535211,0.822695035460993,0.847328244274809,0.719512195121951,0.766233766233766,0.842696629213483,0.818181818181818,0.873239436619718,0.779220779220779,0.782608695652174,0.727272727272727,0.790322580645161,0.714285714285714,0.986666666666667,0.803030303030303,0.852459016393443,0.932773109243697,0.847457627118644,0.857142857142857,0.873015873015873,0.835616438356164,0.896551724137931,0.811764705882353,0.742857142857143,0.8375,0.651515151515151,0.80672268907563,0.830985915492958,0.743362831858407,0.795454545454545,0.784615384615385,0.91044776119403,0.873333333333333,0.945652173913044,0.755555555555555,0.785714285714286,0.850746268656717,0.763157894736842,0.773809523809524,0.75,0.777777777777778,0.866666666666667,0.842696629213483,0.854838709677419,0.706521739130435,0.871794871794872,0.875
"IG054",0.989130434782609,0.971153846153846,0.973684210526316,0.95049504950495,0.97037037037037,0.978260869565217,0.975609756097561,0.964285714285714,0.905660377358491,0.986301369863014,0.984375,0.982300884955752,0,0.857142857142857,0.764227642276423,0.842105263157895,0.94047619047619,0.957983193277311,0.909090909090909,0.980952380952381,0.971153846153846,0.968,0.962962962962963,0.977777777777778,0.9375,0.953271028037383,0.96875,0.951219512195122,0.982300884955752,0.975903614457831,0.978260869565217,0.93,0.944444444444444,0.870503597122302,0.988505747126437,0.932835820895522,0.911764705882353,0.948148148148148,0.962962962962963,0.96,0.99009900990099,0.983333333333333,0.988888888888889,0.95959595959596,0.932038834951456,0.972222222222222,0.873949579831933,0.938775510204082,0.966666666666667,0.96551724137931,0.965909090909091,0.939393939393939,0.918918918918919,0.972972972972973,0.980392156862745,0.933333333333333,0.976470588235294,0.94047619047619,0.948979591836735,0.966666666666667,0.955056179775281,0.962962962962963,0.979381443298969,0.924050632911392,0.926829268292683,0.974025974025974,0.847457627118644,0.964285714285714,0.968085106382979,0.947368421052632,0.967032967032967,1,0.962264150943396,0.963235294117647,0.959183673469388,0.979166666666667,0.958620689655172,0.954545454545454,0.965753424657534,0.963963963963964,0.964705882352941,0.987654320987654,0.894409937888199,0.94,0.965811965811966,0.978260869565217,0.988235294117647,0.948979591836735,0.981818181818182,0.989247311827957,0.965217391304348,0.955555555555556,0.901960784313726,0.987341772151899,0.959349593495935,0.945652173913044,0.930693069306931
"IG056",0.947826086956522,0.846153846153846,0.858267716535433,0.834782608695652,0.908496732026144,0.929824561403509,0.912621359223301,0.915094339622642,0.948905109489051,0.98,0.989130434782609,0.924812030075188,0.857142857142857,0,0.758620689655172,0.745454545454545,0.885714285714286,0.929577464788732,0.825396825396825,0.969465648854962,0.9453125,0.924657534246575,0.87248322147651,0.909090909090909,0.87,0.888888888888889,0.885964912280702,0.934579439252336,0.924812030075188,0.881188118811881,0.87037037037037,0.875,0.854838709677419,0.898809523809524,0.935779816513761,0.8125,0.857142857142857,0.866666666666667,0.901960784313726,0.910344827586207,0.934426229508197,0.936170212765957,0.991525423728813,0.81981981981982,0.878048780487805,0.896825396825397,0.905405405405405,0.88135593220339,0.9,0.91743119266055,0.927927927927928,0.884615384615385,0.887573964497041,0.916030534351145,0.909090909090909,0.947368421052632,0.894230769230769,0.885714285714286,0.889830508474576,0.889908256880734,0.956896551724138,0.912621359223301,0.895652173913044,0.972727272727273,0.884615384615385,0.980952380952381,0.757575757575757,0.854304635761589,0.863636363636364,0.941176470588235,0.948275862068966,0.969387755102041,0.868852459016394,0.888157894736842,0.916666666666667,0.932203389830508,0.901840490797546,0.928571428571429,0.867088607594937,0.891472868217054,0.84,0.981481481481482,0.842696629213483,0.961240310077519,0.904411764705882,0.920353982300885,0.903846153846154,0.860869565217391,0.939393939393939,0.910714285714286,0.84251968503937,0.849056603773585,0.823529411764706,0.897959183673469,0.869565217391304,0.893805309734513,0.857142857142857
"IG057",0.93859649122807,0.884297520661157,0.917910447761194,0.883333333333333,0.92258064516129,0.929824561403509,0.943396226415094,0.925233644859813,0.909090909090909,0.96969696969697,0.978021978021978,0.948529411764706,0.764227642276423,0.758620689655172,0,0.745454545454545,0.916666666666667,0.906474820143885,0.84375,0.977272727272727,0.953488372093023,0.917241379310345,0.901960784313726,0.928571428571429,0.881188118811881,0.888888888888889,0.923728813559322,0.954128440366972,0.916666666666667,0.94392523364486,0.910714285714286,0.826086956521739,0.873015873015873,0.850931677018633,0.964285714285714,0.844594594594595,0.857142857142857,0.874172185430464,0.923076923076923,0.910344827586207,0.968253968253968,0.951048951048951,0.982905982905983,0.889830508474576,0.904761904761905,0.946969696969697,0.882758620689655,0.909090909090909,0.947826086956522,0.936936936936937,0.946902654867257,0.896739130434783,0.887573964497041,0.940298507462687,0.952380952380952,0.923076923076923,0.935185185185185,0.906542056074766,0.899159663865546,0.919642857142857,0.93859649122807,0.933333333333333,0.923728813559322,0.94392523364486,0.945454545454545,0.980952380952381,0.698412698412698,0.891025641025641,0.922413793103448,0.951456310679612,0.939130434782609,0.969387755102041,0.913385826771653,0.888157894736842,0.925619834710744,0.941176470588235,0.895061728395062,0.918918918918919,0.895061728395062,0.9,0.895238095238095,0.981481481481482,0.822857142857143,0.919354838709677,0.928057553956835,0.957264957264957,0.934579439252336,0.908333333333333,0.947368421052632,0.939130434782609,0.902985074626866,0.849056603773585,0.870967741935484,0.951456310679612,0.901408450704225,0.922413793103448,0.866666666666667
"IG058",0.917808219178082,0.865853658536585,0.855555555555556,0.82051282051282,0.903508771929825,0.857142857142857,0.888888888888889,0.893939393939394,0.948453608247423,0.947368421052632,0.98,0.913978494623656,0.842105263157895,0.745454545454545,0.745454545454545,0,0.790322580645161,0.942307692307692,0.835164835164835,0.931034482758621,0.955056179775281,0.925233644859813,0.854545454545455,0.885714285714286,0.816666666666667,0.873563218390805,0.866666666666667,0.925373134328358,0.913978494623656,0.854838709677419,0.805970149253731,0.879518072289157,0.837209302325581,0.865079365079365,0.911764705882353,0.81651376146789,0.883333333333333,0.896551724137931,0.852459016393443,0.905660377358491,0.939759036144578,0.909090909090909,0.959459459459459,0.780821917808219,0.8,0.858823529411765,0.909090909090909,0.875,0.887323943661972,0.865671641791045,0.930555555555556,0.881944444444444,0.876923076923077,0.876404494382023,0.860759493670886,0.911111111111111,0.876923076923077,0.846153846153846,0.873417721518987,0.855072463768116,0.932432432432432,0.852459016393443,0.851351351351351,0.971014492753623,0.861538461538462,0.951612903225806,0.78,0.870689655172414,0.814285714285714,0.935483870967742,0.918918918918919,0.964912280701754,0.829268292682927,0.866071428571429,0.826666666666667,0.909090909090909,0.912698412698413,0.931506849315069,0.895161290322581,0.902173913043478,0.84375,0.953846153846154,0.861111111111111,0.966292134831461,0.861702127659574,0.857142857142857,0.892307692307692,0.844155844155844,0.898876404494382,0.904109589041096,0.858695652173913,0.769230769230769,0.790123456790124,0.88135593220339,0.871287128712871,0.847222222222222,0.825
"IG059",0.884615384615385,0.8,0.828571428571429,0.873015873015873,0.893617021276596,0.82,0.86046511627907,0.844444444444444,0.961538461538461,0.945945945945946,0.888888888888889,0.888888888888889,0.94047619047619,0.885714285714286,0.916666666666667,0.790322580645161,0,0.94047619047619,0.896103896103896,0.941176470588235,0.971428571428571,0.978260869565217,0.894736842105263,0.86,0.936170212765957,0.884057971014493,0.915254237288136,0.914893617021277,0.873239436619718,0.780487804878049,0.843137254901961,0.857142857142857,0.855072463768116,0.939130434782609,0.895833333333333,0.863157894736842,0.933962264150943,0.908163265306122,0.804878048780488,0.932584269662921,0.901639344262295,0.89873417721519,0.901960784313726,0.763636363636364,0.828125,0.830769230769231,0.957894736842105,0.921875,0.816326530612245,0.9,0.901960784313726,0.89763779527559,0.922413793103448,0.871428571428571,0.85,0.959459459459459,0.844444444444444,0.92,0.866666666666667,0.84,0.905660377358491,0.911111111111111,0.836363636363636,0.936170212765957,0.872340425531915,0.9,0.89010989010989,0.910891089108911,0.807692307692308,0.928571428571429,0.907407407407407,0.88235294117647,0.80952380952381,0.929292929292929,0.824561403508772,0.932203389830508,0.905660377358491,0.944444444444444,0.884615384615385,0.888888888888889,0.847826086956522,0.906976744186046,0.924812030075188,0.971014492753623,0.868421052631579,0.865384615384615,0.891304347826087,0.866666666666667,0.915492957746479,0.907407407407407,0.849315068493151,0.795918367346939,0.815384615384615,0.783783783783784,0.905882352941176,0.892857142857143,0.876923076923077
"IG042",0.879518072289157,0.83695652173913,0.83,0.752941176470588,0.712962962962963,0.839506172839506,0.833333333333333,0.824324324324324,0.91588785046729,0.911764705882353,0.951612903225806,0.861386138613861,0.957983193277311,0.929577464788732,0.906474820143885,0.942307692307692,0.94047619047619,0,0.787878787878788,0.83695652173913,0.873684210526316,0.747572815533981,0.75,0.864197530864198,0.896103896103896,0.845360824742268,0.862068965517241,0.911392405063291,0.763440860215054,0.91025641025641,0.894117647058823,0.83695652173913,0.848484848484848,0.753968253968254,0.857142857142857,0.874015748031496,0.735042735042735,0.709090909090909,0.894736842105263,0.75,0.914893617021277,0.900900900900901,0.97752808988764,0.855555555555556,0.865979381443299,0.86734693877551,0.844827586206896,0.818181818181818,0.892857142857143,0.81578947368421,0.8625,0.80952380952381,0.787878787878788,0.747252747252747,0.818181818181818,0.697674418604651,0.87012987012987,0.780821917808219,0.816091954022989,0.8375,0.851851851851852,0.894736842105263,0.821428571428572,0.963414634146341,0.886075949367089,0.887323943661972,0.9375,0.760683760683761,0.897727272727273,0.840579710144927,0.880952380952381,0.942028985507246,0.842105263157895,0.773913043478261,0.827586206896552,0.804878048780488,0.792,0.835443037974683,0.811023622047244,0.763440860215054,0.826666666666667,0.975,0.789115646258503,0.907216494845361,0.813725490196078,0.880952380952381,0.788732394366197,0.773809523809524,0.769230769230769,0.794871794871795,0.760416666666667,0.853658536585366,0.868686868686869,0.947368421052632,0.792452830188679,0.817073170731707,0.758620689655172
"IG074",0.844155844155844,0.829545454545454,0.744444444444444,0.657894736842105,0.836206896551724,0.831168831168831,0.787878787878788,0.761194029850746,0.891089108910891,0.90625,0.948275862068966,0.855670103092784,0.909090909090909,0.825396825396825,0.84375,0.835164835164835,0.896103896103896,0.787878787878788,0,0.829545454545454,0.89247311827957,0.80952380952381,0.704761904761905,0.72463768115942,0.808823529411765,0.744186046511628,0.8125,0.876712328767123,0.819148936170213,0.791044776119403,0.767123287671233,0.759036144578313,0.735632183908046,0.795275590551181,0.864864864864865,0.700934579439252,0.725663716814159,0.673076923076923,0.805970149253731,0.788461538461539,0.886363636363636,0.91743119266055,0.976470588235294,0.777777777777778,0.767441860465116,0.811111111111111,0.849557522123894,0.795180722891566,0.813333333333333,0.788732394366197,0.791666666666667,0.804195804195804,0.818181818181818,0.804347826086956,0.795180722891566,0.813186813186813,0.742424242424242,0.75,0.730769230769231,0.780821917808219,0.8875,0.823529411764706,0.75,0.93421052631579,0.816901408450704,0.91304347826087,0.788990825688073,0.631067961165048,0.63235294117647,0.848484848484848,0.860759493670886,0.904761904761905,0.767441860465116,0.787610619469027,0.847058823529412,0.853658536585366,0.804878048780488,0.857142857142857,0.764705882352941,0.662650602409638,0.764705882352941,0.96,0.808219178082192,0.914893617021277,0.83,0.860759493670886,0.738461538461538,0.68,0.758620689655172,0.75,0.662790697674419,0.75,0.744186046511628,0.830769230769231,0.796116504854369,0.743243243243243,0.666666666666667
"IG075",0.8125,0.888888888888889,0.837209302325581,0.873417721518987,0.815533980582524,0.796875,0.864406779661017,0.923076923076923,0.957894736842105,0.88235294117647,0.956521739130435,0.847058823529412,0.980952380952381,0.969465648854962,0.977272727272727,0.931034482758621,0.941176470588235,0.83695652173913,0.829545454545454,0,0.846153846153846,0.891089108910891,0.861111111111111,0.846153846153846,0.9375,0.895348837209302,0.828571428571429,0.970149253731343,0.819277108433735,0.885245901639344,0.884057971014493,0.875,0.910112359550562,0.870967741935484,0.816666666666667,0.864864864864865,0.860869565217391,0.883928571428571,0.919354838709677,0.881188118811881,0.866666666666667,0.917525773195876,0.95774647887324,0.897435897435897,0.8375,0.931818181818182,0.89622641509434,0.925925925925926,0.929577464788732,0.783333333333333,0.895522388059701,0.902777777777778,0.9,0.831325301204819,0.808219178082192,0.82716049382716,0.870967741935484,0.875,0.897435897435897,0.898550724637681,0.711864406779661,0.901639344262295,0.845070422535211,0.953846153846154,0.955882352941176,0.931034482758621,0.946902654867257,0.825688073394495,0.873239436619718,0.875,0.796875,0.923076923076923,0.892857142857143,0.862385321100917,0.896103896103896,0.826086956521739,0.873949579831933,0.880597014925373,0.854700854700855,0.819277108433735,0.890625,0.916666666666667,0.904761904761905,0.914634146341463,0.869565217391304,0.815384615384615,0.85,0.897435897435897,0.79746835443038,0.815384615384615,0.840909090909091,0.915492957746479,0.895348837209302,0.913793103448276,0.86734693877551,0.873239436619718,0.890243902439024
"IG081",0.865671641791045,0.91566265060241,0.901098901098901,0.914634146341463,0.826923076923077,0.915492957746479,0.901639344262295,0.939393939393939,0.912087912087912,0.924528301886792,0.978723404255319,0.819277108433735,0.971153846153846,0.9453125,0.953488372093023,0.955056179775281,0.971428571428571,0.873684210526316,0.89247311827957,0.846153846153846,0,0.923076923076923,0.861111111111111,0.928571428571429,0.9375,0.956043956043956,0.876712328767123,0.985294117647059,0.898876404494382,0.953846153846154,0.930555555555556,0.888888888888889,0.934065934065934,0.89763779527559,0.907692307692308,0.913793103448276,0.860869565217391,0.873873873873874,0.969230769230769,0.835051546391753,0.924050632911392,0.96039603960396,0.95774647887324,0.911392405063291,0.892857142857143,0.919540229885058,0.926605504587156,0.951807228915663,0.914285714285714,0.893939393939394,0.878787878787879,0.95364238410596,0.916666666666667,0.872093023255814,0.84,0.895348837209302,0.90625,0.941176470588235,0.853333333333333,0.898550724637681,0.830769230769231,0.936507936507936,0.891891891891892,0.96969696969697,0.907692307692308,0.912280701754386,0.946902654867257,0.92436974789916,0.933333333333333,0.875,0.850746268656717,0.943396226415094,0.943181818181818,0.862385321100917,0.975903614457831,0.89041095890411,0.864406779661017,0.790322580645161,0.844827586206896,0.86046511627907,0.873015873015873,0.951612903225806,0.919463087248322,0.901234567901235,0.869565217391304,0.884057971014493,0.904761904761905,0.897435897435897,0.855421686746988,0.833333333333333,0.891304347826087,0.945205479452055,0.944444444444444,0.932203389830508,0.922330097087379,0.918918918918919,0.916666666666667
"IG082",0.946236559139785,0.912621359223301,0.85981308411215,0.819148936170213,0.809917355371901,0.887640449438202,0.927710843373494,0.930232558139535,0.965811965811966,0.974025974025974,0.985507246376812,0.888888888888889,0.968,0.924657534246575,0.917241379310345,0.925233644859813,0.978260869565217,0.747572815533981,0.80952380952381,0.891089108910891,0.923076923076923,0,0.791666666666667,0.897727272727273,0.902439024390244,0.875,0.893617021276596,0.965909090909091,0.857142857142857,0.91566265060241,0.887640449438202,0.912621359223301,0.833333333333333,0.791044776119403,0.931034482758621,0.903703703703704,0.813953488372093,0.754237288135593,0.914634146341463,0.846153846153846,0.971153846153846,0.932773109243697,0.989473684210526,0.92,0.883495145631068,0.91588785046729,0.905511811023622,0.852631578947368,0.946236559139785,0.88235294117647,0.933333333333333,0.831168831168831,0.854166666666667,0.88785046728972,0.920792079207921,0.793814432989691,0.891566265060241,0.853658536585366,0.897959183673469,0.86046511627907,0.911111111111111,0.927710843373494,0.881720430107527,0.98876404494382,0.892857142857143,0.923076923076923,0.93984962406015,0.818897637795276,0.853932584269663,0.924050632911392,0.946808510638298,0.96,0.872549019607843,0.832,0.824175824175824,0.89247311827957,0.885714285714286,0.897727272727273,0.861313868613139,0.823529411764706,0.879518072289157,0.976470588235294,0.803921568627451,0.952830188679245,0.904347826086957,0.946808510638298,0.848101265822785,0.838709677419355,0.864077669902913,0.887640449438202,0.819047619047619,0.887640449438202,0.83,0.950617283950617,0.863247863247863,0.866666666666667,0.78494623655914
"IG083",0.852631578947368,0.794117647058823,0.733333333333333,0.71578947368421,0.739837398373984,0.804347826086956,0.823529411764706,0.842696629213483,0.918032786885246,0.928571428571429,0.974683544303797,0.775700934579439,0.962962962962963,0.87248322147651,0.901960784313726,0.854545454545455,0.894736842105263,0.75,0.704761904761905,0.861111111111111,0.861111111111111,0.791666666666667,0,0.813186813186813,0.865168539325843,0.792452830188679,0.814432989690722,0.891304347826087,0.809090909090909,0.852272727272727,0.817204301075269,0.805825242718447,0.773584905660377,0.78169014084507,0.804597701149425,0.717741935483871,0.708661417322835,0.683333333333333,0.863636363636364,0.752136752136752,0.886792452830189,0.887096774193548,0.950980392156863,0.785714285714286,0.74,0.79047619047619,0.880597014925373,0.8,0.815217391304348,0.847826086956522,0.811111111111111,0.751633986928105,0.769230769230769,0.673469387755102,0.775510204081633,0.803738317757009,0.773809523809524,0.833333333333333,0.706521739130435,0.732558139534884,0.827956989247312,0.837209302325581,0.722222222222222,0.97979797979798,0.818181818181818,0.88235294117647,0.857142857142857,0.658333333333333,0.797872340425532,0.870588235294118,0.829787234042553,0.952941176470588,0.727272727272727,0.733870967741935,0.831683168316832,0.8125,0.744360902255639,0.838709677419355,0.68503937007874,0.663265306122449,0.776470588235294,0.946236559139785,0.73202614379085,0.939130434782609,0.695238095238095,0.854166666666667,0.75609756097561,0.692307692307692,0.732673267326733,0.75,0.578947368421053,0.804347826086956,0.803738317757009,0.870588235294118,0.714285714285714,0.797872340425532,0.721649484536083
"IG011",0.803921568627451,0.790322580645161,0.768115942028985,0.766666666666667,0.885416666666667,0.807692307692308,0.761904761904762,0.804347826086956,0.95,0.864864864864865,0.96875,0.847222222222222,0.977777777777778,0.909090909090909,0.928571428571429,0.885714285714286,0.86,0.864197530864198,0.72463768115942,0.846153846153846,0.928571428571429,0.897727272727273,0.813186813186813,0,0.847826086956522,0.805970149253731,0.735849056603774,0.897959183673469,0.830985915492958,0.707317073170732,0.76,0.80952380952381,0.845070422535211,0.91304347826087,0.857142857142857,0.793478260869565,0.862745098039216,0.842105263157895,0.790697674418605,0.898876404494382,0.888888888888889,0.888888888888889,0.964912280701754,0.754385964912281,0.741935483870968,0.82089552238806,0.891304347826087,0.857142857142857,0.803921568627451,0.739130434782609,0.843137254901961,0.874015748031496,0.896551724137931,0.828571428571429,0.819672131147541,0.904109589041096,0.72093023255814,0.787234042553192,0.732142857142857,0.702127659574468,0.78,0.869565217391304,0.711538461538462,0.980769230769231,0.833333333333333,0.931818181818182,0.893617021276596,0.771739130434783,0.773584905660377,0.933333333333333,0.931034482758621,0.794117647058823,0.835820895522388,0.876288659793814,0.833333333333333,0.842105263157895,0.898148148148148,0.909090909090909,0.821782178217822,0.723076923076923,0.727272727272727,0.91304347826087,0.893939393939394,0.911764705882353,0.844155844155844,0.872727272727273,0.744186046511628,0.775862068965517,0.805970149253731,0.76,0.757142857142857,0.76,0.787878787878788,0.829268292682927,0.814814814814815,0.796296296296296,0.830769230769231
"IG103",0.897959183673469,0.785714285714286,0.818181818181818,0.711538461538462,0.888888888888889,0.75,0.783783783783784,0.8,0.9,0.90625,0.96,0.88235294117647,0.9375,0.87,0.881188118811881,0.816666666666667,0.936170212765957,0.896103896103896,0.808823529411765,0.9375,0.9375,0.902439024390244,0.865168539325843,0.847826086956522,0,0.80327868852459,0.775510204081633,0.906976744186046,0.865671641791045,0.789473684210526,0.75,0.807017543859649,0.75,0.854368932038835,0.833333333333333,0.831460674157303,0.852631578947368,0.816091954022989,0.783783783783784,0.848101265822785,0.932203389830508,0.893333333333333,0.980392156862745,0.814814814814815,0.816666666666667,0.875,0.895348837209302,0.859649122807018,0.851063829787234,0.813953488372093,0.844444444444444,0.87603305785124,0.858490566037736,0.828125,0.839285714285714,0.859375,0.736842105263158,0.717948717948718,0.745098039215686,0.714285714285714,0.875,0.676470588235294,0.8,0.954545454545454,0.804878048780488,0.888888888888889,0.858823529411765,0.847826086956522,0.791666666666667,0.891891891891892,0.877551020408163,0.9375,0.816666666666667,0.866666666666667,0.833333333333333,0.82,0.891089108910891,0.872340425531915,0.857142857142857,0.830769230769231,0.6,0.951219512195122,0.860655737704918,0.919354838709677,0.811594202898551,0.829787234042553,0.763157894736842,0.769230769230769,0.893939393939394,0.777777777777778,0.805970149253731,0.72093023255814,0.719298245614035,0.828571428571429,0.873417721518987,0.739130434782609,0.745454545454545
"IG104",0.93421052631579,0.82716049382716,0.75,0.794871794871795,0.79047619047619,0.811594202898551,0.819672131147541,0.80952380952381,0.96,0.966666666666667,0.96078431372549,0.816091954022989,0.953271028037383,0.888888888888889,0.888888888888889,0.873563218390805,0.884057971014493,0.845360824742268,0.744186046511628,0.895348837209302,0.956043956043956,0.875,0.792452830188679,0.805970149253731,0.80327868852459,0,0.791666666666667,0.895522388059701,0.816091954022989,0.76271186440678,0.794117647058823,0.841463414634146,0.708860759493671,0.893129770992366,0.830769230769231,0.775700934579439,0.857142857142857,0.737864077669903,0.838709677419355,0.82,0.875,0.804347826086956,0.960526315789474,0.818181818181818,0.833333333333333,0.835294117647059,0.910714285714286,0.878048780487805,0.875,0.818181818181818,0.917808219178082,0.765151515151515,0.816,0.785714285714286,0.835443037974683,0.837209302325581,0.828125,0.850746268656717,0.848101265822785,0.808823529411765,0.875,0.8,0.701492537313433,0.986111111111111,0.848484848484848,0.864406779661017,0.882882882882883,0.779816513761468,0.802816901408451,0.9375,0.906666666666667,0.910714285714286,0.710526315789474,0.837837837837838,0.783783783783784,0.805555555555556,0.860655737704918,0.904109589041096,0.811965811965812,0.74390243902439,0.830769230769231,0.970588235294118,0.830985915492958,0.943820224719101,0.827956989247312,0.845070422535211,0.786885245901639,0.753424657534246,0.823529411764706,0.757575757575757,0.679012345679012,0.794117647058823,0.75,0.885245901639344,0.752688172043011,0.866666666666667,0.769230769230769
"IG105",0.866666666666667,0.738461538461538,0.73972602739726,0.808823529411765,0.8125,0.767857142857143,0.770833333333333,0.807692307692308,0.929411764705882,0.934782608695652,0.974358974358974,0.783783783783784,0.96875,0.885964912280702,0.923728813559322,0.866666666666667,0.915254237288136,0.862068965517241,0.8125,0.828571428571429,0.876712328767123,0.893617021276596,0.814432989690722,0.735849056603774,0.775510204081633,0.791666666666667,0,0.948275862068966,0.81578947368421,0.723404255319149,0.69811320754717,0.794117647058823,0.828947368421053,0.890756302521008,0.788461538461539,0.808080808080808,0.850467289719626,0.818181818181818,0.770833333333333,0.820224719101124,0.777777777777778,0.817073170731707,0.952380952380952,0.78125,0.692307692307692,0.853333333333333,0.898989898989899,0.887323943661972,0.847457627118644,0.818181818181818,0.842105263157895,0.828125,0.865546218487395,0.728571428571429,0.746031746031746,0.87012987012987,0.76,0.769230769230769,0.818181818181818,0.716981132075472,0.827586206896552,0.795918367346939,0.678571428571428,0.983050847457627,0.833333333333333,0.897959183673469,0.878787878787879,0.846153846153846,0.838709677419355,0.9,0.810344827586207,0.8,0.819444444444444,0.851485148514851,0.867647058823529,0.783333333333333,0.844036697247706,0.864406779661017,0.822429906542056,0.75,0.74,0.924528301886792,0.883211678832117,0.905405405405405,0.814814814814815,0.767857142857143,0.803921568627451,0.741935483870968,0.808219178082192,0.647058823529412,0.763157894736842,0.789473684210526,0.774647887323944,0.777777777777778,0.74390243902439,0.758620689655172,0.830985915492958
"IG014",0.962264150943396,0.85,0.887323943661972,0.827586206896552,0.936842105263158,0.923076923076923,0.82051282051282,0.86046511627907,0.869565217391304,0.909090909090909,0.92,0.945205479452055,0.951219512195122,0.934579439252336,0.954128440366972,0.925373134328358,0.914893617021277,0.911392405063291,0.876712328767123,0.970149253731343,0.985294117647059,0.965909090909091,0.891304347826087,0.897959183673469,0.906976744186046,0.895522388059701,0.948275862068966,0,0.9,0.906976744186046,0.923076923076923,0.85,0.898550724637681,0.908256880733945,0.91304347826087,0.90625,0.910891089108911,0.905263157894737,0.904761904761905,0.917647058823529,0.950819672131147,0.95,1,0.859649122807018,0.838709677419355,0.893939393939394,0.909090909090909,0.918032786885246,0.9,0.844444444444444,0.822222222222222,0.895161290322581,0.890909090909091,0.865671641791045,0.9,0.878787878787879,0.833333333333333,0.813953488372093,0.879310344827586,0.829787234042553,0.962264150943396,0.904761904761905,0.910714285714286,0.931818181818182,0.837209302325581,0.948717948717949,0.886363636363636,0.873684210526316,0.886792452830189,0.894736842105263,0.962962962962963,1,0.875,0.927083333333333,0.896551724137931,0.947368421052632,0.923809523809524,0.941176470588235,0.923809523809524,0.915492957746479,0.888888888888889,0.976744186046512,0.888888888888889,0.903225806451613,0.907894736842105,0.943396226415094,0.829268292682927,0.839285714285714,0.861538461538462,0.943396226415094,0.875,0.808510638297872,0.911764705882353,0.923076923076923,0.902439024390244,0.865384615384615,0.833333333333333
"IG017",0.816901408450704,0.804878048780488,0.786516853932584,0.817073170731707,0.737864077669903,0.768115942028985,0.863636363636364,0.885714285714286,0.919191919191919,0.916666666666667,0.943396226415094,0.781609195402299,0.982300884955752,0.924812030075188,0.916666666666667,0.913978494623656,0.873239436619718,0.763440860215054,0.819148936170213,0.819277108433735,0.898876404494382,0.857142857142857,0.809090909090909,0.830985915492958,0.865671641791045,0.816091954022989,0.81578947368421,0.9,0,0.8125,0.835616438356164,0.833333333333333,0.806818181818182,0.816,0.82089552238806,0.834782608695652,0.811965811965812,0.745283018867924,0.80952380952381,0.739583333333333,0.822784810126582,0.758241758241758,0.935064935064935,0.825,0.783132530120482,0.853932584269663,0.883928571428571,0.79746835443038,0.833333333333333,0.734375,0.861111111111111,0.75187969924812,0.762295081967213,0.6875,0.766233766233766,0.7125,0.8,0.857142857142857,0.794871794871795,0.8,0.849315068493151,0.880597014925373,0.846153846153846,0.958904109589041,0.855072463768116,0.90625,0.932773109243697,0.763636363636364,0.842105263157895,0.836065573770492,0.802816901408451,0.896551724137931,0.768292682926829,0.742857142857143,0.743243243243243,0.691176470588235,0.80672268907563,0.847222222222222,0.775862068965517,0.781609195402299,0.784615384615385,0.91044776119403,0.842465753424658,0.922222222222222,0.795698924731183,0.75,0.796875,0.763157894736842,0.67948717948718,0.785714285714286,0.777777777777778,0.851351351351351,0.855555555555556,0.816666666666667,0.734042553191489,0.742857142857143,0.792682926829268
"IG026",0.826086956521739,0.763636363636364,0.78125,0.781818181818182,0.876404494382023,0.75,0.75,0.736842105263158,0.959459459459459,0.939393939393939,0.916666666666667,0.830769230769231,0.975903614457831,0.881188118811881,0.94392523364486,0.854838709677419,0.780487804878049,0.91025641025641,0.791044776119403,0.885245901639344,0.953846153846154,0.91566265060241,0.852272727272727,0.707317073170732,0.789473684210526,0.76271186440678,0.723404255319149,0.906976744186046,0.8125,0,0.658536585365854,0.785714285714286,0.770491803278689,0.91743119266055,0.833333333333333,0.790697674418605,0.887755102040816,0.868131868131868,0.676470588235294,0.903614457831325,0.854545454545455,0.847222222222222,0.938775510204082,0.666666666666667,0.796610169491525,0.779661016949152,0.932584269662921,0.859649122807018,0.744186046511628,0.813953488372093,0.844444444444444,0.87603305785124,0.9,0.828125,0.773584905660377,0.91044776119403,0.628571428571429,0.75,0.792452830188679,0.744186046511628,0.826086956521739,0.75,0.695652173913044,0.954545454545454,0.775,0.918918918918919,0.910112359550562,0.835164835164835,0.739130434782609,0.891891891891892,0.829787234042553,0.692307692307692,0.754385964912281,0.879120879120879,0.811320754716981,0.82,0.891089108910891,0.918367346938776,0.833333333333333,0.793650793650794,0.710526315789474,0.925,0.905511811023622,0.969230769230769,0.811594202898551,0.777777777777778,0.763157894736842,0.72,0.80327868852459,0.69047619047619,0.75,0.72093023255814,0.76271186440678,0.586206896551724,0.828947368421053,0.816326530612245,0.830508474576271
"IG106",0.854545454545455,0.777777777777778,0.808219178082192,0.754098360655738,0.864583333333333,0.814814814814815,0.826086956521739,0.787234042553192,0.938271604938272,0.9,0.939393939393939,0.851351351351351,0.978260869565217,0.87037037037037,0.910714285714286,0.805970149253731,0.843137254901961,0.894117647058823,0.767123287671233,0.884057971014493,0.930555555555556,0.887640449438202,0.817204301075269,0.76,0.75,0.794117647058823,0.69811320754717,0.923076923076923,0.835616438356164,0.658536585365854,0,0.833333333333333,0.764705882352941,0.885964912280702,0.862745098039216,0.78494623655914,0.843137254901961,0.821052631578947,0.744186046511628,0.80952380952381,0.892307692307692,0.864197530864198,0.948275862068966,0.741379310344828,0.769230769230769,0.826086956521739,0.927835051546392,0.878787878787879,0.854545454545455,0.846153846153846,0.849056603773585,0.84,0.879310344827586,0.782608695652174,0.786885245901639,0.906666666666667,0.733333333333333,0.795918367346939,0.783333333333333,0.714285714285714,0.854545454545455,0.8,0.69811320754717,0.962264150943396,0.816326530612245,0.934782608695652,0.847826086956522,0.789473684210526,0.803571428571429,0.91304347826087,0.87719298245614,0.805555555555556,0.73015873015873,0.84375,0.838709677419355,0.847457627118644,0.869158878504673,0.912280701754386,0.825242718446602,0.785714285714286,0.681818181818182,0.916666666666667,0.895522388059701,0.986666666666667,0.786666666666667,0.836363636363636,0.727272727272727,0.783333333333333,0.845070422535211,0.666666666666667,0.746478873239437,0.693877551020408,0.794117647058823,0.75,0.86046511627907,0.781818181818182,0.835820895522388
"IG027",0.830769230769231,0.695652173913044,0.823529411764706,0.746478873239437,0.85981308411215,0.815384615384615,0.759259259259259,0.813559322033898,0.9,0.88235294117647,0.933333333333333,0.873563218390805,0.93,0.875,0.826086956521739,0.879518072289157,0.857142857142857,0.83695652173913,0.759036144578313,0.875,0.888888888888889,0.912621359223301,0.805825242718447,0.80952380952381,0.807017543859649,0.841463414634146,0.794117647058823,0.85,0.833333333333333,0.785714285714286,0.833333333333333,0,0.817073170731707,0.84297520661157,0.873015873015873,0.752475247524752,0.764150943396226,0.80952380952381,0.759259259259259,0.835051546391753,0.896103896103896,0.894736842105263,0.95774647887324,0.735294117647059,0.792207792207792,0.839506172839506,0.89622641509434,0.84,0.848484848484848,0.82258064516129,0.806451612903226,0.863309352517986,0.846774193548387,0.802469135802469,0.808219178082192,0.869047619047619,0.727272727272727,0.736842105263158,0.753623188405797,0.754098360655738,0.830769230769231,0.824561403508772,0.776119402985075,0.953846153846154,0.873015873015873,0.912280701754386,0.821782178217822,0.792452830188679,0.840579710144927,0.854545454545455,0.850746268656717,0.901960784313726,0.822784810126582,0.841121495327103,0.835616438356164,0.89041095890411,0.834782608695652,0.828125,0.854700854700855,0.775,0.754385964912281,0.934426229508197,0.833333333333333,0.914634146341463,0.818181818181818,0.867647058823529,0.722222222222222,0.788732394366197,0.82716049382716,0.758064516129032,0.75609756097561,0.694915254237288,0.782051282051282,0.764705882352941,0.84375,0.769230769230769,0.77027027027027
"IG019",0.893333333333333,0.802469135802469,0.784090909090909,0.647887323943662,0.805555555555556,0.782608695652174,0.806451612903226,0.815384615384615,0.95049504950495,0.933333333333333,0.962264150943396,0.846153846153846,0.944444444444444,0.854838709677419,0.873015873015873,0.837209302325581,0.855072463768116,0.848484848484848,0.735632183908046,0.910112359550562,0.934065934065934,0.833333333333333,0.773584905660377,0.845070422535211,0.75,0.708860759493671,0.828947368421053,0.898550724637681,0.806818181818182,0.770491803278689,0.764705882352941,0.817073170731707,0,0.814516129032258,0.835820895522388,0.779816513761468,0.767857142857143,0.68,0.806451612903226,0.811881188118812,0.891566265060241,0.833333333333333,0.961538461538461,0.776315789473684,0.780487804878049,0.825581395348837,0.892857142857143,0.763157894736842,0.847222222222222,0.823529411764706,0.89041095890411,0.730769230769231,0.780487804878049,0.761904761904762,0.825,0.785714285714286,0.737704918032787,0.82089552238806,0.776315789473684,0.742424242424242,0.878378378378378,0.786885245901639,0.780821917808219,0.943661971830986,0.78125,0.868852459016394,0.864864864864865,0.738317757009346,0.720588235294118,0.939393939393939,0.864864864864865,0.932203389830508,0.717948717948718,0.809090909090909,0.704225352112676,0.810810810810811,0.834710743801653,0.876712328767123,0.752212389380531,0.764705882352941,0.721311475409836,0.956521739130435,0.808510638297872,0.945054945054945,0.84375,0.782608695652174,0.8125,0.776315789473684,0.813953488372093,0.764705882352941,0.686746987951807,0.8,0.675324675324675,0.852459016393443,0.757894736842105,0.84,0.675675675675676
"IG020",0.894736842105263,0.870967741935484,0.863636363636364,0.811965811965812,0.797202797202797,0.876106194690265,0.906542056074766,0.878504672897196,0.862595419847328,0.919191919191919,0.968421052631579,0.870229007633588,0.870503597122302,0.898809523809524,0.850931677018633,0.865079365079365,0.939130434782609,0.753968253968254,0.795275590551181,0.870967741935484,0.89763779527559,0.791044776119403,0.78169014084507,0.91304347826087,0.854368932038835,0.893129770992366,0.890756302521008,0.908256880733945,0.816,0.91743119266055,0.885964912280702,0.84297520661157,0.814516129032258,0,0.869158878504673,0.818791946308725,0.639097744360902,0.713235294117647,0.906542056074766,0.736434108527132,0.92,0.916083916083916,0.983606557377049,0.885245901639344,0.83739837398374,0.900763358778626,0.832167832167832,0.877049180327869,0.923076923076923,0.871559633027523,0.862385321100917,0.790697674418605,0.730263157894737,0.804878048780488,0.848739495798319,0.728070175438597,0.878504672897196,0.85981308411215,0.807017543859649,0.864864864864865,0.884955752212389,0.875,0.890756302521008,0.927272727272727,0.836538461538462,0.923076923076923,0.83448275862069,0.821192052980133,0.879310344827586,0.858585858585858,0.876106194690265,0.970873786407767,0.856,0.701492537313433,0.865546218487395,0.870689655172414,0.704225352112676,0.798076923076923,0.76510067114094,0.776859504132231,0.869158878504673,0.973214285714286,0.758823529411765,0.888,0.796875,0.885964912280702,0.866666666666667,0.847457627118644,0.821138211382114,0.845454545454545,0.821705426356589,0.845454545454545,0.849206349206349,0.923809523809524,0.833333333333333,0.807339449541284,0.78448275862069
"IG029",0.787234042553192,0.775862068965517,0.734375,0.793103448275862,0.829545454545454,0.711111111111111,0.736842105263158,0.785714285714286,0.947368421052632,0.914285714285714,0.964285714285714,0.765625,0.988505747126437,0.935779816513761,0.964285714285714,0.911764705882353,0.895833333333333,0.857142857142857,0.864864864864865,0.816666666666667,0.907692307692308,0.931034482758621,0.804597701149425,0.857142857142857,0.833333333333333,0.830769230769231,0.788461538461539,0.91304347826087,0.82089552238806,0.833333333333333,0.862745098039216,0.873015873015873,0.835820895522388,0.869158878504673,0,0.885416666666667,0.857142857142857,0.795454545454545,0.883720930232558,0.825,0.754716981132076,0.868421052631579,0.981481481481482,0.824561403508772,0.766666666666667,0.80952380952381,0.911111111111111,0.866666666666667,0.8125,0.744186046511628,0.829787234042553,0.860655737704918,0.882882882882883,0.677966101694915,0.716981132075472,0.793650793650794,0.75609756097561,0.795454545454545,0.803571428571429,0.733333333333333,0.787234042553192,0.666666666666667,0.764705882352941,0.979166666666667,0.818181818181818,0.805555555555556,0.924731182795699,0.864583333333333,0.849056603773585,0.871794871794872,0.711111111111111,0.911764705882353,0.766666666666667,0.764705882352941,0.8,0.708333333333333,0.789473684210526,0.808510638297872,0.763440860215054,0.704918032786885,0.731707317073171,0.904761904761905,0.890625,0.939393939393939,0.75,0.739130434782609,0.837209302325581,0.824561403508772,0.774193548387097,0.711111111111111,0.797101449275362,0.816326530612245,0.830769230769231,0.777777777777778,0.789473684210526,0.803921568627451,0.857142857142857
"IG030",0.901960784313726,0.714285714285714,0.704761904761905,0.737373737373737,0.82089552238806,0.835051546391753,0.842696629213483,0.835164835164835,0.865546218487395,0.918604651162791,0.962962962962963,0.864406779661017,0.932835820895522,0.8125,0.844594594594595,0.81651376146789,0.863157894736842,0.874015748031496,0.700934579439252,0.864864864864865,0.913793103448276,0.903703703703704,0.717741935483871,0.793478260869565,0.831460674157303,0.775700934579439,0.808080808080808,0.90625,0.834782608695652,0.790697674418605,0.78494623655914,0.752475247524752,0.779816513761468,0.818791946308725,0.885416666666667,0,0.753731343283582,0.751937984496124,0.816091954022989,0.817460317460317,0.836538461538462,0.880952380952381,0.942307692307692,0.702127659574468,0.794392523364486,0.818181818181818,0.891304347826087,0.828571428571429,0.845360824742268,0.852631578947368,0.829787234042553,0.772151898734177,0.814569536423841,0.779816513761468,0.839622641509434,0.889830508474576,0.795454545454545,0.863157894736842,0.702127659574468,0.833333333333333,0.912621359223301,0.842696629213483,0.703296703296703,0.96,0.873684210526316,0.946236559139785,0.76984126984127,0.728682170542636,0.84,0.9,0.87,0.917647058823529,0.747572815533981,0.805970149253731,0.836538461538462,0.875,0.75,0.84375,0.73134328358209,0.699029126213592,0.784090909090909,0.958762886597938,0.77639751552795,0.922413793103448,0.761061946902655,0.835051546391753,0.793103448275862,0.767676767676768,0.830357142857143,0.744444444444444,0.62,0.758241758241758,0.787037037037037,0.835294117647059,0.795081967213115,0.84,0.813084112149533
"IG033",0.875,0.84070796460177,0.815126050420168,0.725490196078431,0.765151515151515,0.854368932038835,0.863157894736842,0.855670103092784,0.89763779527559,0.886363636363636,0.965116279069767,0.851239669421488,0.911764705882353,0.857142857142857,0.857142857142857,0.883333333333333,0.933962264150943,0.735042735042735,0.725663716814159,0.860869565217391,0.860869565217391,0.813953488372093,0.708661417322835,0.862745098039216,0.852631578947368,0.857142857142857,0.850467289719626,0.910891089108911,0.811965811965812,0.887755102040816,0.843137254901961,0.764150943396226,0.767857142857143,0.639097744360902,0.857142857142857,0.753731343283582,0,0.650406504065041,0.863157894736842,0.672413793103448,0.904347826086957,0.902255639097744,0.982300884955752,0.813084112149533,0.814159292035398,0.85593220338983,0.82089552238806,0.825688073394495,0.906542056074766,0.86,0.826530612244898,0.771604938271605,0.731034482758621,0.778761061946903,0.825688073394495,0.807017543859649,0.831578947368421,0.846938775510204,0.73,0.818181818181818,0.864077669902913,0.875,0.817307692307692,0.961904761904762,0.845360824742268,0.91578947368421,0.832116788321168,0.729323308270677,0.847619047619048,0.844444444444444,0.886792452830189,0.956989247311828,0.803571428571429,0.72093023255814,0.844036697247706,0.838095238095238,0.694029850746269,0.791666666666667,0.731884057971015,0.712962962962963,0.821052631578947,0.970873786407767,0.729559748427673,0.907563025210084,0.771186440677966,0.865384615384615,0.804347826086956,0.79047619047619,0.785714285714286,0.795918367346939,0.756521739130435,0.795918367346939,0.827586206896552,0.881720430107527,0.803149606299213,0.777777777777778,0.766355140186916
"IG036",0.878787878787879,0.798076923076923,0.714285714285714,0.747474747474748,0.723577235772358,0.821052631578947,0.853932584269663,0.846153846153846,0.936507936507936,0.942528735632184,0.9625,0.790909090909091,0.948148148148148,0.866666666666667,0.874172185430464,0.896551724137931,0.908163265306122,0.709090909090909,0.673076923076923,0.883928571428571,0.873873873873874,0.754237288135593,0.683333333333333,0.842105263157895,0.816091954022989,0.737864077669903,0.818181818181818,0.905263157894737,0.745283018867924,0.868131868131868,0.821052631578947,0.80952380952381,0.68,0.713235294117647,0.795454545454545,0.751937984496124,0.650406504065041,0,0.866666666666667,0.616822429906542,0.846153846153846,0.861788617886179,0.981308411214953,0.825242718446602,0.792452830188679,0.81651376146789,0.848484848484848,0.826923076923077,0.89,0.8,0.815217391304348,0.687074829931973,0.73758865248227,0.730769230769231,0.78,0.725490196078431,0.806818181818182,0.797752808988764,0.726315789473684,0.806451612903226,0.89,0.827586206896552,0.768421052631579,0.95959595959596,0.795454545454545,0.885057471264368,0.859259259259259,0.685483870967742,0.802083333333333,0.873563218390805,0.857142857142857,0.941860465116279,0.72,0.641025641025641,0.8,0.765957446808511,0.729323308270677,0.804347826086956,0.603305785123967,0.614583333333333,0.767441860465116,0.979591836734694,0.759493670886076,0.931034482758621,0.747747747747748,0.833333333333333,0.804597701149425,0.739583333333333,0.737864077669903,0.755555555555555,0.656862745098039,0.769230769230769,0.785046728971963,0.873563218390805,0.730434782608696,0.763440860215054,0.645161290322581
"IG038",0.847826086956522,0.803571428571429,0.833333333333333,0.754716981132076,0.887640449438202,0.714285714285714,0.777777777777778,0.825,0.972972972972973,0.96969696969697,0.91304347826087,0.863636363636364,0.962962962962963,0.901960784313726,0.923076923076923,0.852459016393443,0.804878048780488,0.894736842105263,0.805970149253731,0.919354838709677,0.969230769230769,0.914634146341463,0.863636363636364,0.790697674418605,0.783783783783784,0.838709677419355,0.770833333333333,0.904761904761905,0.80952380952381,0.676470588235294,0.744186046511628,0.759259259259259,0.806451612903226,0.906542056074766,0.883720930232558,0.816091954022989,0.863157894736842,0.866666666666667,0,0.888888888888889,0.892857142857143,0.845070422535211,0.914893617021277,0.764705882352941,0.833333333333333,0.890625,0.931818181818182,0.814814814814815,0.795454545454545,0.80952380952381,0.914893617021277,0.85593220338983,0.878504672897196,0.878787878787879,0.836363636363636,0.875,0.763157894736842,0.804878048780488,0.833333333333333,0.707317073170732,0.847826086956522,0.810810810810811,0.795918367346939,0.953488372093023,0.829268292682927,0.885714285714286,0.933333333333333,0.858695652173913,0.836734693877551,0.918918918918919,0.897959183673469,0.9,0.793103448275862,0.865168539325843,0.76,0.884615384615385,0.89,0.916666666666667,0.900990099009901,0.863636363636364,0.736842105263158,0.894736842105263,0.887096774193548,0.952380952380952,0.859154929577465,0.851063829787234,0.756756756756757,0.788461538461539,0.857142857142857,0.826086956521739,0.838235294117647,0.772727272727273,0.838709677419355,0.709677419354839,0.842105263157895,0.86,0.827586206896552
"IG039",0.875,0.822916666666667,0.77,0.769230769230769,0.669724770642202,0.850574712643678,0.81578947368421,0.8375,0.890909090909091,0.888888888888889,0.955882352941176,0.752577319587629,0.96,0.910344827586207,0.910344827586207,0.905660377358491,0.932584269662921,0.75,0.788461538461539,0.881188118811881,0.835051546391753,0.846153846153846,0.752136752136752,0.898876404494382,0.848101265822785,0.82,0.820224719101124,0.917647058823529,0.739583333333333,0.903614457831325,0.80952380952381,0.835051546391753,0.811881188118812,0.736434108527132,0.825,0.817460317460317,0.672413793103448,0.616822429906542,0.888888888888889,0,0.813186813186813,0.857142857142857,0.956989247311828,0.840425531914894,0.791666666666667,0.83,0.870967741935484,0.854166666666667,0.887640449438202,0.814814814814815,0.7875,0.751724137931034,0.713178294573643,0.681318681318681,0.75,0.770833333333333,0.865853658536585,0.855421686746988,0.702380952380952,0.848837209302326,0.862068965517241,0.860759493670886,0.793103448275862,0.941860465116279,0.839506172839506,0.881578947368421,0.854838709677419,0.801587301587302,0.880434782608696,0.821917808219178,0.837209302325581,0.946666666666667,0.804123711340206,0.699115044247788,0.863157894736842,0.746987951807229,0.71311475409836,0.675675675675676,0.691666666666667,0.739583333333333,0.810126582278481,0.952380952380952,0.76510067114094,0.923076923076923,0.754901960784314,0.80952380952381,0.82051282051282,0.747126436781609,0.770833333333333,0.765432098765432,0.786407766990291,0.80952380952381,0.876190476190476,0.897435897435897,0.723809523809524,0.816091954022989,0.8
"IG040",0.890625,0.819444444444444,0.79746835443038,0.88,0.864077669902913,0.838709677419355,0.872727272727273,0.859649122807018,0.955555555555556,0.96,1,0.822784810126582,0.99009900990099,0.934426229508197,0.968253968253968,0.939759036144578,0.901639344262295,0.914893617021277,0.886363636363636,0.866666666666667,0.924050632911392,0.971153846153846,0.886792452830189,0.888888888888889,0.932203389830508,0.875,0.777777777777778,0.950819672131147,0.822784810126582,0.854545454545455,0.892307692307692,0.896103896103896,0.891566265060241,0.92,0.754716981132076,0.836538461538462,0.904347826086957,0.846153846153846,0.892857142857143,0.813186813186813,0,0.823529411764706,0.938461538461539,0.826086956521739,0.810810810810811,0.8875,0.962962962962963,0.921052631578947,0.873015873015873,0.847457627118644,0.887096774193548,0.866666666666667,0.896,0.756756756756757,0.828571428571429,0.91566265060241,0.859649122807018,0.901639344262295,0.875,0.836065573770492,0.890625,0.872727272727273,0.833333333333333,0.983870967741935,0.88135593220339,0.944444444444444,0.934579439252336,0.891891891891892,0.91304347826087,0.945454545454545,0.838709677419355,0.9375,0.810810810810811,0.855769230769231,0.873239436619718,0.733333333333333,0.848214285714286,0.813559322033898,0.81651376146789,0.822784810126582,0.842105263157895,0.888888888888889,0.901408450704225,0.936708860759494,0.848837209302326,0.8,0.896551724137931,0.875,0.846153846153846,0.758620689655172,0.858823529411765,0.892307692307692,0.902439024390244,0.816326530612245,0.835164835164835,0.880597014925373,0.938271604938272
"IG041",0.903614457831325,0.870967741935484,0.838383838383838,0.893617021276596,0.818965517241379,0.805194805194805,0.876712328767123,0.881578947368421,0.963636363636364,0.956521739130435,0.967213114754098,0.78494623655914,0.983333333333333,0.936170212765957,0.951048951048951,0.909090909090909,0.89873417721519,0.900900900900901,0.91743119266055,0.917525773195876,0.96039603960396,0.932773109243697,0.887096774193548,0.888888888888889,0.893333333333333,0.804347826086956,0.817073170731707,0.95,0.758241758241758,0.847222222222222,0.864197530864198,0.894736842105263,0.833333333333333,0.916083916083916,0.868421052631579,0.880952380952381,0.902255639097744,0.861788617886179,0.845070422535211,0.857142857142857,0.823529411764706,0,0.94047619047619,0.852272727272727,0.875,0.91,0.952380952380952,0.891304347826087,0.876543209876543,0.842105263157895,0.952941176470588,0.815068493150685,0.846715328467153,0.782608695652174,0.840909090909091,0.865979381443299,0.881578947368421,0.925925925925926,0.877777777777778,0.848101265822785,0.8625,0.861111111111111,0.845238095238095,0.98780487804878,0.911392405063291,0.930555555555556,0.969230769230769,0.865079365079365,0.895348837209302,0.945945945945946,0.904761904761905,0.955882352941176,0.8,0.841666666666667,0.80952380952381,0.753246753246753,0.888059701492537,0.902439024390244,0.888059701492537,0.858585858585858,0.868421052631579,0.933333333333333,0.906832298136646,0.94949494949495,0.855769230769231,0.756756756756757,0.88,0.839080459770115,0.829787234042553,0.85,0.864077669902913,0.891566265060241,0.888888888888889,0.869565217391304,0.752475247524752,0.88235294117647,0.88421052631579
"IG047",0.947368421052632,0.972222222222222,0.962962962962963,0.957142857142857,0.95049504950495,0.890909090909091,1,1,0.98780487804878,0.975,1,0.921052631578947,0.988888888888889,0.991525423728813,0.982905982905983,0.959459459459459,0.901960784313726,0.97752808988764,0.976470588235294,0.95774647887324,0.95774647887324,0.989473684210526,0.950980392156863,0.964912280701754,0.980392156862745,0.960526315789474,0.952380952380952,1,0.935064935064935,0.938775510204082,0.948275862068966,0.95774647887324,0.961538461538461,0.983606557377049,0.981481481481482,0.942307692307692,0.982300884955752,0.981308411214953,0.914893617021277,0.956989247311828,0.938461538461539,0.94047619047619,0,0.888888888888889,0.930555555555556,0.973684210526316,1,0.971014492753623,0.888888888888889,0.944444444444444,0.964285714285714,0.963503649635036,0.967479674796748,0.93421052631579,0.873015873015873,0.960526315789474,0.961538461538461,1,0.923076923076923,0.928571428571429,0.909090909090909,1,0.935483870967742,0.980392156862745,1,1,1,0.972477064220183,0.984126984126984,1,0.910714285714286,0.947368421052632,0.945205479452055,0.990654205607477,0.921875,0.951612903225806,0.964912280701754,0.964912280701754,0.955752212389381,0.975,0.962264150943396,0.46875,0.986013986013986,0.986111111111111,0.964705882352941,0.890909090909091,0.980769230769231,0.955223880597015,1,0.929824561403509,0.951219512195122,1,0.974025974025974,0.906976744186046,0.956043956043956,0.967741935483871,0.972602739726027
"IG077",0.875,0.696969696969697,0.702702702702703,0.671875,0.854368932038835,0.76271186440678,0.74,0.754716981132076,0.908045977011494,0.895833333333333,0.952380952380952,0.825,0.95959595959596,0.81981981981982,0.889830508474576,0.780821917808219,0.763636363636364,0.855555555555556,0.777777777777778,0.897435897435897,0.911392405063291,0.92,0.785714285714286,0.754385964912281,0.814814814814815,0.818181818181818,0.78125,0.859649122807018,0.825,0.666666666666667,0.741379310344828,0.735294117647059,0.776315789473684,0.885245901639344,0.824561403508772,0.702127659574468,0.813084112149533,0.825242718446602,0.764705882352941,0.840425531914894,0.826086956521739,0.852272727272727,0.888888888888889,0,0.630769230769231,0.676470588235294,0.902912621359223,0.863013698630137,0.758620689655172,0.789473684210526,0.793103448275862,0.833333333333333,0.869918699186992,0.743243243243243,0.779411764705882,0.903614457831325,0.705882352941176,0.740740740740741,0.698412698412698,0.736842105263158,0.875,0.811320754716981,0.7,0.933333333333333,0.824561403508772,0.945454545454545,0.838383838383838,0.772277227722772,0.754098360655738,0.907407407407407,0.82258064516129,0.869565217391304,0.710144927536232,0.878504672897196,0.826086956521739,0.815384615384615,0.859649122807018,0.873015873015873,0.773584905660377,0.810126582278481,0.66,0.890909090909091,0.81060606060606,0.9375,0.795180722891566,0.76271186440678,0.725490196078431,0.698412698412698,0.848101265822785,0.719298245614035,0.693333333333333,0.672727272727273,0.71830985915493,0.659090909090909,0.811111111111111,0.793650793650794,0.757142857142857
"IG012",0.855072463768116,0.708333333333333,0.7125,0.73972602739726,0.831775700934579,0.75,0.727272727272727,0.82258064516129,0.891304347826087,0.909090909090909,0.959183673469388,0.783132530120482,0.932038834951456,0.878048780487805,0.904761904761905,0.8,0.828125,0.865979381443299,0.767441860465116,0.8375,0.892857142857143,0.883495145631068,0.74,0.741935483870968,0.816666666666667,0.833333333333333,0.692307692307692,0.838709677419355,0.783132530120482,0.796610169491525,0.769230769230769,0.792207792207792,0.780487804878049,0.83739837398374,0.766666666666667,0.794392523364486,0.814159292035398,0.792452830188679,0.833333333333333,0.791666666666667,0.810810810810811,0.875,0.930555555555556,0.630769230769231,0,0.689189189189189,0.846153846153846,0.888888888888889,0.784615384615385,0.754098360655738,0.758064516129032,0.789473684210526,0.813008130081301,0.666666666666667,0.695652173913044,0.833333333333333,0.648148148148148,0.75,0.728571428571429,0.683333333333333,0.855072463768116,0.813559322033898,0.75,0.940298507462687,0.806451612903226,0.898305084745763,0.815533980582524,0.764150943396226,0.761194029850746,0.88135593220339,0.769230769230769,0.865384615384615,0.72,0.834862385321101,0.826666666666667,0.782608695652174,0.838983050847458,0.869565217391304,0.754545454545455,0.783132530120482,0.745762711864407,0.903225806451613,0.766917293233083,0.904761904761905,0.797752808988764,0.73015873015873,0.8,0.691176470588235,0.775,0.75,0.75,0.73015873015873,0.743589743589744,0.730769230769231,0.747252747252747,0.723076923076923,0.746666666666667
"IG078",0.904109589041096,0.712328767123288,0.716049382716049,0.726027397260274,0.833333333333333,0.842857142857143,0.754385964912281,0.806451612903226,0.927083333333333,0.910714285714286,0.96,0.827586206896552,0.972222222222222,0.896825396825397,0.946969696969697,0.858823529411765,0.830769230769231,0.86734693877551,0.811111111111111,0.931818181818182,0.919540229885058,0.91588785046729,0.79047619047619,0.82089552238806,0.875,0.835294117647059,0.853333333333333,0.893939393939394,0.853932584269663,0.779661016949152,0.826086956521739,0.839506172839506,0.825581395348837,0.900763358778626,0.80952380952381,0.818181818181818,0.85593220338983,0.81651376146789,0.890625,0.83,0.8875,0.91,0.973684210526316,0.676470588235294,0.689189189189189,0,0.889908256880734,0.903614457831325,0.823529411764706,0.850746268656717,0.78125,0.8,0.869230769230769,0.768292682926829,0.786666666666667,0.923913043478261,0.786885245901639,0.830769230769231,0.732394366197183,0.805970149253731,0.918918918918919,0.836065573770492,0.753623188405797,0.956521739130435,0.80952380952381,0.9,0.861111111111111,0.831858407079646,0.782608695652174,0.864406779661017,0.875,0.888888888888889,0.7875,0.867256637168142,0.873417721518987,0.866666666666667,0.840336134453781,0.902777777777778,0.767857142857143,0.785714285714286,0.80952380952381,0.970149253731343,0.854166666666667,0.955056179775281,0.744186046511628,0.842857142857143,0.82258064516129,0.714285714285714,0.80722891566265,0.753846153846154,0.738095238095238,0.734375,0.792682926829268,0.803571428571429,0.861386138613861,0.833333333333333,0.82716049382716
"IG080",0.91578947368421,0.885714285714286,0.905172413793104,0.851485148514851,0.888059701492537,0.927835051546392,0.894117647058823,0.922222222222222,0.833333333333333,0.923076923076923,0.958333333333333,0.940677966101695,0.873949579831933,0.905405405405405,0.882758620689655,0.909090909090909,0.957894736842105,0.844827586206896,0.849557522123894,0.89622641509434,0.926605504587156,0.905511811023622,0.880597014925373,0.891304347826087,0.895348837209302,0.910714285714286,0.898989898989899,0.909090909090909,0.883928571428571,0.932584269662921,0.927835051546392,0.89622641509434,0.892857142857143,0.832167832167832,0.911111111111111,0.891304347826087,0.82089552238806,0.848484848484848,0.931818181818182,0.870967741935484,0.962962962962963,0.952380952380952,1,0.902912621359223,0.846153846153846,0.889908256880734,0,0.893203883495146,0.927083333333333,0.876404494382023,0.913978494623656,0.878787878787879,0.866666666666667,0.902654867256637,0.914285714285714,0.85981308411215,0.897727272727273,0.887640449438202,0.822916666666667,0.904255319148936,0.938144329896907,0.931818181818182,0.920792079207921,0.932584269662921,0.898876404494382,0.94047619047619,0.893939393939394,0.851851851851852,0.908163265306122,0.888888888888889,0.905263157894737,0.9625,0.899082568807339,0.873134328358209,0.901960784313726,0.941176470588235,0.866197183098592,0.903225806451613,0.881944444444444,0.883928571428571,0.898876404494382,0.989010989010989,0.802547770700637,0.765957446808511,0.889830508474576,0.916666666666667,0.933333333333333,0.822916666666667,0.85981308411215,0.938775510204082,0.897435897435897,0.869565217391304,0.880733944954128,0.941176470588235,0.904761904761905,0.83695652173913,0.831683168316832
"IG085",0.91044776119403,0.87012987012987,0.845238095238095,0.696969696969697,0.844660194174757,0.825396825396825,0.836363636363636,0.901639344262295,0.945054945054945,0.897959183673469,0.953488372093023,0.908045977011494,0.938775510204082,0.88135593220339,0.909090909090909,0.875,0.921875,0.818181818181818,0.795180722891566,0.925925925925926,0.951807228915663,0.852631578947368,0.8,0.857142857142857,0.859649122807018,0.878048780487805,0.887323943661972,0.918032786885246,0.79746835443038,0.859649122807018,0.878787878787879,0.84,0.763157894736842,0.877049180327869,0.866666666666667,0.828571428571429,0.825688073394495,0.826923076923077,0.814814814814815,0.854166666666667,0.921052631578947,0.891304347826087,0.971014492753623,0.863013698630137,0.888888888888889,0.903614457831325,0.893203883495146,0,0.783333333333333,0.75,0.924242424242424,0.843283582089552,0.861788617886179,0.839506172839506,0.894736842105263,0.82051282051282,0.864406779661017,0.85,0.830985915492958,0.783333333333333,0.91044776119403,0.915254237288136,0.855072463768116,0.968253968253968,0.885245901639344,0.886792452830189,0.91588785046729,0.786407766990291,0.867647058823529,0.888888888888889,0.895522388059701,0.980769230769231,0.860759493670886,0.813725490196078,0.845070422535211,0.852941176470588,0.850877192982456,0.925373134328358,0.84070796460177,0.8125,0.807017543859649,0.949152542372881,0.879432624113475,0.925,0.89010989010989,0.861538461538462,0.821428571428572,0.847222222222222,0.835443037974683,0.861538461538462,0.792682926829268,0.861538461538462,0.835443037974683,0.928571428571429,0.813186813186813,0.796875,0.794520547945205
"IG084",0.851851851851852,0.793650793650794,0.837837837837838,0.770491803278689,0.863157894736842,0.74,0.767441860465116,0.808510638297872,0.9375,0.897435897435897,0.9375,0.833333333333333,0.966666666666667,0.9,0.947826086956522,0.887323943661972,0.816326530612245,0.892857142857143,0.813333333333333,0.929577464788732,0.914285714285714,0.946236559139785,0.815217391304348,0.803921568627451,0.851063829787234,0.875,0.847457627118644,0.9,0.833333333333333,0.744186046511628,0.854545454545455,0.848484848484848,0.847222222222222,0.923076923076923,0.8125,0.845360824742268,0.906542056074766,0.89,0.795454545454545,0.887640449438202,0.873015873015873,0.876543209876543,0.888888888888889,0.758620689655172,0.784615384615385,0.823529411764706,0.927083333333333,0.783333333333333,0,0.795918367346939,0.846153846153846,0.917293233082707,0.915966386554622,0.814285714285714,0.783333333333333,0.905405405405405,0.727272727272727,0.862745098039216,0.736842105263158,0.76,0.851851851851852,0.847826086956522,0.785714285714286,0.961538461538461,0.836734693877551,0.883720930232558,0.939393939393939,0.86,0.821428571428572,0.886363636363636,0.854545454545455,0.894736842105263,0.82089552238806,0.9,0.836065573770492,0.844827586206896,0.878504672897196,0.87037037037037,0.878504672897196,0.864864864864865,0.760869565217391,0.891304347826087,0.919117647058824,0.943661971830986,0.831168831168831,0.811320754716981,0.777777777777778,0.758620689655172,0.859154929577465,0.833333333333333,0.794520547945205,0.788461538461539,0.842857142857143,0.775,0.817073170731707,0.8,0.850746268656717
"IG070",0.865384615384615,0.783333333333333,0.779411764705882,0.736842105263158,0.846153846153846,0.723404255319149,0.68421052631579,0.795454545454545,0.935064935064935,0.857142857142857,0.931034482758621,0.842857142857143,0.96551724137931,0.91743119266055,0.936936936936937,0.865671641791045,0.9,0.81578947368421,0.788732394366197,0.783333333333333,0.893939393939394,0.88235294117647,0.847826086956522,0.739130434782609,0.813953488372093,0.818181818181818,0.818181818181818,0.844444444444444,0.734375,0.813953488372093,0.846153846153846,0.82258064516129,0.823529411764706,0.871559633027523,0.744186046511628,0.852631578947368,0.86,0.8,0.80952380952381,0.814814814814815,0.847457627118644,0.842105263157895,0.944444444444444,0.789473684210526,0.754098360655738,0.850746268656717,0.876404494382023,0.75,0.795918367346939,0,0.8125,0.853658536585366,0.854545454545455,0.75,0.75,0.677966101694915,0.738095238095238,0.75,0.745454545454545,0.74468085106383,0.82,0.837209302325581,0.75,0.9375,0.851063829787234,0.846153846153846,0.926315789473684,0.793478260869565,0.788461538461539,0.82051282051282,0.846153846153846,0.945945945945946,0.830769230769231,0.811111111111111,0.807017543859649,0.72,0.875,0.862745098039216,0.806122448979592,0.791044776119403,0.714285714285714,0.883720930232558,0.892307692307692,0.892307692307692,0.87012987012987,0.775510204081633,0.761904761904762,0.789473684210526,0.741935483870968,0.775510204081633,0.785714285714286,0.8,0.818181818181818,0.878048780487805,0.794871794871795,0.6875,0.786885245901639
"IG101",0.8,0.786885245901639,0.833333333333333,0.82258064516129,0.835164835164835,0.87037037037037,0.785714285714286,0.772727272727273,0.847222222222222,0.828571428571429,0.933333333333333,0.845070422535211,0.965909090909091,0.927927927927928,0.946902654867257,0.930555555555556,0.901960784313726,0.8625,0.791666666666667,0.895522388059701,0.878787878787879,0.933333333333333,0.811111111111111,0.843137254901961,0.844444444444444,0.917808219178082,0.842105263157895,0.822222222222222,0.861111111111111,0.844444444444444,0.849056603773585,0.806451612903226,0.89041095890411,0.862385321100917,0.829787234042553,0.829787234042553,0.826530612244898,0.815217391304348,0.914893617021277,0.7875,0.887096774193548,0.952941176470588,0.964285714285714,0.793103448275862,0.758064516129032,0.78125,0.913978494623656,0.924242424242424,0.846153846153846,0.8125,0,0.881889763779528,0.866071428571429,0.714285714285714,0.732142857142857,0.887323943661972,0.772727272727273,0.755555555555555,0.703703703703704,0.823529411764706,0.888888888888889,0.785714285714286,0.821428571428572,0.916666666666667,0.75,0.904761904761905,0.855555555555556,0.833333333333333,0.857142857142857,0.72972972972973,0.78,0.888888888888889,0.833333333333333,0.851063829787234,0.938461538461539,0.839285714285714,0.808080808080808,0.82,0.808080808080808,0.794117647058823,0.777777777777778,0.957446808510638,0.8671875,0.893939393939394,0.777777777777778,0.87037037037037,0.795454545454545,0.679245283018868,0.82089552238806,0.78,0.788732394366197,0.78,0.855072463768116,0.794871794871795,0.869047619047619,0.792452830188679,0.80952380952381
"IG060",0.925373134328358,0.82089552238806,0.746268656716418,0.792307692307692,0.75,0.84,0.875,0.85,0.92258064516129,0.940677966101695,0.973451327433628,0.822695035460993,0.939393939393939,0.884615384615385,0.896739130434783,0.881944444444444,0.89763779527559,0.80952380952381,0.804195804195804,0.902777777777778,0.95364238410596,0.831168831168831,0.751633986928105,0.874015748031496,0.87603305785124,0.765151515151515,0.828125,0.895161290322581,0.75187969924812,0.87603305785124,0.84,0.863309352517986,0.730769230769231,0.790697674418605,0.860655737704918,0.772151898734177,0.771604938271605,0.687074829931973,0.85593220338983,0.751724137931034,0.866666666666667,0.815068493150685,0.963503649635036,0.833333333333333,0.789473684210526,0.8,0.878787878787879,0.843283582089552,0.917293233082707,0.853658536585366,0.881889763779528,0,0.611842105263158,0.700787401574803,0.851851851851852,0.765151515151515,0.868852459016394,0.833333333333333,0.850746268656717,0.819672131147541,0.892307692307692,0.846153846153846,0.828125,0.961832061068702,0.879032258064516,0.907563025210084,0.886904761904762,0.735483870967742,0.861538461538462,0.899159663865546,0.884615384615385,0.966666666666667,0.770992366412214,0.736842105263158,0.785714285714286,0.817460317460317,0.760736196319018,0.874015748031496,0.753086419753086,0.77037037037037,0.888,0.952755905511811,0.698863636363636,0.939189189189189,0.829931972789116,0.858267716535433,0.877049180327869,0.796875,0.783582089552239,0.830645161290323,0.73134328358209,0.84,0.81021897810219,0.917355371900826,0.721428571428571,0.852713178294574,0.786259541984733
"IG061",0.915966386554622,0.874015748031496,0.83206106870229,0.816666666666667,0.784722222222222,0.859649122807018,0.846153846153846,0.850467289719626,0.898550724637681,0.932038834951456,0.969387755102041,0.847328244274809,0.918918918918919,0.887573964497041,0.887573964497041,0.876923076923077,0.922413793103448,0.787878787878788,0.818181818181818,0.9,0.916666666666667,0.854166666666667,0.769230769230769,0.896551724137931,0.858490566037736,0.816,0.865546218487395,0.890909090909091,0.762295081967213,0.9,0.879310344827586,0.846774193548387,0.780487804878049,0.730263157894737,0.882882882882883,0.814569536423841,0.731034482758621,0.73758865248227,0.878504672897196,0.713178294573643,0.896,0.846715328467153,0.967479674796748,0.869918699186992,0.813008130081301,0.869230769230769,0.866666666666667,0.861788617886179,0.915966386554622,0.854545454545455,0.866071428571429,0.611842105263158,0,0.728813559322034,0.852459016393443,0.776859504132231,0.850467289719626,0.820754716981132,0.841666666666667,0.837837837837838,0.887931034482759,0.846153846153846,0.865546218487395,0.947826086956522,0.862385321100917,0.883495145631068,0.883116883116883,0.76027397260274,0.872881355932203,0.884615384615385,0.869565217391304,0.971698113207547,0.82258064516129,0.753521126760563,0.8,0.834782608695652,0.777777777777778,0.846846846846847,0.793548387096774,0.811023622047244,0.892857142857143,0.964912280701754,0.679012345679012,0.924242424242424,0.845588235294118,0.849557522123894,0.85981308411215,0.822033898305085,0.786885245901639,0.839285714285714,0.798449612403101,0.849557522123894,0.870229007633588,0.91588785046729,0.748091603053435,0.801801801801802,0.747826086956522
"IG062",0.830985915492958,0.772151898734177,0.710843373493976,0.753246753246753,0.683673469387755,0.707692307692308,0.786885245901639,0.758064516129032,0.88421052631579,0.896551724137931,0.962264150943396,0.719512195121951,0.972972972972973,0.916030534351145,0.940298507462687,0.876404494382023,0.871428571428571,0.747252747252747,0.804347826086956,0.831325301204819,0.872093023255814,0.88785046728972,0.673469387755102,0.828571428571429,0.828125,0.785714285714286,0.728571428571429,0.865671641791045,0.6875,0.828125,0.782608695652174,0.802469135802469,0.761904761904762,0.804878048780488,0.677966101694915,0.779816513761468,0.778761061946903,0.730769230769231,0.878787878787879,0.681318681318681,0.756756756756757,0.782608695652174,0.93421052631579,0.743243243243243,0.666666666666667,0.768292682926829,0.902654867256637,0.839506172839506,0.814285714285714,0.75,0.714285714285714,0.700787401574803,0.728813559322034,0,0.63768115942029,0.725,0.777777777777778,0.765625,0.690140845070423,0.723076923076923,0.797101449275362,0.786885245901639,0.728571428571429,0.943661971830986,0.8,0.810344827586207,0.884955752212389,0.761467889908257,0.855263157894737,0.852459016393443,0.746268656716418,0.894736842105263,0.68421052631579,0.728155339805825,0.789473684210526,0.646153846153846,0.72972972972973,0.794117647058823,0.718181818181818,0.719512195121951,0.761904761904762,0.909090909090909,0.8,0.921348314606742,0.694117647058824,0.707692307692308,0.711864406779661,0.671428571428571,0.675324675324675,0.622950819672131,0.686746987951807,0.764705882352941,0.771084337349398,0.813559322033898,0.64367816091954,0.774647887323944,0.775
"IG063",0.783333333333333,0.739130434782609,0.756410256410256,0.735294117647059,0.760416666666667,0.724137931034483,0.745098039215686,0.824561403508772,0.933333333333333,0.92,0.953488372093023,0.766233766233766,0.980392156862745,0.909090909090909,0.952380952380952,0.860759493670886,0.85,0.818181818181818,0.795180722891566,0.808219178082192,0.84,0.920792079207921,0.775510204081633,0.819672131147541,0.839285714285714,0.835443037974683,0.746031746031746,0.9,0.766233766233766,0.773584905660377,0.786885245901639,0.808219178082192,0.825,0.848739495798319,0.716981132075472,0.839622641509434,0.825688073394495,0.78,0.836363636363636,0.75,0.828571428571429,0.840909090909091,0.873015873015873,0.779411764705882,0.695652173913044,0.786666666666667,0.914285714285714,0.894736842105263,0.783333333333333,0.75,0.732142857142857,0.851851851851852,0.852459016393443,0.63768115942029,0,0.805194805194805,0.735849056603774,0.830508474576271,0.742424242424242,0.76271186440678,0.783333333333333,0.814814814814815,0.784615384615385,0.968253968253968,0.740740740740741,0.886792452830189,0.884615384615385,0.831775700934579,0.796875,0.8,0.745762711864407,0.872340425531915,0.767123287671233,0.777777777777778,0.828571428571429,0.78125,0.787037037037037,0.838709677419355,0.764150943396226,0.766233766233766,0.740740740740741,0.912280701754386,0.855072463768116,0.951219512195122,0.721518987341772,0.724137931034483,0.777777777777778,0.703125,0.722222222222222,0.701754385964912,0.730769230769231,0.766666666666667,0.789473684210526,0.75,0.8,0.777777777777778,0.777777777777778
"IG064",0.859154929577465,0.869047619047619,0.820224719101124,0.810126582278481,0.778846153846154,0.811594202898551,0.892307692307692,0.880597014925373,0.938775510204082,0.931034482758621,0.94,0.842696629213483,0.933333333333333,0.947368421052632,0.923076923076923,0.911111111111111,0.959459459459459,0.697674418604651,0.813186813186813,0.82716049382716,0.895348837209302,0.793814432989691,0.803738317757009,0.904109589041096,0.859375,0.837209302325581,0.87012987012987,0.878787878787879,0.7125,0.91044776119403,0.906666666666667,0.869047619047619,0.785714285714286,0.728070175438597,0.793650793650794,0.889830508474576,0.807017543859649,0.725490196078431,0.875,0.770833333333333,0.91566265060241,0.865979381443299,0.960526315789474,0.903614457831325,0.833333333333333,0.923913043478261,0.85981308411215,0.82051282051282,0.905405405405405,0.677966101694915,0.887323943661972,0.765151515151515,0.776859504132231,0.725,0.805194805194805,0,0.863636363636364,0.833333333333333,0.8625,0.842857142857143,0.875,0.857142857142857,0.87012987012987,0.942028985507246,0.914285714285714,0.844827586206896,0.949152542372881,0.8125,0.924050632911392,0.847457627118644,0.811594202898551,0.966101694915254,0.847058823529412,0.771428571428571,0.767123287671233,0.753623188405797,0.831932773109244,0.888888888888889,0.811965811965812,0.773809523809524,0.865671641791045,0.939393939393939,0.822695035460993,0.906976744186046,0.852631578947368,0.811594202898551,0.825396825396825,0.802631578947368,0.734177215189873,0.828571428571429,0.797752808988764,0.876712328767123,0.837209302325581,0.953846153846154,0.752688172043011,0.802816901408451,0.736842105263158
"IG065",0.808510638297872,0.679245283018868,0.787878787878788,0.673076923076923,0.866666666666667,0.760869565217391,0.657142857142857,0.75,0.932432432432432,0.911764705882353,0.923076923076923,0.818181818181818,0.976470588235294,0.894230769230769,0.935185185185185,0.876923076923077,0.844444444444444,0.87012987012987,0.742424242424242,0.870967741935484,0.90625,0.891566265060241,0.773809523809524,0.72093023255814,0.736842105263158,0.828125,0.76,0.833333333333333,0.8,0.628571428571429,0.733333333333333,0.727272727272727,0.737704918032787,0.878504672897196,0.75609756097561,0.795454545454545,0.831578947368421,0.806818181818182,0.763157894736842,0.865853658536585,0.859649122807018,0.881578947368421,0.961538461538461,0.705882352941176,0.648148148148148,0.786885245901639,0.897727272727273,0.864406779661017,0.727272727272727,0.738095238095238,0.772727272727273,0.868852459016394,0.850467289719626,0.777777777777778,0.735849056603774,0.863636363636364,0,0.666666666666667,0.68,0.6,0.808510638297872,0.72972972972973,0.73469387755102,0.956521739130435,0.785714285714286,0.894736842105263,0.887640449438202,0.772727272727273,0.723404255319149,0.868421052631579,0.787234042553192,0.838709677419355,0.783333333333333,0.857142857142857,0.839285714285714,0.826923076923077,0.871287128712871,0.877551020408163,0.8125,0.761904761904762,0.621621621621622,0.928571428571429,0.880952380952381,0.921875,0.816901408450704,0.787234042553192,0.675675675675676,0.705882352941176,0.706896551724138,0.733333333333333,0.71875,0.674418604651163,0.75,0.65625,0.802631578947368,0.666666666666667,0.754385964912281
"IG067",0.884615384615385,0.736842105263158,0.811594202898551,0.732142857142857,0.869565217391304,0.82,0.710526315789474,0.761904761904762,0.875,0.916666666666667,0.928571428571429,0.873239436619718,0.94047619047619,0.885714285714286,0.906542056074766,0.846153846153846,0.92,0.780821917808219,0.75,0.875,0.941176470588235,0.853658536585366,0.833333333333333,0.787234042553192,0.717948717948718,0.850746268656717,0.769230769230769,0.813953488372093,0.857142857142857,0.75,0.795918367346939,0.736842105263158,0.82089552238806,0.85981308411215,0.795454545454545,0.863157894736842,0.846938775510204,0.797752808988764,0.804878048780488,0.855421686746988,0.901639344262295,0.925925925925926,1,0.740740740740741,0.75,0.830769230769231,0.887640449438202,0.85,0.862745098039216,0.75,0.755555555555555,0.833333333333333,0.820754716981132,0.765625,0.830508474576271,0.833333333333333,0.666666666666667,0,0.807017543859649,0.681818181818182,0.862745098039216,0.710526315789474,0.814814814814815,0.91304347826087,0.795454545454545,0.871794871794872,0.877777777777778,0.804347826086956,0.784313725490196,0.81578947368421,0.843137254901961,0.88235294117647,0.828125,0.847826086956522,0.824561403508772,0.833333333333333,0.87378640776699,0.88235294117647,0.84,0.787878787878788,0.738095238095238,0.955555555555556,0.818181818181818,0.907692307692308,0.837837837837838,0.865384615384615,0.657894736842105,0.716981132075472,0.796875,0.770833333333333,0.764705882352941,0.717391304347826,0.796875,0.81578947368421,0.851851851851852,0.680851063829787,0.672727272727273
"IG068",0.779661016949152,0.753623188405797,0.784810126582278,0.671875,0.795918367346939,0.741379310344828,0.74,0.777777777777778,0.82716049382716,0.822222222222222,0.926829268292683,0.779220779220779,0.948979591836735,0.889830508474576,0.899159663865546,0.873417721518987,0.866666666666667,0.816091954022989,0.730769230769231,0.897435897435897,0.853333333333333,0.897959183673469,0.706521739130435,0.732142857142857,0.745098039215686,0.848101265822785,0.818181818181818,0.879310344827586,0.794871794871795,0.792452830188679,0.783333333333333,0.753623188405797,0.776315789473684,0.807017543859649,0.803571428571429,0.702127659574468,0.73,0.726315789473684,0.833333333333333,0.702380952380952,0.875,0.877777777777778,0.923076923076923,0.698412698412698,0.728571428571429,0.732394366197183,0.822916666666667,0.830985915492958,0.736842105263158,0.745454545454545,0.703703703703704,0.850746268656717,0.841666666666667,0.690140845070423,0.742424242424242,0.8625,0.68,0.807017543859649,0,0.736842105263158,0.857142857142857,0.833333333333333,0.7,0.933333333333333,0.759259259259259,0.884615384615385,0.85,0.772277227722772,0.793650793650794,0.843137254901961,0.82258064516129,0.893617021276596,0.780821917808219,0.823529411764706,0.859154929577465,0.833333333333333,0.75,0.775862068965517,0.712871287128713,0.72972972972973,0.63265306122449,0.948275862068966,0.845588235294118,0.851351351351351,0.717948717948718,0.80327868852459,0.75,0.698412698412698,0.833333333333333,0.741379310344828,0.657534246575342,0.696428571428572,0.786666666666667,0.770833333333333,0.83695652173913,0.733333333333333,0.791666666666667
"IG069",0.830188679245283,0.711864406779661,0.788732394366197,0.660714285714286,0.838709677419355,0.6875,0.738095238095238,0.782608695652174,0.924050632911392,0.951219512195122,0.96969696969697,0.782608695652174,0.966666666666667,0.889908256880734,0.919642857142857,0.855072463768116,0.84,0.8375,0.780821917808219,0.898550724637681,0.898550724637681,0.86046511627907,0.732558139534884,0.702127659574468,0.714285714285714,0.808823529411765,0.716981132075472,0.829787234042553,0.8,0.744186046511628,0.714285714285714,0.754098360655738,0.742424242424242,0.864864864864865,0.733333333333333,0.833333333333333,0.818181818181818,0.806451612903226,0.707317073170732,0.848837209302326,0.836065573770492,0.848101265822785,0.928571428571429,0.736842105263158,0.683333333333333,0.805970149253731,0.904255319148936,0.783333333333333,0.76,0.74468085106383,0.823529411764706,0.819672131147541,0.837837837837838,0.723076923076923,0.76271186440678,0.842857142857143,0.6,0.681818181818182,0.736842105263158,0,0.76,0.738095238095238,0.716981132075472,0.981132075471698,0.733333333333333,0.883720930232558,0.882978723404255,0.8,0.777777777777778,0.934782608695652,0.811320754716981,0.864864864864865,0.746031746031746,0.817204301075269,0.754385964912281,0.781818181818182,0.83495145631068,0.890909090909091,0.787878787878788,0.727272727272727,0.575,0.840909090909091,0.84251968503937,0.91304347826087,0.767123287671233,0.811320754716981,0.625,0.714285714285714,0.753846153846154,0.714285714285714,0.72463768115942,0.714285714285714,0.734375,0.743589743589744,0.772151898734177,0.754716981132076,0.694915254237288
"IG045",0.708333333333333,0.865671641791045,0.883116883116883,0.846153846153846,0.786516853932584,0.788461538461539,0.822222222222222,0.833333333333333,0.9375,0.925,0.96969696969697,0.727272727272727,0.955056179775281,0.956896551724138,0.93859649122807,0.932432432432432,0.905660377358491,0.851851851851852,0.8875,0.711864406779661,0.830769230769231,0.911111111111111,0.827956989247312,0.78,0.875,0.875,0.827586206896552,0.962264150943396,0.849315068493151,0.826086956521739,0.854545454545455,0.830769230769231,0.878378378378378,0.884955752212389,0.787234042553192,0.912621359223301,0.864077669902913,0.89,0.847826086956522,0.862068965517241,0.890625,0.8625,0.909090909090909,0.875,0.855072463768116,0.918918918918919,0.938144329896907,0.91044776119403,0.851851851851852,0.82,0.888888888888889,0.892307692307692,0.887931034482759,0.797101449275362,0.783333333333333,0.875,0.808510638297872,0.862745098039216,0.857142857142857,0.76,0,0.822222222222222,0.827586206896552,0.961538461538461,0.903846153846154,0.909090909090909,0.928571428571429,0.86,0.918032786885246,0.886363636363636,0.833333333333333,0.894736842105263,0.887323943661972,0.829787234042553,0.890625,0.781818181818182,0.867924528301887,0.826923076923077,0.857142857142857,0.816901408450704,0.8125,0.840909090909091,0.902985074626866,0.91304347826087,0.8,0.854545454545455,0.829787234042553,0.875,0.772727272727273,0.811320754716981,0.871794871794872,0.913793103448276,0.875,0.886363636363636,0.802469135802469,0.88135593220339,0.9
"IG102",0.822222222222222,0.824561403508772,0.796875,0.8,0.835294117647059,0.772727272727273,0.705882352941176,0.61764705882353,0.944444444444444,0.903225806451613,0.91304347826087,0.790322580645161,0.962962962962963,0.912621359223301,0.933333333333333,0.852459016393443,0.911111111111111,0.894736842105263,0.823529411764706,0.901639344262295,0.936507936507936,0.927710843373494,0.837209302325581,0.869565217391304,0.676470588235294,0.8,0.795918367346939,0.904761904761905,0.880597014925373,0.75,0.8,0.824561403508772,0.786885245901639,0.875,0.666666666666667,0.842696629213483,0.875,0.827586206896552,0.810810810810811,0.860759493670886,0.872727272727273,0.861111111111111,1,0.811320754716981,0.813559322033898,0.836065573770492,0.931818181818182,0.915254237288136,0.847826086956522,0.837209302325581,0.785714285714286,0.846153846153846,0.846153846153846,0.786885245901639,0.814814814814815,0.857142857142857,0.72972972972973,0.710526315789474,0.833333333333333,0.738095238095238,0.822222222222222,0,0.74468085106383,0.953488372093023,0.736842105263158,0.852941176470588,0.909090909090909,0.858695652173913,0.8125,0.888888888888889,0.8,0.9,0.727272727272727,0.839080459770115,0.784313725490196,0.765957446808511,0.84375,0.844444444444444,0.819148936170213,0.770491803278689,0.702702702702703,0.923076923076923,0.85,0.952380952380952,0.714285714285714,0.8,0.789473684210526,0.764705882352941,0.819672131147541,0.714285714285714,0.784615384615385,0.8,0.779661016949152,0.787878787878788,0.842105263157895,0.86,0.785714285714286
"IG021",0.847457627118644,0.71875,0.647058823529412,0.714285714285714,0.8,0.69811320754717,0.717391304347826,0.652173913043478,0.954022988505747,0.886363636363636,0.947368421052632,0.714285714285714,0.979381443298969,0.895652173913044,0.923728813559322,0.851351351351351,0.836363636363636,0.821428571428572,0.75,0.845070422535211,0.891891891891892,0.881720430107527,0.722222222222222,0.711538461538462,0.8,0.701492537313433,0.678571428571428,0.910714285714286,0.846153846153846,0.695652173913044,0.69811320754717,0.776119402985075,0.780821917808219,0.890756302521008,0.764705882352941,0.703296703296703,0.817307692307692,0.768421052631579,0.795918367346939,0.793103448275862,0.833333333333333,0.845238095238095,0.935483870967742,0.7,0.75,0.753623188405797,0.920792079207921,0.855072463768116,0.785714285714286,0.75,0.821428571428572,0.828125,0.865546218487395,0.728571428571429,0.784615384615385,0.87012987012987,0.73469387755102,0.814814814814815,0.7,0.716981132075472,0.827586206896552,0.74468085106383,0,0.983050847457627,0.811320754716981,0.875,0.89,0.775510204081633,0.779661016949152,0.9,0.830508474576271,0.857142857142857,0.692307692307692,0.84,0.796875,0.741379310344828,0.822429906542056,0.803571428571429,0.764705882352941,0.676470588235294,0.6875,0.903846153846154,0.866666666666667,0.948051948051948,0.769230769230769,0.789473684210526,0.729166666666667,0.655172413793103,0.791666666666667,0.591836734693877,0.575757575757576,0.722222222222222,0.720588235294118,0.804347826086956,0.773809523809524,0.8,0.814285714285714
"IG113",0.981132075471698,0.953846153846154,0.973684210526316,0.953125,0.969072164948454,0.981481481481482,0.928571428571429,0.933333333333333,0.867647058823529,0.939393939393939,0.916666666666667,0.986666666666667,0.924050632911392,0.972727272727273,0.94392523364486,0.971014492753623,0.936170212765957,0.963414634146341,0.93421052631579,0.953846153846154,0.96969696969697,0.98876404494382,0.97979797979798,0.980769230769231,0.954545454545454,0.986111111111111,0.983050847457627,0.931818181818182,0.958904109589041,0.954545454545454,0.962264150943396,0.953846153846154,0.943661971830986,0.927272727272727,0.979166666666667,0.96,0.961904761904762,0.95959595959596,0.953488372093023,0.941860465116279,0.983870967741935,0.98780487804878,0.980392156862745,0.933333333333333,0.940298507462687,0.956521739130435,0.932584269662921,0.968253968253968,0.961538461538461,0.9375,0.916666666666667,0.961832061068702,0.947826086956522,0.943661971830986,0.968253968253968,0.942028985507246,0.956521739130435,0.91304347826087,0.933333333333333,0.981132075471698,0.961538461538461,0.953488372093023,0.983050847457627,0,0.957446808510638,0.974358974358974,0.945652173913044,0.95049504950495,0.964285714285714,0.921052631578947,0.962264150943396,0.96969696969697,0.955882352941176,0.959183673469388,0.983870967741935,0.964912280701754,0.972477064220183,0.96078431372549,0.962962962962963,0.958904109589041,0.957446808510638,0.976190476190476,0.954887218045113,0.901639344262295,0.975,0.962264150943396,0.955555555555556,0.933333333333333,0.971830985915493,0.962264150943396,0.974358974358974,0.942307692307692,0.957142857142857,0.948717948717949,0.977011494252874,0.945454545454545,0.970149253731343
"IG119",0.88235294117647,0.816666666666667,0.826086956521739,0.793103448275862,0.816091954022989,0.816326530612245,0.8,0.813953488372093,0.947368421052632,0.972972972972973,0.964285714285714,0.803030303030303,0.926829268292683,0.884615384615385,0.945454545454545,0.861538461538462,0.872340425531915,0.886075949367089,0.816901408450704,0.955882352941176,0.907692307692308,0.892857142857143,0.818181818181818,0.833333333333333,0.804878048780488,0.848484848484848,0.833333333333333,0.837209302325581,0.855072463768116,0.775,0.816326530612245,0.873015873015873,0.78125,0.836538461538462,0.818181818181818,0.873684210526316,0.845360824742268,0.795454545454545,0.829268292682927,0.839506172839506,0.88135593220339,0.911392405063291,1,0.824561403508772,0.806451612903226,0.80952380952381,0.898876404494382,0.885245901639344,0.836734693877551,0.851063829787234,0.75,0.879032258064516,0.862385321100917,0.8,0.740740740740741,0.914285714285714,0.785714285714286,0.795454545454545,0.759259259259259,0.733333333333333,0.903846153846154,0.736842105263158,0.811320754716981,0.957446808510638,0,0.868421052631579,0.863636363636364,0.876288659793814,0.702127659574468,0.9,0.884615384615385,0.878787878787879,0.701754385964912,0.806818181818182,0.821428571428572,0.872727272727273,0.838383838383838,0.857142857142857,0.776595744680851,0.838235294117647,0.7,0.977777777777778,0.881889763779528,0.955223880597015,0.768115942028985,0.862745098039216,0.80952380952381,0.711538461538462,0.830769230769231,0.84,0.779411764705882,0.791666666666667,0.774193548387097,0.742857142857143,0.878048780487805,0.849056603773585,0.8
"IG120",0.933333333333333,0.892857142857143,0.892307692307692,0.87037037037037,0.853658536585366,0.833333333333333,0.818181818181818,0.864864864864865,0.971014492753623,0.925925925925926,0.888888888888889,0.852459016393443,0.974025974025974,0.980952380952381,0.980952380952381,0.951612903225806,0.9,0.887323943661972,0.91304347826087,0.931034482758621,0.912280701754386,0.923076923076923,0.88235294117647,0.931818181818182,0.888888888888889,0.864406779661017,0.897959183673469,0.948717948717949,0.90625,0.918918918918919,0.934782608695652,0.912280701754386,0.868852459016394,0.923076923076923,0.805555555555556,0.946236559139785,0.91578947368421,0.885057471264368,0.885714285714286,0.881578947368421,0.944444444444444,0.930555555555556,1,0.945454545454545,0.898305084745763,0.9,0.94047619047619,0.886792452830189,0.883720930232558,0.846153846153846,0.904761904761905,0.907563025210084,0.883495145631068,0.810344827586207,0.886792452830189,0.844827586206896,0.894736842105263,0.871794871794872,0.884615384615385,0.883720930232558,0.909090909090909,0.852941176470588,0.875,0.974358974358974,0.868421052631579,0,0.97752808988764,0.924731182795699,0.893617021276596,0.90625,0.86046511627907,0.923076923076923,0.898305084745763,0.883720930232558,0.836734693877551,0.847826086956522,0.918367346938776,0.880952380952381,0.929292929292929,0.888888888888889,0.897435897435897,0.972222222222222,0.91869918699187,0.948275862068966,0.898550724637681,0.911111111111111,0.861111111111111,0.884615384615385,0.864406779661017,0.886363636363636,0.895522388059701,0.886363636363636,0.864406779661017,0.90625,0.863013698630137,0.916666666666667,0.894736842105263
"IG055",0.928571428571429,0.833333333333333,0.878260869565217,0.808080808080808,0.913669064748201,0.95049504950495,0.883720930232558,0.887640449438202,0.87719298245614,0.963855421686747,0.973333333333333,0.932773109243697,0.847457627118644,0.757575757575757,0.698412698412698,0.78,0.89010989010989,0.9375,0.788990825688073,0.946902654867257,0.946902654867257,0.93984962406015,0.857142857142857,0.893617021276596,0.858823529411765,0.882882882882883,0.878787878787879,0.886363636363636,0.932773109243697,0.910112359550562,0.847826086956522,0.821782178217822,0.864864864864865,0.83448275862069,0.924731182795699,0.76984126984127,0.832116788321168,0.859259259259259,0.933333333333333,0.854838709677419,0.934579439252336,0.969230769230769,1,0.838383838383838,0.815533980582524,0.861111111111111,0.893939393939394,0.91588785046729,0.939393939393939,0.926315789473684,0.855555555555556,0.886904761904762,0.883116883116883,0.884955752212389,0.884615384615385,0.949152542372881,0.887640449438202,0.877777777777778,0.85,0.882978723404255,0.928571428571429,0.909090909090909,0.89,0.945652173913044,0.863636363636364,0.97752808988764,0,0.86231884057971,0.864583333333333,0.930232558139535,0.918367346938776,0.9375,0.85981308411215,0.875,0.924528301886792,0.92156862745098,0.843971631205674,0.893617021276596,0.86013986013986,0.876106194690265,0.863636363636364,0.989247311827957,0.79746835443038,0.936936936936937,0.872881355932203,0.929292929292929,0.911111111111111,0.861386138613861,0.912280701754386,0.895833333333333,0.870689655172414,0.808988764044944,0.830188679245283,0.904761904761905,0.90625,0.876288659793814,0.878504672897196
"IG072",0.86,0.780952380952381,0.767857142857143,0.704081632653061,0.796992481203007,0.826530612244898,0.820224719101124,0.813186813186813,0.912698412698413,0.895348837209302,0.963855421686747,0.847457627118644,0.964285714285714,0.854304635761589,0.891025641025641,0.870689655172414,0.910891089108911,0.760683760683761,0.631067961165048,0.825688073394495,0.92436974789916,0.818897637795276,0.658333333333333,0.771739130434783,0.847826086956522,0.779816513761468,0.846153846153846,0.873684210526316,0.763636363636364,0.835164835164835,0.789473684210526,0.792452830188679,0.738317757009346,0.821192052980133,0.864583333333333,0.728682170542636,0.729323308270677,0.685483870967742,0.858695652173913,0.801587301587302,0.891891891891892,0.865079365079365,0.972477064220183,0.772277227722772,0.764150943396226,0.831858407079646,0.851851851851852,0.786407766990291,0.86,0.793478260869565,0.833333333333333,0.735483870967742,0.76027397260274,0.761467889908257,0.831775700934579,0.8125,0.772727272727273,0.804347826086956,0.772277227722772,0.8,0.86,0.858695652173913,0.775510204081633,0.95049504950495,0.876288659793814,0.924731182795699,0.86231884057971,0,0.74468085106383,0.902173913043478,0.861386138613861,0.931818181818182,0.728155339805825,0.772727272727273,0.817307692307692,0.81,0.837837837837838,0.892156862745098,0.753623188405797,0.716981132075472,0.788888888888889,0.95959595959596,0.779141104294478,0.914529914529915,0.775862068965517,0.85,0.755813953488372,0.73469387755102,0.733333333333333,0.789473684210526,0.653846153846154,0.789473684210526,0.768518518518519,0.877777777777778,0.747899159663866,0.783505154639175,0.747572815533981
"IG073",0.918032786885246,0.823529411764706,0.767123287671233,0.746031746031746,0.891089108910891,0.803571428571429,0.787234042553192,0.846153846153846,0.965116279069767,0.931818181818182,0.944444444444444,0.857142857142857,0.968085106382979,0.863636363636364,0.922413793103448,0.814285714285714,0.807692307692308,0.897727272727273,0.63235294117647,0.873239436619718,0.933333333333333,0.853932584269663,0.797872340425532,0.773584905660377,0.791666666666667,0.802816901408451,0.838709677419355,0.886792452830189,0.842105263157895,0.739130434782609,0.803571428571429,0.840579710144927,0.720588235294118,0.879310344827586,0.849056603773585,0.84,0.847619047619048,0.802083333333333,0.836734693877551,0.880434782608696,0.91304347826087,0.895348837209302,0.984126984126984,0.754098360655738,0.761194029850746,0.782608695652174,0.908163265306122,0.867647058823529,0.821428571428572,0.788461538461539,0.857142857142857,0.861538461538462,0.872881355932203,0.855263157894737,0.796875,0.924050632911392,0.723404255319149,0.784313725490196,0.793650793650794,0.777777777777778,0.918032786885246,0.8125,0.779661016949152,0.964285714285714,0.702127659574468,0.893617021276596,0.864583333333333,0.74468085106383,0,0.918367346938776,0.901639344262295,0.904761904761905,0.761194029850746,0.86,0.770491803278689,0.890625,0.892857142857143,0.916666666666667,0.807692307692308,0.810810810810811,0.729166666666667,0.981481481481482,0.873134328358209,0.946666666666667,0.825,0.864406779661017,0.74468085106383,0.754098360655738,0.835616438356164,0.803571428571429,0.704225352112676,0.735849056603774,0.692307692307692,0.767441860465116,0.877777777777778,0.771929824561403,0.693548387096774
"IG015",0.833333333333333,0.833333333333333,0.841269841269841,0.851851851851852,0.869047619047619,0.888888888888889,0.787878787878788,0.837837837837838,0.892307692307692,0.75,0.833333333333333,0.873015873015873,0.947368421052632,0.941176470588235,0.951456310679612,0.935483870967742,0.928571428571429,0.840579710144927,0.848484848484848,0.875,0.875,0.924050632911392,0.870588235294118,0.933333333333333,0.891891891891892,0.9375,0.9,0.894736842105263,0.836065573770492,0.891891891891892,0.91304347826087,0.854545454545455,0.939393939393939,0.858585858585858,0.871794871794872,0.9,0.844444444444444,0.873563218390805,0.918918918918919,0.821917808219178,0.945454545454545,0.945945945945946,1,0.907407407407407,0.88135593220339,0.864406779661017,0.888888888888889,0.888888888888889,0.886363636363636,0.82051282051282,0.72972972972973,0.899159663865546,0.884615384615385,0.852459016393443,0.8,0.847457627118644,0.868421052631579,0.81578947368421,0.843137254901961,0.934782608695652,0.886363636363636,0.888888888888889,0.9,0.921052631578947,0.9,0.90625,0.930232558139535,0.902173913043478,0.918367346938776,0,0.863636363636364,0.964285714285714,0.918032786885246,0.872093023255814,0.945454545454545,0.897959183673469,0.861702127659574,0.769230769230769,0.885416666666667,0.796610169491525,0.9,0.972972972972973,0.883333333333333,0.912280701754386,0.867647058823529,0.863636363636364,0.864864864864865,0.795918367346939,0.807017543859649,0.837209302325581,0.846153846153846,0.863636363636364,0.920634920634921,0.909090909090909,0.909090909090909,0.767441860465116,0.836363636363636
"IG016",0.74,0.850746268656717,0.791666666666667,0.848484848484848,0.827956989247312,0.72,0.851063829787234,0.836734693877551,0.938271604938272,0.9,0.939393939393939,0.835616438356164,0.967032967032967,0.948275862068966,0.939130434782609,0.918918918918919,0.907407407407407,0.880952380952381,0.860759493670886,0.796875,0.850746268656717,0.946808510638298,0.829787234042553,0.931034482758621,0.877551020408163,0.906666666666667,0.810344827586207,0.962962962962963,0.802816901408451,0.829787234042553,0.87719298245614,0.850746268656717,0.864864864864865,0.876106194690265,0.711111111111111,0.87,0.886792452830189,0.857142857142857,0.897959183673469,0.837209302325581,0.838709677419355,0.904761904761905,0.910714285714286,0.82258064516129,0.769230769230769,0.875,0.905263157894737,0.895522388059701,0.854545454545455,0.846153846153846,0.78,0.884615384615385,0.869565217391304,0.746268656716418,0.745762711864407,0.811594202898551,0.787234042553192,0.843137254901961,0.82258064516129,0.811320754716981,0.833333333333333,0.8,0.830508474576271,0.962264150943396,0.884615384615385,0.86046511627907,0.918367346938776,0.861386138613861,0.901639344262295,0.863636363636364,0,0.868421052631579,0.840579710144927,0.819148936170213,0.892307692307692,0.785714285714286,0.825242718446602,0.830188679245283,0.801980198019802,0.802816901408451,0.816326530612245,0.916666666666667,0.903703703703704,0.929577464788732,0.818181818181818,0.72,0.857142857142857,0.82258064516129,0.794117647058823,0.693877551020408,0.828947368421053,0.87719298245614,0.876712328767123,0.75,0.819277108433735,0.824561403508772,0.869565217391304
"IG018",0.833333333333333,0.857142857142857,0.9,0.9,0.91358024691358,0.837837837837838,0.862068965517241,0.875,0.968253968253968,0.954545454545454,0.923076923076923,0.896551724137931,1,0.969387755102041,0.969387755102041,0.964912280701754,0.88235294117647,0.942028985507246,0.904761904761905,0.923076923076923,0.943396226415094,0.96,0.952941176470588,0.794117647058823,0.9375,0.910714285714286,0.8,1,0.896551724137931,0.692307692307692,0.805555555555556,0.901960784313726,0.932203389830508,0.970873786407767,0.911764705882353,0.917647058823529,0.956989247311828,0.941860465116279,0.9,0.946666666666667,0.9375,0.955882352941176,0.947368421052632,0.869565217391304,0.865384615384615,0.888888888888889,0.9625,0.980769230769231,0.894736842105263,0.945945945945946,0.888888888888889,0.966666666666667,0.971698113207547,0.894736842105263,0.872340425531915,0.966101694915254,0.838709677419355,0.88235294117647,0.893617021276596,0.864864864864865,0.894736842105263,0.9,0.857142857142857,0.96969696969697,0.878787878787879,0.923076923076923,0.9375,0.931818181818182,0.904761904761905,0.964285714285714,0.868421052631579,0,0.886792452830189,0.941176470588235,0.914893617021277,0.880952380952381,0.936170212765957,0.948717948717949,0.936170212765957,0.87719298245614,0.878787878787879,0.931034482758621,0.975806451612903,0.981481481481482,0.888888888888889,0.897435897435897,0.870967741935484,0.844444444444444,0.910714285714286,0.868421052631579,0.885245901639344,0.837837837837838,0.87037037037037,0.739130434782609,0.915492957746479,0.904761904761905,0.944444444444444
"IG051",0.838235294117647,0.743243243243243,0.773809523809524,0.722222222222222,0.75,0.769230769230769,0.813559322033898,0.76271186440678,0.948453608247423,0.928571428571429,0.9375,0.811764705882353,0.962264150943396,0.868852459016394,0.913385826771653,0.829268292682927,0.80952380952381,0.842105263157895,0.767441860465116,0.892857142857143,0.943181818181818,0.872549019607843,0.727272727272727,0.835820895522388,0.816666666666667,0.710526315789474,0.819444444444444,0.875,0.768292682926829,0.754385964912281,0.73015873015873,0.822784810126582,0.717948717948718,0.856,0.766666666666667,0.747572815533981,0.803571428571429,0.72,0.793103448275862,0.804123711340206,0.810810810810811,0.8,0.945205479452055,0.710144927536232,0.72,0.7875,0.899082568807339,0.860759493670886,0.82089552238806,0.830769230769231,0.833333333333333,0.770992366412214,0.82258064516129,0.68421052631579,0.767123287671233,0.847058823529412,0.783333333333333,0.828125,0.780821917808219,0.746031746031746,0.887323943661972,0.727272727272727,0.692307692307692,0.955882352941176,0.701754385964912,0.898305084745763,0.85981308411215,0.728155339805825,0.761194029850746,0.918032786885246,0.840579710144927,0.886792452830189,0,0.79047619047619,0.742857142857143,0.746268656716418,0.808695652173913,0.835820895522388,0.754545454545455,0.768292682926829,0.701754385964912,0.9375,0.811594202898551,0.954545454545454,0.710843373493976,0.75,0.758620689655172,0.651515151515151,0.819277108433735,0.75,0.670886075949367,0.73015873015873,0.727272727272727,0.730769230769231,0.747252747252747,0.830985915492958,0.763157894736842
"IG052",0.829787234042553,0.830188679245283,0.803571428571429,0.805825242718447,0.689075630252101,0.806451612903226,0.877777777777778,0.831460674157303,0.91869918699187,0.929411764705882,0.975,0.742857142857143,0.963235294117647,0.888157894736842,0.888157894736842,0.866071428571429,0.929292929292929,0.773913043478261,0.787610619469027,0.862385321100917,0.862385321100917,0.832,0.733870967741935,0.876288659793814,0.866666666666667,0.837837837837838,0.851485148514851,0.927083333333333,0.742857142857143,0.879120879120879,0.84375,0.841121495327103,0.809090909090909,0.701492537313433,0.764705882352941,0.805970149253731,0.72093023255814,0.641025641025641,0.865168539325843,0.699115044247788,0.855769230769231,0.841666666666667,0.990654205607477,0.878504672897196,0.834862385321101,0.867256637168142,0.873134328358209,0.813725490196078,0.9,0.811111111111111,0.851063829787234,0.736842105263158,0.753521126760563,0.728155339805825,0.777777777777778,0.771428571428571,0.857142857142857,0.847826086956522,0.823529411764706,0.817204301075269,0.829787234042553,0.839080459770115,0.84,0.959183673469388,0.806818181818182,0.883720930232558,0.875,0.772727272727273,0.86,0.872093023255814,0.819148936170213,0.941176470588235,0.79047619047619,0,0.821782178217822,0.75,0.6875,0.802197802197802,0.677165354330709,0.742857142857143,0.793103448275862,0.96875,0.788819875776398,0.930434782608696,0.69811320754717,0.831578947368421,0.842696629213483,0.823529411764706,0.759615384615385,0.806451612903226,0.774774774774775,0.831578947368421,0.858407079646018,0.910112359550562,0.705357142857143,0.836734693877551,0.80952380952381
"IG037",0.924242424242424,0.866666666666667,0.79746835443038,0.746268656716418,0.818181818181818,0.736842105263158,0.851851851851852,0.859649122807018,0.978260869565217,0.980392156862745,0.951219512195122,0.8375,0.959183673469388,0.916666666666667,0.925619834710744,0.826666666666667,0.824561403508772,0.827586206896552,0.847058823529412,0.896103896103896,0.975903614457831,0.824175824175824,0.831683168316832,0.833333333333333,0.833333333333333,0.783783783783784,0.867647058823529,0.896551724137931,0.743243243243243,0.811320754716981,0.838709677419355,0.835616438356164,0.704225352112676,0.865546218487395,0.8,0.836538461538462,0.844036697247706,0.8,0.76,0.863157894736842,0.873239436619718,0.80952380952381,0.921875,0.826086956521739,0.826666666666667,0.873417721518987,0.901960784313726,0.845070422535211,0.836065573770492,0.807017543859649,0.938461538461539,0.785714285714286,0.8,0.789473684210526,0.828571428571429,0.767123287671233,0.839285714285714,0.824561403508772,0.859154929577465,0.754385964912281,0.890625,0.784313725490196,0.796875,0.983870967741935,0.821428571428572,0.836734693877551,0.924528301886792,0.817307692307692,0.770491803278689,0.945454545454545,0.892307692307692,0.914893617021277,0.742857142857143,0.821782178217822,0,0.733333333333333,0.848214285714286,0.923076923076923,0.848214285714286,0.807692307692308,0.777777777777778,0.909090909090909,0.852941176470588,0.975609756097561,0.835294117647059,0.819672131147541,0.792452830188679,0.772727272727273,0.8,0.857142857142857,0.74025974025974,0.819672131147541,0.75,0.816326530612245,0.781609195402299,0.828125,0.753623188405797
"IG028",0.883333333333333,0.859154929577465,0.753424657534246,0.805970149253731,0.730337078651685,0.716981132075472,0.84,0.803921568627451,0.953488372093023,0.933333333333333,0.973684210526316,0.651515151515151,0.979166666666667,0.932203389830508,0.941176470588235,0.909090909090909,0.932203389830508,0.804878048780488,0.853658536585366,0.826086956521739,0.89041095890411,0.89247311827957,0.8125,0.842105263157895,0.82,0.805555555555556,0.783333333333333,0.947368421052632,0.691176470588235,0.82,0.847457627118644,0.89041095890411,0.810810810810811,0.870689655172414,0.708333333333333,0.875,0.838095238095238,0.765957446808511,0.884615384615385,0.746987951807229,0.733333333333333,0.753246753246753,0.951612903225806,0.815384615384615,0.782608695652174,0.866666666666667,0.941176470588235,0.852941176470588,0.844827586206896,0.72,0.839285714285714,0.817460317460317,0.834782608695652,0.646153846153846,0.78125,0.753623188405797,0.826923076923077,0.833333333333333,0.833333333333333,0.781818181818182,0.781818181818182,0.765957446808511,0.741379310344828,0.964912280701754,0.872727272727273,0.847826086956522,0.92156862745098,0.81,0.890625,0.897959183673469,0.785714285714286,0.880952380952381,0.746268656716418,0.75,0.733333333333333,0,0.831775700934579,0.8,0.80952380952381,0.813333333333333,0.73469387755102,0.901960784313726,0.865671641791045,0.933333333333333,0.8125,0.64,0.8,0.777777777777778,0.771428571428571,0.692307692307692,0.792207792207792,0.866666666666667,0.821917808219178,0.851063829787234,0.621621621621622,0.816666666666667,0.861111111111111
"IG031",0.83495145631068,0.824561403508772,0.789915966386555,0.8125,0.692913385826772,0.801980198019802,0.878787878787879,0.836734693877551,0.891472868217054,0.925531914893617,0.966292134831461,0.80672268907563,0.958620689655172,0.901840490797546,0.895061728395062,0.912698412698413,0.905660377358491,0.792,0.804878048780488,0.873949579831933,0.864406779661017,0.885714285714286,0.744360902255639,0.898148148148148,0.891089108910891,0.860655737704918,0.844036697247706,0.923809523809524,0.80672268907563,0.891089108910891,0.869158878504673,0.834782608695652,0.834710743801653,0.704225352112676,0.789473684210526,0.75,0.694029850746269,0.729323308270677,0.89,0.71311475409836,0.848214285714286,0.888059701492537,0.964912280701754,0.859649122807018,0.838983050847458,0.840336134453781,0.866197183098592,0.850877192982456,0.878504672897196,0.875,0.808080808080808,0.760736196319018,0.777777777777778,0.72972972972973,0.787037037037037,0.831932773109244,0.871287128712871,0.87378640776699,0.75,0.83495145631068,0.867924528301887,0.84375,0.822429906542056,0.972477064220183,0.838383838383838,0.918367346938776,0.843971631205674,0.837837837837838,0.892857142857143,0.861702127659574,0.825242718446602,0.936170212765957,0.808695652173913,0.6875,0.848214285714286,0.831775700934579,0,0.760416666666667,0.681481481481482,0.709090909090909,0.838383838383838,0.961904761904762,0.772455089820359,0.936,0.735042735042735,0.869158878504673,0.881188118811881,0.785046728971963,0.811965811965812,0.801980198019802,0.741379310344828,0.813725490196078,0.869918699186992,0.885416666666667,0.798449612403101,0.830188679245283,0.826086956521739
"IG110",0.849056603773585,0.846153846153846,0.866666666666667,0.84375,0.770114942528736,0.872727272727273,0.869565217391304,0.75,0.88,0.864864864864865,0.935483870967742,0.830985915492958,0.954545454545454,0.928571428571429,0.918918918918919,0.931506849315069,0.944444444444444,0.835443037974683,0.857142857142857,0.880597014925373,0.790322580645161,0.897727272727273,0.838709677419355,0.909090909090909,0.872340425531915,0.904109589041096,0.864406779661017,0.941176470588235,0.847222222222222,0.918367346938776,0.912280701754386,0.828125,0.876712328767123,0.798076923076923,0.808510638297872,0.84375,0.791666666666667,0.804347826086956,0.916666666666667,0.675675675675676,0.813559322033898,0.902439024390244,0.964912280701754,0.873015873015873,0.869565217391304,0.902777777777778,0.903225806451613,0.925373134328358,0.87037037037037,0.862745098039216,0.82,0.874015748031496,0.846846846846847,0.794117647058823,0.838709677419355,0.888888888888889,0.877551020408163,0.88235294117647,0.775862068965517,0.890909090909091,0.826923076923077,0.844444444444444,0.803571428571429,0.96078431372549,0.857142857142857,0.880952380952381,0.893617021276596,0.892156862745098,0.916666666666667,0.769230769230769,0.830188679245283,0.948717948717949,0.835820895522388,0.802197802197802,0.923076923076923,0.8,0.760416666666667,0,0.833333333333333,0.779411764705882,0.833333333333333,0.958333333333333,0.813008130081301,0.911764705882353,0.797297297297297,0.851851851851852,0.875,0.816666666666667,0.805970149253731,0.76,0.84,0.872727272727273,0.918918918918919,0.883720930232558,0.843373493975904,0.879310344827586,0.898550724637681
"IG034",0.83495145631068,0.770642201834862,0.690909090909091,0.768518518518519,0.703125,0.801980198019802,0.86734693877551,0.836734693877551,0.924812030075188,0.936842105263158,0.977777777777778,0.743362831858407,0.965753424657534,0.867088607594937,0.895061728395062,0.895161290322581,0.884615384615385,0.811023622047244,0.764705882352941,0.854700854700855,0.844827586206896,0.861313868613139,0.68503937007874,0.821782178217822,0.857142857142857,0.811965811965812,0.822429906542056,0.923809523809524,0.775862068965517,0.833333333333333,0.825242718446602,0.854700854700855,0.752212389380531,0.76510067114094,0.763440860215054,0.73134328358209,0.731884057971015,0.603305785123967,0.900990099009901,0.691666666666667,0.81651376146789,0.888059701492537,0.955752212389381,0.773584905660377,0.754545454545455,0.767857142857143,0.881944444444444,0.84070796460177,0.878504672897196,0.806122448979592,0.808080808080808,0.753086419753086,0.793548387096774,0.718181818181818,0.764150943396226,0.811965811965812,0.8125,0.84,0.712871287128713,0.787878787878788,0.857142857142857,0.819148936170213,0.764705882352941,0.962962962962963,0.776595744680851,0.929292929292929,0.86013986013986,0.753623188405797,0.807692307692308,0.885416666666667,0.801980198019802,0.936170212765957,0.754545454545455,0.677165354330709,0.848214285714286,0.80952380952381,0.681481481481482,0.833333333333333,0,0.634615384615385,0.75,0.941747572815534,0.794117647058823,0.9609375,0.724137931034483,0.836538461538462,0.846938775510204,0.785046728971963,0.747747747747748,0.726315789473684,0.672727272727273,0.813725490196078,0.811965811965812,0.861702127659574,0.76984126984127,0.819047619047619,0.805309734513274
"IG035",0.816901408450704,0.743589743589744,0.597402597402597,0.723684210526316,0.796296296296296,0.768115942028985,0.770491803278689,0.78125,0.919191919191919,0.879310344827586,0.943396226415094,0.795454545454545,0.963963963963964,0.891472868217054,0.9,0.902173913043478,0.888888888888889,0.763440860215054,0.662650602409638,0.819277108433735,0.86046511627907,0.823529411764706,0.663265306122449,0.723076923076923,0.830769230769231,0.74390243902439,0.75,0.915492957746479,0.781609195402299,0.793650793650794,0.785714285714286,0.775,0.764705882352941,0.776859504132231,0.704918032786885,0.699029126213592,0.712962962962963,0.614583333333333,0.863636363636364,0.739583333333333,0.822784810126582,0.858585858585858,0.975,0.810126582278481,0.783132530120482,0.785714285714286,0.883928571428571,0.8125,0.864864864864865,0.791044776119403,0.794117647058823,0.77037037037037,0.811023622047244,0.719512195121951,0.766233766233766,0.773809523809524,0.761904761904762,0.787878787878788,0.72972972972973,0.727272727272727,0.816901408450704,0.770491803278689,0.676470588235294,0.958904109589041,0.838235294117647,0.888888888888889,0.876106194690265,0.716981132075472,0.810810810810811,0.796610169491525,0.802816901408451,0.87719298245614,0.768292682926829,0.742857142857143,0.807692307692308,0.813333333333333,0.709090909090909,0.779411764705882,0.634615384615385,0,0.765625,0.942028985507246,0.818181818181818,0.922222222222222,0.741573033707865,0.802816901408451,0.737704918032787,0.72972972972973,0.67948717948718,0.60655737704918,0.607594936708861,0.73134328358209,0.759036144578313,0.836065573770492,0.734042553191489,0.72463768115942,0.697368421052632
"IG099",0.787234042553192,0.732142857142857,0.734375,0.627450980392157,0.802325581395349,0.651162790697674,0.736842105263158,0.75609756097561,0.918918918918919,0.88235294117647,0.964285714285714,0.784615384615385,0.964705882352941,0.84,0.895238095238095,0.84375,0.847826086956522,0.826666666666667,0.764705882352941,0.890625,0.873015873015873,0.879518072289157,0.776470588235294,0.727272727272727,0.6,0.830769230769231,0.74,0.888888888888889,0.784615384615385,0.710526315789474,0.681818181818182,0.754385964912281,0.721311475409836,0.869158878504673,0.731707317073171,0.784090909090909,0.821052631578947,0.767441860465116,0.736842105263158,0.810126582278481,0.842105263157895,0.868421052631579,0.962264150943396,0.66,0.745762711864407,0.80952380952381,0.898876404494382,0.807017543859649,0.760869565217391,0.714285714285714,0.777777777777778,0.888,0.892857142857143,0.761904761904762,0.740740740740741,0.865671641791045,0.621621621621622,0.738095238095238,0.63265306122449,0.575,0.8125,0.702702702702703,0.6875,0.957446808510638,0.7,0.897435897435897,0.863636363636364,0.788888888888889,0.729166666666667,0.9,0.816326530612245,0.878787878787879,0.701754385964912,0.793103448275862,0.777777777777778,0.73469387755102,0.838383838383838,0.833333333333333,0.75,0.765625,0,0.904761904761905,0.881889763779528,0.923076923076923,0.768115942028985,0.791666666666667,0.648648648648649,0.711538461538462,0.848484848484848,0.681818181818182,0.703125,0.711111111111111,0.711864406779661,0.705882352941176,0.805194805194805,0.729166666666667,0.779661016949152
"IG044",0.914893617021277,0.934426229508197,0.928571428571429,0.950819672131147,0.945652173913044,0.869565217391304,0.923076923076923,0.953488372093023,0.972222222222222,0.933333333333333,1,0.91044776119403,0.987654320987654,0.981481481481482,0.981481481481482,0.953846153846154,0.906976744186046,0.975,0.96,0.916666666666667,0.951612903225806,0.976470588235294,0.946236559139785,0.91304347826087,0.951219512195122,0.970588235294118,0.924528301886792,0.976744186046512,0.91044776119403,0.925,0.916666666666667,0.934426229508197,0.956521739130435,0.973214285714286,0.904761904761905,0.958762886597938,0.970873786407767,0.979591836734694,0.894736842105263,0.952380952380952,0.888888888888889,0.933333333333333,0.46875,0.890909090909091,0.903225806451613,0.970149253731343,0.989010989010989,0.949152542372881,0.891304347826087,0.883720930232558,0.957446808510638,0.952755905511811,0.964912280701754,0.909090909090909,0.912280701754386,0.939393939393939,0.928571428571429,0.955555555555556,0.948275862068966,0.840909090909091,0.840909090909091,0.923076923076923,0.903846153846154,0.976190476190476,0.977777777777778,0.972222222222222,0.989247311827957,0.95959595959596,0.981481481481482,0.972972972972973,0.916666666666667,0.931034482758621,0.9375,0.96875,0.909090909090909,0.901960784313726,0.961904761904762,0.958333333333333,0.941747572815534,0.942028985507246,0.904761904761905,0,0.977443609022556,0.967741935483871,0.946666666666667,0.893617021276596,0.952380952380952,0.948275862068966,0.955223880597015,0.893617021276596,0.945205479452055,0.980392156862745,0.955223880597015,0.88235294117647,0.938271604938272,0.942307692307692,0.96875
"IG076",0.927007299270073,0.824817518248175,0.828767123287671,0.769230769230769,0.786163522012579,0.895522388059701,0.85,0.872,0.859060402684564,0.950819672131147,0.974137931034483,0.873333333333333,0.894409937888199,0.842696629213483,0.822857142857143,0.861111111111111,0.924812030075188,0.789115646258503,0.808219178082192,0.904761904761905,0.919463087248322,0.803921568627451,0.73202614379085,0.893939393939394,0.860655737704918,0.830985915492958,0.883211678832117,0.888888888888889,0.842465753424658,0.905511811023622,0.895522388059701,0.833333333333333,0.808510638297872,0.758823529411765,0.890625,0.77639751552795,0.729559748427673,0.759493670886076,0.887096774193548,0.76510067114094,0.901408450704225,0.906832298136646,0.986013986013986,0.81060606060606,0.766917293233083,0.854166666666667,0.802547770700637,0.879432624113475,0.919117647058824,0.892307692307692,0.8671875,0.698863636363636,0.679012345679012,0.8,0.855072463768116,0.822695035460993,0.880952380952381,0.818181818181818,0.845588235294118,0.84251968503937,0.902985074626866,0.85,0.866666666666667,0.954887218045113,0.881889763779528,0.91869918699187,0.79746835443038,0.779141104294478,0.873134328358209,0.883333333333333,0.903703703703704,0.975806451612903,0.811594202898551,0.788819875776398,0.852941176470588,0.865671641791045,0.772455089820359,0.813008130081301,0.794117647058823,0.818181818181818,0.881889763779528,0.977443609022556,0,0.933333333333333,0.817567567567568,0.903703703703704,0.870967741935484,0.782945736434108,0.814285714285714,0.861538461538462,0.78169014084507,0.825396825396825,0.822695035460993,0.928,0.794701986754967,0.864661654135338,0.724409448818898
"IG079",0.928571428571429,0.901234567901235,0.923913043478261,0.91358024691358,0.947826086956522,0.944444444444444,0.88135593220339,0.921875,0.833333333333333,0.901960784313726,0.955555555555556,0.945652173913044,0.94,0.961240310077519,0.919354838709677,0.966292134831461,0.971014492753623,0.907216494845361,0.914893617021277,0.914634146341463,0.901234567901235,0.952830188679245,0.939130434782609,0.911764705882353,0.919354838709677,0.943820224719101,0.905405405405405,0.903225806451613,0.922222222222222,0.969230769230769,0.986666666666667,0.914634146341463,0.945054945054945,0.888,0.939393939393939,0.922413793103448,0.907563025210084,0.931034482758621,0.952380952380952,0.923076923076923,0.936708860759494,0.94949494949495,0.986111111111111,0.9375,0.904761904761905,0.955056179775281,0.765957446808511,0.925,0.943661971830986,0.892307692307692,0.893939393939394,0.939189189189189,0.924242424242424,0.921348314606742,0.951219512195122,0.906976744186046,0.921875,0.907692307692308,0.851351351351351,0.91304347826087,0.91304347826087,0.952380952380952,0.948051948051948,0.901639344262295,0.955223880597015,0.948275862068966,0.936936936936937,0.914529914529915,0.946666666666667,0.912280701754386,0.929577464788732,0.981481481481482,0.954545454545454,0.930434782608696,0.975609756097561,0.933333333333333,0.936,0.911764705882353,0.9609375,0.922222222222222,0.923076923076923,0.967741935483871,0.933333333333333,0,0.927083333333333,0.929577464788732,0.953846153846154,0.91025641025641,0.919540229885058,0.958904109589041,0.947916666666667,0.929577464788732,0.955555555555556,0.966666666666667,0.910891089108911,0.902777777777778,0.91566265060241
"IG111",0.8,0.716049382716049,0.774193548387097,0.773809523809524,0.740740740740741,0.77027027027027,0.808823529411765,0.8,0.923809523809524,0.907692307692308,0.949152542372881,0.755555555555555,0.965811965811966,0.904411764705882,0.928057553956835,0.861702127659574,0.868421052631579,0.813725490196078,0.83,0.869565217391304,0.869565217391304,0.904347826086957,0.695238095238095,0.844155844155844,0.811594202898551,0.827956989247312,0.814814814814815,0.907894736842105,0.795698924731183,0.811594202898551,0.786666666666667,0.818181818181818,0.84375,0.796875,0.75,0.761061946902655,0.771186440677966,0.747747747747748,0.859154929577465,0.754901960784314,0.848837209302326,0.855769230769231,0.964705882352941,0.795180722891566,0.797752808988764,0.744186046511628,0.889830508474576,0.89010989010989,0.831168831168831,0.87012987012987,0.777777777777778,0.829931972789116,0.845588235294118,0.694117647058824,0.721518987341772,0.852631578947368,0.816901408450704,0.837837837837838,0.717948717948718,0.767123287671233,0.8,0.714285714285714,0.769230769230769,0.975,0.768115942028985,0.898550724637681,0.872881355932203,0.775862068965517,0.825,0.867647058823529,0.818181818181818,0.888888888888889,0.710843373493976,0.69811320754717,0.835294117647059,0.8125,0.735042735042735,0.797297297297297,0.724137931034483,0.741573033707865,0.768115942028985,0.946666666666667,0.817567567567568,0.927083333333333,0,0.833333333333333,0.779411764705882,0.701298701298701,0.717647058823529,0.736111111111111,0.681818181818182,0.77027027027027,0.827956989247312,0.815384615384615,0.798076923076923,0.810126582278481,0.793103448275862
"IG087",0.833333333333333,0.833333333333333,0.757142857142857,0.8125,0.827956989247312,0.72,0.8,0.86,0.938271604938272,0.9,0.939393939393939,0.785714285714286,0.978260869565217,0.920353982300885,0.957264957264957,0.857142857142857,0.865384615384615,0.880952380952381,0.860759493670886,0.815384615384615,0.884057971014493,0.946808510638298,0.854166666666667,0.872727272727273,0.829787234042553,0.845070422535211,0.767857142857143,0.943396226415094,0.75,0.777777777777778,0.836363636363636,0.867647058823529,0.782608695652174,0.885964912280702,0.739130434782609,0.835051546391753,0.865384615384615,0.833333333333333,0.851063829787234,0.80952380952381,0.8,0.756756756756757,0.890909090909091,0.76271186440678,0.73015873015873,0.842857142857143,0.916666666666667,0.861538461538462,0.811320754716981,0.775510204081633,0.87037037037037,0.858267716535433,0.849557522123894,0.707692307692308,0.724137931034483,0.811594202898551,0.787234042553192,0.865384615384615,0.80327868852459,0.811320754716981,0.854545454545455,0.8,0.789473684210526,0.962264150943396,0.862745098039216,0.911111111111111,0.929292929292929,0.85,0.864406779661017,0.863636363636364,0.72,0.897435897435897,0.75,0.831578947368421,0.819672131147541,0.64,0.869158878504673,0.851851851851852,0.836538461538462,0.802816901408451,0.791666666666667,0.893617021276596,0.903703703703704,0.929577464788732,0.833333333333333,0,0.857142857142857,0.80327868852459,0.845070422535211,0.693877551020408,0.813333333333333,0.857142857142857,0.845070422535211,0.75,0.727272727272727,0.781818181818182,0.818181818181818
"IG089",0.877551020408163,0.789473684210526,0.803030303030303,0.666666666666667,0.825581395348837,0.782608695652174,0.722222222222222,0.775,0.931506849315069,0.838709677419355,0.875,0.850746268656717,0.988235294117647,0.903846153846154,0.934579439252336,0.892307692307692,0.891304347826087,0.788732394366197,0.738461538461538,0.85,0.904761904761905,0.848101265822785,0.75609756097561,0.744186046511628,0.763157894736842,0.786885245901639,0.803921568627451,0.829268292682927,0.796875,0.763157894736842,0.727272727272727,0.722222222222222,0.8125,0.866666666666667,0.837209302325581,0.793103448275862,0.804347826086956,0.804597701149425,0.756756756756757,0.82051282051282,0.896551724137931,0.88,0.980769230769231,0.725490196078431,0.8,0.82258064516129,0.933333333333333,0.821428571428572,0.777777777777778,0.761904761904762,0.795454545454545,0.877049180327869,0.85981308411215,0.711864406779661,0.777777777777778,0.825396825396825,0.675675675675676,0.657894736842105,0.75,0.625,0.829787234042553,0.789473684210526,0.729166666666667,0.955555555555556,0.80952380952381,0.861111111111111,0.911111111111111,0.755813953488372,0.74468085106383,0.864864864864865,0.857142857142857,0.870967741935484,0.758620689655172,0.842696629213483,0.792452830188679,0.8,0.881188118811881,0.875,0.846938775510204,0.737704918032787,0.648648648648649,0.952380952380952,0.870967741935484,0.953846153846154,0.779411764705882,0.857142857142857,0,0.673469387755102,0.724137931034483,0.666666666666667,0.65,0.666666666666667,0.766666666666667,0.764705882352941,0.8,0.717391304347826,0.653846153846154
"IG090",0.857142857142857,0.716417910447761,0.702702702702703,0.629032258064516,0.74468085106383,0.741379310344828,0.74,0.730769230769231,0.88235294117647,0.895833333333333,0.926829268292683,0.763157894736842,0.948979591836735,0.860869565217391,0.908333333333333,0.844155844155844,0.866666666666667,0.773809523809524,0.68,0.897435897435897,0.897435897435897,0.838709677419355,0.692307692307692,0.775862068965517,0.769230769230769,0.753424657534246,0.741935483870968,0.839285714285714,0.763157894736842,0.72,0.783333333333333,0.788732394366197,0.776315789473684,0.847457627118644,0.824561403508772,0.767676767676768,0.79047619047619,0.739583333333333,0.788461538461539,0.747126436781609,0.875,0.839080459770115,0.955223880597015,0.698412698412698,0.691176470588235,0.714285714285714,0.822916666666667,0.847222222222222,0.758620689655172,0.789473684210526,0.679245283018868,0.796875,0.822033898305085,0.671428571428571,0.703125,0.802631578947368,0.705882352941176,0.716981132075472,0.698412698412698,0.714285714285714,0.875,0.764705882352941,0.655172413793103,0.933333333333333,0.711538461538462,0.884615384615385,0.861386138613861,0.73469387755102,0.754098360655738,0.795918367346939,0.82258064516129,0.844444444444444,0.651515151515151,0.823529411764706,0.772727272727273,0.777777777777778,0.785046728971963,0.816666666666667,0.785046728971963,0.72972972972973,0.711538461538462,0.948275862068966,0.782945736434108,0.91025641025641,0.701298701298701,0.80327868852459,0.673469387755102,0,0.641791044776119,0.741379310344828,0.638888888888889,0.696428571428572,0.7,0.74468085106383,0.755813953488372,0.754098360655738,0.681818181818182
"IG091",0.808823529411765,0.782051282051282,0.764705882352941,0.763157894736842,0.766990291262136,0.794117647058823,0.779661016949152,0.790322580645161,0.927835051546392,0.912280701754386,0.94,0.773809523809524,0.981818181818182,0.939393939393939,0.947368421052632,0.898876404494382,0.915492957746479,0.769230769230769,0.758620689655172,0.79746835443038,0.855421686746988,0.864077669902913,0.732673267326733,0.805970149253731,0.893939393939394,0.823529411764706,0.808219178082192,0.861538461538462,0.67948717948718,0.80327868852459,0.845070422535211,0.82716049382716,0.813953488372093,0.821138211382114,0.774193548387097,0.830357142857143,0.785714285714286,0.737864077669903,0.857142857142857,0.770833333333333,0.846153846153846,0.829787234042553,1,0.848101265822785,0.775,0.80722891566265,0.85981308411215,0.835443037974683,0.859154929577465,0.741935483870968,0.82089552238806,0.783582089552239,0.786885245901639,0.675324675324675,0.722222222222222,0.734177215189873,0.706896551724138,0.796875,0.833333333333333,0.753846153846154,0.772727272727273,0.819672131147541,0.791666666666667,0.971830985915493,0.830769230769231,0.864406779661017,0.912280701754386,0.733333333333333,0.835616438356164,0.807017543859649,0.794117647058823,0.910714285714286,0.819277108433735,0.759615384615385,0.8,0.771428571428571,0.811965811965812,0.805970149253731,0.747747747747748,0.67948717948718,0.848484848484848,0.955223880597015,0.814285714285714,0.919540229885058,0.717647058823529,0.845070422535211,0.724137931034483,0.641791044776119,0,0.738461538461538,0.710843373493976,0.811594202898551,0.837209302325581,0.847457627118644,0.711111111111111,0.768115942028985,0.72
"IG092",0.854545454545455,0.737704918032787,0.661538461538462,0.733333333333333,0.802197802197802,0.72,0.744186046511628,0.704545454545455,0.938271604938272,0.842105263157895,0.939393939393939,0.75,0.989247311827957,0.910714285714286,0.939130434782609,0.904109589041096,0.907407407407407,0.794871794871795,0.75,0.815384615384615,0.833333333333333,0.887640449438202,0.75,0.76,0.777777777777778,0.757575757575757,0.647058823529412,0.943396226415094,0.785714285714286,0.69047619047619,0.666666666666667,0.758064516129032,0.764705882352941,0.845454545454545,0.711111111111111,0.744444444444444,0.795918367346939,0.755555555555555,0.826086956521739,0.765432098765432,0.758620689655172,0.85,0.929824561403509,0.719298245614035,0.75,0.753846153846154,0.938775510204082,0.861538461538462,0.833333333333333,0.775510204081633,0.78,0.830645161290323,0.839285714285714,0.622950819672131,0.701754385964912,0.828571428571429,0.733333333333333,0.770833333333333,0.741379310344828,0.714285714285714,0.811320754716981,0.714285714285714,0.591836734693877,0.962264150943396,0.84,0.886363636363636,0.895833333333333,0.789473684210526,0.803571428571429,0.837209302325581,0.693877551020408,0.868421052631579,0.75,0.806451612903226,0.857142857142857,0.692307692307692,0.801980198019802,0.76,0.726315789473684,0.60655737704918,0.681818181818182,0.893617021276596,0.861538461538462,0.958904109589041,0.736111111111111,0.693877551020408,0.666666666666667,0.741379310344828,0.738461538461538,0,0.630769230769231,0.769230769230769,0.776119402985075,0.75,0.759493670886076,0.759259259259259,0.818181818181818
"IG093",0.857142857142857,0.740740740740741,0.634146341463415,0.597222222222222,0.759259259259259,0.746478873239437,0.765625,0.757575757575757,0.922330097087379,0.887096774193548,0.947368421052632,0.777777777777778,0.965217391304348,0.84251968503937,0.902985074626866,0.858695652173913,0.849315068493151,0.760416666666667,0.662790697674419,0.840909090909091,0.891304347826087,0.819047619047619,0.578947368421053,0.757142857142857,0.805970149253731,0.679012345679012,0.763157894736842,0.875,0.777777777777778,0.75,0.746478873239437,0.75609756097561,0.686746987951807,0.821705426356589,0.797101449275362,0.62,0.756521739130435,0.656862745098039,0.838235294117647,0.786407766990291,0.858823529411765,0.864077669902913,0.951219512195122,0.693333333333333,0.75,0.738095238095238,0.897435897435897,0.792682926829268,0.794520547945205,0.785714285714286,0.788732394366197,0.73134328358209,0.798449612403101,0.686746987951807,0.730769230769231,0.797752808988764,0.71875,0.764705882352941,0.657534246575342,0.72463768115942,0.871794871794872,0.784615384615385,0.575757575757576,0.974358974358974,0.779411764705882,0.895522388059701,0.870689655172414,0.653846153846154,0.704225352112676,0.846153846153846,0.828947368421053,0.885245901639344,0.670886075949367,0.774774774774775,0.74025974025974,0.792207792207792,0.741379310344828,0.84,0.672727272727273,0.607594936708861,0.703125,0.945205479452055,0.78169014084507,0.947916666666667,0.681818181818182,0.813333333333333,0.65,0.638888888888889,0.710843373493976,0.630769230769231,0,0.691176470588235,0.645569620253165,0.80952380952381,0.757575757575757,0.756756756756757,0.662337662337662
"IG094",0.854545454545455,0.625,0.757142857142857,0.642857142857143,0.864583333333333,0.836363636363636,0.65,0.760869565217391,0.897435897435897,0.9,0.90625,0.866666666666667,0.955555555555556,0.849056603773585,0.849056603773585,0.769230769230769,0.795918367346939,0.853658536585366,0.75,0.915492957746479,0.945205479452055,0.887640449438202,0.804347826086956,0.76,0.72093023255814,0.794117647058823,0.789473684210526,0.808510638297872,0.851351351351351,0.72093023255814,0.693877551020408,0.694915254237288,0.8,0.845454545454545,0.816326530612245,0.758241758241758,0.795918367346939,0.769230769230769,0.772727272727273,0.80952380952381,0.892307692307692,0.891566265060241,1,0.672727272727273,0.73015873015873,0.734375,0.869565217391304,0.861538461538462,0.788461538461539,0.8,0.78,0.84,0.849557522123894,0.764705882352941,0.766666666666667,0.876712328767123,0.674418604651163,0.717391304347826,0.696428571428572,0.714285714285714,0.913793103448276,0.8,0.722222222222222,0.942307692307692,0.791666666666667,0.886363636363636,0.808988764044944,0.789473684210526,0.735849056603774,0.863636363636364,0.87719298245614,0.837837837837838,0.73015873015873,0.831578947368421,0.819672131147541,0.866666666666667,0.813725490196078,0.872727272727273,0.813725490196078,0.73134328358209,0.711111111111111,0.980392156862745,0.825396825396825,0.929577464788732,0.77027027027027,0.857142857142857,0.666666666666667,0.696428571428572,0.811594202898551,0.769230769230769,0.691176470588235,0,0.698412698412698,0.75,0.833333333333333,0.711538461538462,0.721311475409836
"IG095",0.89041095890411,0.75,0.734939759036145,0.657142857142857,0.824074074074074,0.757575757575757,0.8,0.790322580645161,0.916666666666667,0.931034482758621,0.96078431372549,0.842696629213483,0.901960784313726,0.823529411764706,0.870967741935484,0.790123456790124,0.815384615384615,0.868686868686869,0.744186046511628,0.895348837209302,0.944444444444444,0.83,0.803738317757009,0.787878787878788,0.719298245614035,0.75,0.774647887323944,0.911764705882353,0.855555555555556,0.76271186440678,0.794117647058823,0.782051282051282,0.675324675324675,0.849206349206349,0.830769230769231,0.787037037037037,0.827586206896552,0.785046728971963,0.838709677419355,0.876190476190476,0.902439024390244,0.888888888888889,0.974025974025974,0.71830985915493,0.743589743589744,0.792682926829268,0.880733944954128,0.835443037974683,0.842857142857143,0.818181818181818,0.855072463768116,0.81021897810219,0.870229007633588,0.771084337349398,0.789473684210526,0.837209302325581,0.75,0.796875,0.786666666666667,0.734375,0.875,0.779661016949152,0.720588235294118,0.957142857142857,0.774193548387097,0.864406779661017,0.830188679245283,0.768518518518519,0.692307692307692,0.920634920634921,0.876712328767123,0.87037037037037,0.727272727272727,0.858407079646018,0.75,0.821917808219178,0.869918699186992,0.918918918918919,0.811965811965812,0.759036144578313,0.711864406779661,0.955223880597015,0.822695035460993,0.955555555555556,0.827956989247312,0.845070422535211,0.766666666666667,0.7,0.837209302325581,0.776119402985075,0.645569620253165,0.698412698412698,0,0.827586206896552,0.804123711340206,0.802816901408451,0.72
"IG048",0.833333333333333,0.764705882352941,0.82258064516129,0.807692307692308,0.908045977011494,0.780487804878049,0.75,0.837837837837838,0.956521739130435,0.928571428571429,0.894736842105263,0.854838709677419,0.987341772151899,0.897959183673469,0.951456310679612,0.88135593220339,0.783783783783784,0.947368421052632,0.830769230769231,0.913793103448276,0.932203389830508,0.950617283950617,0.870588235294118,0.829268292682927,0.828571428571429,0.885245901639344,0.777777777777778,0.923076923076923,0.816666666666667,0.586206896551724,0.75,0.764705882352941,0.852459016393443,0.923809523809524,0.777777777777778,0.835294117647059,0.881720430107527,0.873563218390805,0.709677419354839,0.897435897435897,0.816326530612245,0.869565217391304,0.906976744186046,0.659090909090909,0.730769230769231,0.803571428571429,0.941176470588235,0.928571428571429,0.775,0.878048780487805,0.794871794871795,0.917355371900826,0.91588785046729,0.813559322033898,0.75,0.953846153846154,0.65625,0.81578947368421,0.770833333333333,0.743589743589744,0.886363636363636,0.787878787878788,0.804347826086956,0.948717948717949,0.742857142857143,0.90625,0.904761904761905,0.877777777777778,0.767441860465116,0.909090909090909,0.75,0.739130434782609,0.730769230769231,0.910112359550562,0.816326530612245,0.851063829787234,0.885416666666667,0.883720930232558,0.861702127659574,0.836065573770492,0.705882352941176,0.88235294117647,0.928,0.966666666666667,0.815384615384615,0.75,0.764705882352941,0.74468085106383,0.847457627118644,0.75,0.80952380952381,0.75,0.827586206896552,0,0.864864864864865,0.795454545454545,0.836363636363636
"IG049",0.885057471264368,0.819148936170213,0.712765957446808,0.791208791208791,0.675925925925926,0.759493670886076,0.810810810810811,0.802631578947368,0.928571428571429,0.945945945945946,0.970149253731343,0.706521739130435,0.959349593495935,0.869565217391304,0.901408450704225,0.871287128712871,0.905882352941176,0.792452830188679,0.796116504854369,0.86734693877551,0.922330097087379,0.863247863247863,0.714285714285714,0.814814814814815,0.873417721518987,0.752688172043011,0.74390243902439,0.902439024390244,0.734042553191489,0.828947368421053,0.86046511627907,0.84375,0.757894736842105,0.833333333333333,0.789473684210526,0.795081967213115,0.803149606299213,0.730434782608696,0.842105263157895,0.723809523809524,0.835164835164835,0.752475247524752,0.956043956043956,0.811111111111111,0.747252747252747,0.861386138613861,0.904761904761905,0.813186813186813,0.817073170731707,0.794871794871795,0.869047619047619,0.721428571428571,0.748091603053435,0.64367816091954,0.8,0.752688172043011,0.802631578947368,0.851851851851852,0.83695652173913,0.772151898734177,0.802469135802469,0.842105263157895,0.773809523809524,0.977011494252874,0.878048780487805,0.863013698630137,0.90625,0.747899159663866,0.877777777777778,0.909090909090909,0.819277108433735,0.915492957746479,0.747252747252747,0.705357142857143,0.781609195402299,0.621621621621622,0.798449612403101,0.843373493975904,0.76984126984127,0.734042553191489,0.805194805194805,0.938271604938272,0.794701986754967,0.910891089108911,0.798076923076923,0.727272727272727,0.8,0.755813953488372,0.711111111111111,0.759493670886076,0.757575757575757,0.833333333333333,0.804123711340206,0.864864864864865,0,0.825581395348837,0.795698924731183
"IG112",0.862068965517241,0.75,0.783783783783784,0.725806451612903,0.868686868686869,0.781818181818182,0.760869565217391,0.846153846153846,0.927710843373494,0.853658536585366,0.914285714285714,0.871794871794872,0.945652173913044,0.893805309734513,0.922413793103448,0.847222222222222,0.892857142857143,0.817073170731707,0.743243243243243,0.873239436619718,0.918918918918919,0.866666666666667,0.797872340425532,0.796296296296296,0.739130434782609,0.866666666666667,0.758620689655172,0.865384615384615,0.742857142857143,0.816326530612245,0.781818181818182,0.769230769230769,0.84,0.807339449541284,0.803921568627451,0.84,0.777777777777778,0.763440860215054,0.86,0.816091954022989,0.880597014925373,0.88235294117647,0.967741935483871,0.793650793650794,0.723076923076923,0.833333333333333,0.83695652173913,0.796875,0.8,0.6875,0.792452830188679,0.852713178294574,0.801801801801802,0.774647887323944,0.777777777777778,0.802816901408451,0.666666666666667,0.680851063829787,0.733333333333333,0.754716981132076,0.88135593220339,0.86,0.8,0.945454545454545,0.849056603773585,0.916666666666667,0.876288659793814,0.783505154639175,0.771929824561403,0.767441860465116,0.824561403508772,0.904761904761905,0.830985915492958,0.836734693877551,0.828125,0.816666666666667,0.830188679245283,0.879310344827586,0.819047619047619,0.72463768115942,0.729166666666667,0.942307692307692,0.864661654135338,0.902777777777778,0.810126582278481,0.781818181818182,0.717391304347826,0.754098360655738,0.768115942028985,0.759259259259259,0.756756756756757,0.711538461538462,0.802816901408451,0.795454545454545,0.825581395348837,0,0.672131147540984
"IG066",0.9,0.818181818181818,0.797619047619048,0.714285714285714,0.850467289719626,0.8,0.807017543859649,0.854838709677419,0.91304347826087,0.925925925925926,0.934782608695652,0.875,0.930693069306931,0.857142857142857,0.866666666666667,0.825,0.876923076923077,0.758620689655172,0.666666666666667,0.890243902439024,0.916666666666667,0.78494623655914,0.721649484536083,0.830769230769231,0.745454545454545,0.769230769230769,0.830985915492958,0.833333333333333,0.792682926829268,0.830508474576271,0.835820895522388,0.77027027027027,0.675675675675676,0.78448275862069,0.857142857142857,0.813084112149533,0.766355140186916,0.645161290322581,0.827586206896552,0.8,0.938271604938272,0.88421052631579,0.972602739726027,0.757142857142857,0.746666666666667,0.82716049382716,0.831683168316832,0.794520547945205,0.850746268656717,0.786885245901639,0.80952380952381,0.786259541984733,0.747826086956522,0.775,0.777777777777778,0.736842105263158,0.754385964912281,0.672727272727273,0.791666666666667,0.694915254237288,0.9,0.785714285714286,0.814285714285714,0.970149253731343,0.8,0.894736842105263,0.878504672897196,0.747572815533981,0.693548387096774,0.836363636363636,0.869565217391304,0.944444444444444,0.763157894736842,0.80952380952381,0.753623188405797,0.861111111111111,0.826086956521739,0.898550724637681,0.805309734513274,0.697368421052632,0.779661016949152,0.96875,0.724409448818898,0.91566265060241,0.793103448275862,0.818181818181818,0.653846153846154,0.681818181818182,0.72,0.818181818181818,0.662337662337662,0.721311475409836,0.72,0.836363636363636,0.795698924731183,0.672131147540984,0
